order_id,pincode,category,customer_past_rto_count,pincode_historical_rto_rate,category_baseline_rto_rate,cart_value_category_std_dev,item_quantity_anomaly_score,is_night_order,phone_order_velocity_7d,device_account_reuse_count,account_age_days,address_char_length,address_tfidf_ambiguity_score,hub_distance_km,is_cod_selected,is_novel_pincode,is_flash_sale_cart_value,is_rto
ORD_101_00000,PIN_053,Books,1,0.22857142857142856,0.01764705882352941,4.0,0.25,0,2,1,308,21,0.3561,88.87,0,0,0,0
ORD_101_00001,PIN_027,Apparel,0,0.1875,0.19776119402985073,-1.294,0.6,0,1,1,513,15,0.3681,45.43,1,0,0,0
ORD_101_00002,PIN_017,Home,0,0.24242424242424243,0.03017241379310345,-0.4777,0.25,0,3,2,188,42,0.399,38.44,0,0,0,0
ORD_101_00003,PIN_067,Apparel,0,0.19444444444444445,0.19776119402985073,-0.8549,0.2,0,1,1,105,73,0.3692,121.06,1,0,0,0
ORD_101_00004,PIN_074,Electronics,1,0.23076923076923078,0.5535911602209945,-1.6071,3.3333,0,0,1,253,39,0.44,133.38,1,0,0,1
ORD_101_00005,PIN_056,Books,1,0.25,0.01764705882352941,2.0914,0.25,0,3,1,751,53,0.0206,115.74,0,0,0,0
ORD_101_00006,PIN_085,Beauty,0,0.25,0.02,4.0,0.1667,0,3,1,264,44,0.4861,154.37,0,0,0,0
ORD_101_00007,PIN_023,Apparel,0,0.1875,0.19776119402985073,4.0,0.2,0,3,1,65,54,0.1637,53.32,1,0,0,0
ORD_101_00008,PIN_082,Books,0,0.25,0.01764705882352941,1.5749,0.25,0,2,1,63,44,0.166,147.27,1,0,0,0
ORD_101_00009,PIN_044,Electronics,0,0.21428571428571427,0.5535911602209945,-1.2813,0.3333,0,1,1,131,44,0.4391,95.87,1,0,0,1
ORD_101_00010,PIN_001,Beauty,0,0.1282051282051282,0.02,0.0848,0.1667,0,2,1,250,29,0.4657,4.09,1,0,0,0
ORD_101_00011,PIN_072,Home,0,0.3548387096774194,0.03017241379310345,2.065,0.25,1,3,1,30,48,0.762,139.29,1,0,0,0
ORD_101_00012,PIN_003,Apparel,0,0.275,0.19776119402985073,-1.2172,0.2,0,2,1,472,38,0.0666,13.5,0,0,0,0
ORD_101_00013,PIN_021,Electronics,0,0.15151515151515152,0.5535911602209945,-1.4403,0.3333,0,3,2,542,45,0.3863,39.31,1,0,0,1
ORD_101_00014,PIN_024,Beauty,1,0.26666666666666666,0.02,-0.4056,0.1667,1,0,1,80,55,0.3248,41.28,0,0,0,0
ORD_101_00015,PIN_038,Apparel,0,0.14634146341463414,0.19776119402985073,4.0,0.2,0,1,1,169,39,0.5611,72.9,1,0,0,0
ORD_101_00016,PIN_059,Apparel,0,0.21739130434782608,0.19776119402985073,-1.4751,0.2,0,3,1,241,31,0.5363,110.08,1,0,0,1
ORD_101_00017,PIN_009,Apparel,1,0.23684210526315788,0.19776119402985073,-0.2094,0.4,0,5,1,1312,26,0.2664,27.52,0,0,0,0
ORD_101_00018,PIN_011,Home,1,0.10810810810810811,0.03017241379310345,1.5234,0.25,0,4,1,57,58,0.2535,37.95,1,0,0,0
ORD_101_00019,PIN_070,Apparel,0,0.2682926829268293,0.19776119402985073,0.5252,0.2,1,2,1,29,61,0.232,127.3,0,0,0,0
ORD_101_00020,PIN_035,Apparel,0,0.05714285714285714,0.19776119402985073,-1.4732,0.2,0,3,1,88,51,0.387,69.62,0,0,0,0
ORD_101_00021,PIN_009,Apparel,6,0.23684210526315788,0.19776119402985073,-0.8569,0.2,0,3,1,255,66,0.351,28.64,1,0,0,1
ORD_101_00022,PIN_080,Electronics,0,0.32,0.5535911602209945,-0.7526,0.3333,0,1,1,84,46,0.1198,152.18,1,0,0,0
ORD_101_00023,PIN_078,Electronics,0,0.2647058823529412,0.5535911602209945,-1.3845,0.3333,0,2,1,254,28,0.4353,152.58,1,0,0,1
ORD_101_00024,PIN_050,Beauty,0,0.375,0.02,-0.6339,0.1667,0,2,1,384,32,0.16,88.47,0,0,0,0
ORD_101_00025,PIN_050,Beauty,0,0.375,0.02,3.9735,0.1667,0,2,2,336,13,0.2388,82.09,0,0,0,0
ORD_101_00026,PIN_021,Home,0,0.15151515151515152,0.03017241379310345,2.2129,0.25,0,0,1,98,27,0.2533,38.37,1,0,0,0
ORD_101_00027,PIN_055,Apparel,0,0.19047619047619047,0.19776119402985073,1.2081,0.8,0,2,1,237,49,0.4787,105.27,1,0,0,0
ORD_101_00028,PIN_028,Books,0,0.0625,0.01764705882352941,-0.4041,0.5,0,1,1,350,53,0.1469,46.78,0,0,0,0
ORD_101_00029,PIN_041,Beauty,0,0.21875,0.02,4.0,0.1667,0,3,1,345,57,0.0964,84.52,1,0,0,0
ORD_101_00030,PIN_089,Electronics,0,0.3888888888888889,0.5535911602209945,-1.8967,0.6667,1,1,1,286,64,0.5068,165.87,1,0,0,1
ORD_101_00031,PIN_056,Apparel,0,0.25,0.19776119402985073,2.4535,0.2,0,4,1,20,50,0.2324,99.24,1,0,0,0
ORD_101_00032,PIN_031,Books,0,0.1875,0.01764705882352941,4.0,0.25,0,1,1,427,70,0.2763,64.9,1,0,0,0
ORD_101_00033,PIN_056,Home,0,0.25,0.03017241379310345,-1.784,0.25,1,2,1,140,33,0.1964,96.94,1,0,0,0
ORD_101_00034,PIN_010,Apparel,0,0.24444444444444444,0.19776119402985073,1.322,0.8,0,1,1,893,41,0.1365,20.45,1,0,0,0
ORD_101_00035,PIN_041,Apparel,0,0.21875,0.19776119402985073,-1.4098,0.2,1,2,1,598,49,0.2407,69.79,0,0,0,0
ORD_101_00036,PIN_065,Apparel,0,0.2619047619047619,0.19776119402985073,2.9206,0.2,0,2,1,132,50,0.1126,118.02,1,0,0,0
ORD_101_00037,PIN_067,Books,0,0.19444444444444445,0.01764705882352941,0.0211,0.25,0,4,1,72,39,0.6208,135.3,0,0,0,0
ORD_101_00038,PIN_064,Home,0,0.13157894736842105,0.03017241379310345,-1.7735,0.25,0,2,2,43,75,0.2813,129.78,1,0,0,0
ORD_101_00039,PIN_002,Apparel,0,0.15,0.19776119402985073,1.4432,0.2,1,0,1,71,54,0.0198,7.89,1,0,0,0
ORD_101_00040,PIN_087,Apparel,1,0.23333333333333334,0.19776119402985073,4.0,0.2,0,3,1,99,48,0.1578,142.92,1,0,0,1
ORD_101_00041,PIN_077,Electronics,0,0.358974358974359,0.5535911602209945,-1.8393,0.3333,1,2,2,367,27,0.5984,136.65,0,0,0,0
ORD_101_00042,PIN_054,Apparel,1,0.34782608695652173,0.19776119402985073,-0.8492,0.2,1,2,1,78,36,0.1396,106.13,0,0,0,0
ORD_101_00043,PIN_023,Electronics,1,0.1875,0.5535911602209945,-1.1588,1.0,0,2,1,91,63,0.1733,59.74,0,0,0,0
ORD_101_00044,PIN_083,Electronics,1,0.3404255319148936,0.5535911602209945,-1.7973,0.3333,1,2,1,151,47,0.1466,148.88,0,0,0,0
ORD_101_00045,PIN_030,Electronics,0,0.09090909090909091,0.5535911602209945,-0.0794,1.0,0,1,1,12,30,0.6205,69.35,1,0,0,1
ORD_101_00046,PIN_078,Electronics,0,0.2647058823529412,0.5535911602209945,-1.8655,0.3333,0,2,1,86,34,0.4723,150.94,0,0,0,0
ORD_101_00047,PIN_004,Home,0,0.21212121212121213,0.03017241379310345,0.7251,0.25,1,0,1,167,50,0.4717,11.22,1,0,0,0
ORD_101_00048,PIN_061,Electronics,0,0.45454545454545453,0.5535911602209945,-0.0437,0.3333,0,1,1,106,42,0.538,111.81,1,0,0,1
ORD_101_00049,PIN_002,Apparel,0,0.15,0.19776119402985073,-0.8101,0.2,0,6,1,542,54,0.4339,5.31,0,0,0,0
ORD_101_00050,PIN_038,Apparel,0,0.14634146341463414,0.19776119402985073,-0.9082,0.2,0,2,1,457,50,0.3579,73.52,1,0,0,0
ORD_101_00051,PIN_018,Books,0,0.18421052631578946,0.01764705882352941,4.0,0.25,0,6,1,83,63,0.1807,56.35,1,0,0,0
ORD_101_00052,PIN_019,Apparel,0,0.13513513513513514,0.19776119402985073,-0.2719,0.8,0,3,1,424,33,0.4229,61.5,0,0,0,0
ORD_101_00053,PIN_062,Home,0,0.4,0.03017241379310345,-0.6982,0.25,0,2,1,565,30,0.4386,104.36,0,0,0,0
ORD_101_00054,PIN_024,Electronics,1,0.26666666666666666,0.5535911602209945,-1.8693,2.3333,1,3,1,86,16,0.2435,44.98,1,0,0,1
ORD_101_00055,PIN_064,Apparel,0,0.13157894736842105,0.19776119402985073,-1.6181,0.2,0,5,1,137,57,0.4033,114.58,1,0,0,0
ORD_101_00056,PIN_001,Books,0,0.1282051282051282,0.01764705882352941,1.4505,0.25,0,5,1,85,50,0.3611,1.0,1,0,0,0
ORD_101_00057,PIN_023,Electronics,0,0.1875,0.5535911602209945,-1.7173,0.6667,0,3,1,209,49,0.2061,34.76,0,0,0,0
ORD_101_00058,PIN_054,Books,0,0.34782608695652173,0.01764705882352941,3.7581,0.25,0,2,1,363,46,0.1958,96.11,1,0,0,0
ORD_101_00059,PIN_071,Electronics,0,0.43243243243243246,0.5535911602209945,-1.0874,0.3333,0,1,1,101,38,0.2588,130.31,1,0,0,1
ORD_101_00060,PIN_059,Home,0,0.21739130434782608,0.03017241379310345,4.0,0.25,0,0,1,172,47,0.3179,112.02,0,0,0,0
ORD_101_00061,PIN_014,Electronics,0,0.20689655172413793,0.5535911602209945,-1.3939,0.3333,0,0,1,907,52,0.3032,35.86,0,0,0,0
ORD_101_00062,PIN_075,Electronics,0,0.26666666666666666,0.5535911602209945,-1.9181,0.6667,1,3,1,332,62,0.1086,133.26,1,0,0,0
ORD_101_00063,PIN_015,Electronics,0,0.1724137931034483,0.5535911602209945,-1.2844,1.0,0,2,1,71,55,0.1131,27.11,0,0,0,0
ORD_101_00064,PIN_077,Books,0,0.358974358974359,0.01764705882352941,4.0,0.25,0,2,2,511,37,0.1498,138.38,0,0,0,0
ORD_101_00065,PIN_040,Home,0,0.21428571428571427,0.03017241379310345,-1.0963,0.25,0,2,1,296,31,0.3705,80.85,1,0,0,0
ORD_101_00066,PIN_010,Home,0,0.24444444444444444,0.03017241379310345,3.4314,0.25,0,2,1,311,57,0.29,19.68,0,0,0,0
ORD_101_00067,PIN_044,Apparel,0,0.21428571428571427,0.19776119402985073,-0.5,2.0,0,1,1,131,72,0.41,75.09,1,0,0,0
ORD_101_00068,PIN_044,Electronics,1,0.21428571428571427,0.5535911602209945,-1.54,0.3333,0,1,1,87,37,0.2942,81.23,1,0,0,1
ORD_101_00069,PIN_014,Apparel,0,0.20689655172413793,0.19776119402985073,-1.4065,0.2,0,4,1,233,65,0.7086,33.22,1,0,0,1
ORD_101_00070,PIN_003,Apparel,0,0.275,0.19776119402985073,-0.1646,0.2,1,0,1,384,22,0.523,13.55,1,0,0,0
ORD_101_00071,PIN_002,Books,0,0.15,0.01764705882352941,4.0,0.5,0,3,1,49,41,0.1607,9.45,1,0,0,0
ORD_101_00072,PIN_032,Apparel,0,0.11538461538461539,0.19776119402985073,1.9885,0.4,0,1,1,670,59,0.2662,64.73,0,0,0,0
ORD_101_00073,PIN_002,Home,1,0.15,0.03017241379310345,0.3549,0.25,0,3,1,627,44,0.3656,23.61,0,0,0,0
ORD_101_00074,PIN_025,Apparel,0,0.21052631578947367,0.19776119402985073,-1.1551,0.2,0,4,1,194,35,0.4972,47.64,1,0,0,0
ORD_101_00075,PIN_065,Books,0,0.2619047619047619,0.01764705882352941,4.0,0.25,0,2,1,39,55,0.5587,128.79,1,0,0,0
ORD_101_00076,PIN_057,Beauty,0,0.25,0.02,4.0,0.1667,0,0,1,983,57,0.3136,116.14,1,0,0,0
ORD_101_00077,PIN_082,Books,0,0.25,0.01764705882352941,4.0,0.5,0,0,1,134,68,0.0833,136.13,0,0,0,0
ORD_101_00078,PIN_058,Electronics,1,0.28125,0.5535911602209945,-1.7876,0.3333,1,1,1,273,49,0.4957,102.11,1,0,0,1
ORD_101_00079,PIN_002,Beauty,0,0.15,0.02,3.6362,0.1667,1,3,1,649,39,0.4724,17.65,1,0,0,0
ORD_101_00080,PIN_017,Apparel,0,0.24242424242424243,0.19776119402985073,3.1771,0.2,0,3,2,78,68,0.5177,45.12,1,0,0,1
ORD_101_00081,PIN_030,Apparel,0,0.09090909090909091,0.19776119402985073,-1.2151,0.2,0,1,1,218,55,0.1399,60.12,1,0,0,0
ORD_101_00082,PIN_071,Apparel,0,0.43243243243243246,0.19776119402985073,4.0,0.6,1,2,1,309,48,0.2999,125.14,1,0,0,0
ORD_101_00083,PIN_026,Electronics,0,0.1891891891891892,0.5535911602209945,-1.8235,0.3333,0,2,1,111,58,0.2533,64.25,1,0,0,0
ORD_101_00084,PIN_083,Beauty,0,0.3404255319148936,0.02,-1.2318,0.1667,1,1,1,212,46,0.3237,146.24,1,0,0,0
ORD_101_00085,PIN_081,Apparel,0,0.375,0.19776119402985073,2.5274,0.4,0,4,1,248,18,0.6993,149.04,1,0,0,1
ORD_101_00086,PIN_080,Electronics,1,0.32,0.5535911602209945,-1.6795,0.3333,1,4,3,186,24,0.2722,154.26,1,0,0,1
ORD_101_00087,PIN_079,Home,0,0.2571428571428571,0.03017241379310345,1.0275,0.25,0,4,1,339,69,0.4996,131.03,1,0,0,0
ORD_101_00088,PIN_024,Electronics,0,0.26666666666666666,0.5535911602209945,-0.5916,0.3333,0,4,1,592,36,0.5411,57.32,1,0,0,1
ORD_101_00089,PIN_003,Apparel,0,0.275,0.19776119402985073,2.2587,0.2,0,1,1,253,47,0.4119,9.15,1,0,0,0
ORD_101_00090,PIN_020,Home,0,0.2413793103448276,0.03017241379310345,-0.1802,0.5,0,4,2,329,60,0.1105,50.33,1,0,0,0
ORD_101_00091,PIN_080,Apparel,0,0.32,0.19776119402985073,4.0,0.4,0,4,1,193,38,0.2756,139.81,0,0,0,0
ORD_101_00092,PIN_049,Electronics,0,0.23333333333333334,0.5535911602209945,-1.2367,0.3333,0,3,1,201,53,0.2613,90.62,1,0,0,0
ORD_101_00093,PIN_056,Apparel,0,0.25,0.19776119402985073,-1.1414,0.2,0,1,1,181,77,0.1537,106.73,1,0,0,0
ORD_101_00094,PIN_005,Apparel,0,0.06666666666666667,0.19776119402985073,-1.1824,0.2,0,2,2,507,60,0.426,23.43,1,0,0,0
ORD_101_00095,PIN_013,Apparel,0,0.16666666666666666,0.19776119402985073,3.3427,0.2,0,3,1,812,49,0.1767,42.28,0,0,0,0
ORD_101_00096,PIN_057,Electronics,0,0.25,0.5535911602209945,-1.3081,0.6667,0,1,1,332,20,0.0983,118.7,0,0,0,0
ORD_101_00097,PIN_053,Electronics,0,0.22857142857142856,0.5535911602209945,-1.8756,2.0,0,3,1,102,34,0.0152,102.35,0,0,0,0
ORD_101_00098,PIN_024,Books,0,0.26666666666666666,0.01764705882352941,4.0,0.25,0,2,1,106,38,0.4048,54.36,1,0,0,0
ORD_101_00099,PIN_018,Apparel,0,0.18421052631578946,0.19776119402985073,-1.6328,0.2,0,0,1,159,44,0.1808,34.67,1,0,0,0
ORD_101_00100,PIN_003,Apparel,1,0.275,0.19776119402985073,-0.5898,0.2,0,2,1,60,16,0.4965,5.79,1,0,0,1
ORD_101_00101,PIN_044,Home,0,0.21428571428571427,0.03017241379310345,-1.4813,0.5,0,2,1,112,38,0.0916,85.78,0,0,0,0
ORD_101_00102,PIN_048,Apparel,0,0.21621621621621623,0.19776119402985073,0.6871,0.2,0,4,1,992,33,0.4862,84.93,0,0,0,0
ORD_101_00103,PIN_038,Electronics,0,0.14634146341463414,0.5535911602209945,-1.6676,0.6667,1,6,1,184,50,0.0411,64.57,1,0,0,0
ORD_101_00104,PIN_012,Apparel,0,0.2571428571428571,0.19776119402985073,-0.0719,0.2,0,1,1,632,48,0.3402,31.48,1,0,0,0
ORD_101_00105,PIN_075,Apparel,0,0.26666666666666666,0.19776119402985073,3.9706,0.2,0,4,1,311,37,0.0668,146.92,0,0,0,0
ORD_101_00106,PIN_067,Apparel,0,0.19444444444444445,0.19776119402985073,0.3664,0.2,0,4,1,116,33,0.4358,117.85,1,0,0,1
ORD_101_00107,PIN_039,Electronics,0,0.2647058823529412,0.5535911602209945,-1.4474,0.3333,1,2,1,5,43,0.645,76.73,1,0,0,1
ORD_101_00108,PIN_009,Apparel,0,0.23684210526315788,0.19776119402985073,-0.6795,0.4,0,3,1,268,60,0.337,28.11,1,0,0,0
ORD_101_00109,PIN_065,Electronics,1,0.2619047619047619,0.5535911602209945,-1.3116,0.3333,1,3,1,63,52,0.1088,125.96,1,0,0,1
ORD_101_00110,PIN_029,Books,0,0.16666666666666666,0.01764705882352941,4.0,0.5,0,1,1,78,42,0.1797,65.65,1,0,0,0
ORD_101_00111,PIN_067,Apparel,0,0.19444444444444445,0.19776119402985073,-0.0375,0.2,0,1,1,772,60,0.1896,115.97,1,0,0,0
ORD_101_00112,PIN_027,Home,0,0.1875,0.03017241379310345,-0.7926,0.25,0,4,1,110,35,0.6407,62.0,1,0,0,0
ORD_101_00113,PIN_047,Apparel,0,0.2727272727272727,0.19776119402985073,4.0,0.2,0,3,1,362,88,0.246,104.77,1,0,0,0
ORD_101_00114,PIN_016,Apparel,0,0.20930232558139536,0.19776119402985073,1.9455,0.2,0,2,1,463,36,0.0701,47.35,1,0,0,0
ORD_101_00115,PIN_057,Apparel,1,0.25,0.19776119402985073,-0.2048,0.2,1,3,1,532,34,0.2974,111.85,1,0,0,1
ORD_101_00116,PIN_036,Electronics,0,0.3,0.5535911602209945,-1.3532,0.3333,0,1,1,924,45,0.2676,83.13,0,0,0,0
ORD_101_00117,PIN_076,Home,0,0.4117647058823529,0.03017241379310345,-1.7893,0.25,1,3,1,426,46,0.1673,134.78,1,0,0,0
ORD_101_00118,PIN_052,Electronics,0,0.2571428571428571,0.5535911602209945,-1.3876,0.3333,1,4,1,74,51,0.3446,102.3,1,0,0,1
ORD_101_00119,PIN_023,Electronics,0,0.1875,0.5535911602209945,-1.2822,0.3333,1,3,2,166,34,0.3506,41.61,1,0,0,1
ORD_101_00120,PIN_053,Books,0,0.22857142857142856,0.01764705882352941,-0.1566,0.25,0,2,1,385,61,0.7224,90.83,0,0,0,0
ORD_101_00121,PIN_033,Apparel,0,0.15151515151515152,0.19776119402985073,4.0,0.2,0,3,1,183,47,0.1227,55.24,1,0,0,0
ORD_101_00122,PIN_052,Apparel,0,0.2571428571428571,0.19776119402985073,4.0,0.4,0,0,1,191,39,0.0804,107.44,0,0,0,0
ORD_101_00123,PIN_050,Home,0,0.375,0.03017241379310345,-1.1972,1.0,0,0,1,312,25,0.1001,103.45,1,0,0,0
ORD_101_00124,PIN_081,Electronics,0,0.375,0.5535911602209945,-1.329,0.3333,1,3,1,590,62,0.1101,164.35,1,0,0,0
ORD_101_00125,PIN_012,Apparel,0,0.2571428571428571,0.19776119402985073,-0.7323,0.2,0,3,2,108,29,0.2335,28.42,1,0,0,0
ORD_101_00126,PIN_071,Apparel,0,0.43243243243243246,0.19776119402985073,1.5804,0.2,0,2,2,722,46,0.4465,116.21,0,0,0,0
ORD_101_00127,PIN_036,Home,0,0.3,0.03017241379310345,-0.8669,0.25,0,2,1,67,55,0.0592,74.62,1,0,0,0
ORD_101_00128,PIN_050,Electronics,0,0.375,0.5535911602209945,-1.5531,0.3333,0,2,1,401,52,0.3816,92.5,1,0,0,0
ORD_101_00129,PIN_005,Apparel,0,0.06666666666666667,0.19776119402985073,-1.0891,0.2,0,4,1,188,55,0.1631,31.84,1,0,0,0
ORD_101_00130,PIN_055,Books,0,0.19047619047619047,0.01764705882352941,4.0,0.5,0,2,1,473,48,0.4697,105.51,0,0,0,0
ORD_101_00131,PIN_037,Apparel,0,0.21875,0.19776119402985073,-0.096,0.2,0,3,1,254,33,0.6295,64.04,1,0,0,1
ORD_101_00132,PIN_023,Apparel,0,0.1875,0.19776119402985073,-1.2523,0.4,0,1,1,89,74,0.0686,36.88,1,0,0,0
ORD_101_00133,PIN_066,Electronics,1,0.34210526315789475,0.5535911602209945,-1.1708,0.3333,1,0,1,467,54,0.1693,112.55,0,0,0,0
ORD_101_00134,PIN_012,Electronics,0,0.2571428571428571,0.5535911602209945,0.3304,0.3333,0,4,2,35,54,0.3685,43.45,0,0,0,0
ORD_101_00135,PIN_035,Books,0,0.05714285714285714,0.01764705882352941,2.1033,0.25,0,4,1,52,39,0.1138,76.75,0,0,0,0
ORD_101_00136,PIN_083,Books,0,0.3404255319148936,0.01764705882352941,-0.0562,0.25,0,2,1,348,46,0.095,142.13,1,0,0,0
ORD_101_00137,PIN_052,Books,0,0.2571428571428571,0.01764705882352941,4.0,0.25,1,3,2,732,50,0.5716,92.14,1,0,0,0
ORD_101_00138,PIN_029,Apparel,0,0.16666666666666666,0.19776119402985073,2.6027,0.2,0,4,1,334,43,0.1199,66.18,1,0,0,0
ORD_101_00139,PIN_005,Apparel,1,0.06666666666666667,0.19776119402985073,3.1086,0.2,1,3,1,133,51,0.2029,8.2,1,0,0,0
ORD_101_00140,PIN_066,Electronics,0,0.34210526315789475,0.5535911602209945,-1.7892,0.3333,0,5,1,205,55,0.1331,126.27,0,0,0,0
ORD_101_00141,PIN_057,Beauty,0,0.25,0.02,4.0,0.1667,1,2,1,81,53,0.4447,103.19,0,0,0,0
ORD_101_00142,PIN_031,Apparel,1,0.1875,0.19776119402985073,-0.1713,0.6,0,1,1,87,71,0.47,67.95,0,0,0,0
ORD_101_00143,PIN_067,Electronics,0,0.19444444444444445,0.5535911602209945,-1.4378,0.3333,0,1,1,132,65,0.1943,129.12,0,0,0,0
ORD_101_00144,PIN_012,Electronics,2,0.2571428571428571,0.5535911602209945,-1.674,0.3333,0,2,1,294,49,0.4391,19.33,1,0,0,1
ORD_101_00145,PIN_071,Apparel,0,0.43243243243243246,0.19776119402985073,-0.5829,0.2,0,3,1,126,42,0.1961,145.22,1,0,0,0
ORD_101_00146,PIN_089,Home,0,0.3888888888888889,0.03017241379310345,0.7601,0.25,0,2,1,1194,49,0.6184,152.77,1,0,0,0
ORD_101_00147,PIN_048,Home,0,0.21621621621621623,0.03017241379310345,-0.6873,0.25,0,1,1,158,18,0.0672,96.71,0,0,0,0
ORD_101_00148,PIN_045,Electronics,1,0.2777777777777778,0.5535911602209945,-0.224,0.3333,1,3,1,729,54,0.0981,103.98,1,0,0,0
ORD_101_00149,PIN_022,Books,0,0.15384615384615385,0.01764705882352941,4.0,0.25,0,1,1,68,44,0.1135,61.62,1,0,0,0
ORD_101_00150,PIN_039,Home,0,0.2647058823529412,0.03017241379310345,-1.7669,0.25,0,3,1,343,43,0.3538,82.94,0,0,0,0
ORD_101_00151,PIN_060,Beauty,1,0.25806451612903225,0.02,-1.2045,0.1667,0,3,1,365,27,0.1731,94.25,0,0,0,0
ORD_101_00152,PIN_006,Electronics,0,0.23529411764705882,0.5535911602209945,-1.466,0.3333,0,2,1,1351,66,0.284,24.09,0,0,0,0
ORD_101_00153,PIN_033,Electronics,0,0.15151515151515152,0.5535911602209945,-1.8537,0.3333,1,2,1,194,32,0.306,61.64,0,0,0,0
ORD_101_00154,PIN_020,Home,1,0.2413793103448276,0.03017241379310345,-1.3841,0.5,1,3,1,335,66,0.0814,33.82,0,0,0,0
ORD_101_00155,PIN_001,Books,1,0.1282051282051282,0.01764705882352941,3.0604,0.25,0,3,1,436,45,0.3618,16.86,0,0,0,0
ORD_101_00156,PIN_059,Apparel,0,0.21739130434782608,0.19776119402985073,4.0,0.2,0,3,1,356,63,0.1617,99.41,0,0,0,0
ORD_101_00157,PIN_077,Electronics,0,0.358974358974359,0.5535911602209945,-0.8373,0.3333,0,0,1,218,48,0.3595,132.68,1,0,0,0
ORD_101_00158,PIN_016,Apparel,0,0.20930232558139536,0.19776119402985073,0.4404,0.2,0,2,1,49,50,0.3191,25.68,1,0,0,0
ORD_101_00159,PIN_086,Beauty,0,0.3783783783783784,0.02,3.4237,0.1667,0,1,1,24,55,0.1208,165.14,0,0,0,0
ORD_101_00160,PIN_057,Beauty,0,0.25,0.02,2.0785,0.1667,0,6,1,161,51,0.546,122.99,0,0,0,0
ORD_101_00161,PIN_021,Electronics,0,0.15151515151515152,0.5535911602209945,-1.0453,0.3333,1,0,1,45,44,0.2352,51.81,0,0,0,0
ORD_101_00162,PIN_087,Electronics,0,0.23333333333333334,0.5535911602209945,0.3134,0.3333,0,5,1,177,53,0.3662,156.87,0,0,0,0
ORD_101_00163,PIN_002,Apparel,1,0.15,0.19776119402985073,0.9867,0.4,0,4,1,331,44,0.4481,13.27,0,0,0,0
ORD_101_00164,PIN_072,Apparel,0,0.3548387096774194,0.19776119402985073,-1.3837,0.2,0,5,1,342,41,0.5128,131.92,1,0,0,1
ORD_101_00165,PIN_068,Beauty,1,0.225,0.02,4.0,0.1667,0,2,1,61,50,0.1114,116.69,1,0,0,0
ORD_101_00166,PIN_070,Apparel,0,0.2682926829268293,0.19776119402985073,4.0,2.0,0,2,1,679,43,0.1233,135.48,1,0,0,0
ORD_101_00167,PIN_085,Electronics,0,0.25,0.5535911602209945,-1.5925,0.3333,0,0,1,580,37,0.1556,160.9,1,0,0,0
ORD_101_00168,PIN_020,Apparel,0,0.2413793103448276,0.19776119402985073,0.7811,0.2,1,4,1,253,53,0.3332,37.84,1,0,0,0
ORD_101_00169,PIN_083,Electronics,0,0.3404255319148936,0.5535911602209945,-1.6827,0.3333,0,4,1,239,68,0.2154,152.59,1,0,0,0
ORD_101_00170,PIN_061,Home,0,0.45454545454545453,0.03017241379310345,1.9134,0.25,1,4,1,273,53,0.4154,106.3,0,0,0,0
ORD_101_00171,PIN_046,Books,0,0.23529411764705882,0.01764705882352941,4.0,0.75,0,1,4,117,35,0.5997,103.18,0,0,0,0
ORD_101_00172,PIN_088,Apparel,2,0.29411764705882354,0.19776119402985073,-1.5773,0.2,0,4,1,5,40,0.083,159.25,1,0,0,1
ORD_101_00173,PIN_036,Electronics,0,0.3,0.5535911602209945,-1.7677,1.0,0,5,1,280,22,0.3473,77.03,0,0,0,0
ORD_101_00174,PIN_077,Beauty,0,0.358974358974359,0.02,4.0,0.1667,0,1,1,37,43,0.2446,135.24,0,0,0,0
ORD_101_00175,PIN_088,Apparel,0,0.29411764705882354,0.19776119402985073,3.0505,0.2,0,1,1,391,30,0.4062,161.84,0,0,0,0
ORD_101_00176,PIN_077,Electronics,2,0.358974358974359,0.5535911602209945,-1.5655,0.3333,0,2,1,194,57,0.3011,136.32,0,0,0,0
ORD_101_00177,PIN_062,Electronics,0,0.4,0.5535911602209945,-1.7525,0.6667,0,4,1,65,46,0.5017,115.77,1,0,0,1
ORD_101_00178,PIN_071,Apparel,0,0.43243243243243246,0.19776119402985073,1.5917,1.2,0,3,1,472,48,0.0974,123.48,1,0,0,0
ORD_101_00179,PIN_009,Beauty,0,0.23684210526315788,0.02,4.0,0.1667,0,3,1,135,68,0.3138,35.07,1,0,0,0
ORD_101_00180,PIN_003,Electronics,0,0.275,0.5535911602209945,-1.1122,0.3333,0,0,1,807,42,0.5873,22.47,1,0,0,0
ORD_101_00181,PIN_046,Home,0,0.23529411764705882,0.03017241379310345,-0.4314,0.25,1,2,1,232,63,0.086,96.51,1,0,0,0
ORD_101_00182,PIN_032,Electronics,0,0.11538461538461539,0.5535911602209945,-1.6251,0.3333,0,1,1,531,41,0.1324,64.43,1,0,0,0
ORD_101_00183,PIN_054,Beauty,0,0.34782608695652173,0.02,3.1139,0.3333,0,5,2,193,61,0.1458,97.85,1,0,0,0
ORD_101_00184,PIN_031,Home,0,0.1875,0.03017241379310345,-1.0858,0.25,0,1,1,16,48,0.2126,53.7,0,0,0,0
ORD_101_00185,PIN_034,Electronics,0,0.22580645161290322,0.5535911602209945,-1.1038,0.3333,0,0,1,303,58,0.5221,67.79,1,0,0,0
ORD_101_00186,PIN_057,Electronics,1,0.25,0.5535911602209945,-1.843,0.3333,0,1,1,312,60,0.318,100.09,1,0,0,1
ORD_101_00187,PIN_037,Electronics,0,0.21875,0.5535911602209945,-1.8513,0.3333,0,0,1,563,61,0.6004,73.23,0,0,0,0
ORD_101_00188,PIN_081,Electronics,0,0.375,0.5535911602209945,-1.3575,0.3333,0,4,1,123,47,0.4934,151.76,0,0,0,0
ORD_101_00189,PIN_069,Apparel,0,0.25806451612903225,0.19776119402985073,1.2016,0.2,1,6,1,18,20,0.113,118.66,0,0,0,0
ORD_101_00190,PIN_011,Apparel,0,0.10810810810810811,0.19776119402985073,-1.3409,0.2,1,3,1,170,39,0.5576,32.2,0,0,0,0
ORD_101_00191,PIN_046,Apparel,0,0.23529411764705882,0.19776119402985073,-1.2812,0.4,0,2,1,82,55,0.4447,104.59,1,0,0,0
ORD_101_00192,PIN_027,Electronics,0,0.1875,0.5535911602209945,-1.6947,0.3333,1,3,1,247,60,0.4523,54.49,0,0,0,0
ORD_101_00193,PIN_024,Books,0,0.26666666666666666,0.01764705882352941,4.0,0.25,1,1,2,831,29,0.7126,47.11,1,0,0,0
ORD_101_00194,PIN_084,Electronics,2,0.28,0.5535911602209945,-0.6207,0.6667,0,3,1,22,25,0.0574,140.15,0,0,0,0
ORD_101_00195,PIN_013,Home,0,0.16666666666666666,0.03017241379310345,-1.6159,0.25,0,4,1,72,47,0.0894,47.13,0,0,0,0
ORD_101_00196,PIN_011,Apparel,0,0.10810810810810811,0.19776119402985073,0.8716,0.2,0,3,1,492,41,0.3768,37.43,0,0,0,0
ORD_101_00197,PIN_026,Books,0,0.1891891891891892,0.01764705882352941,4.0,0.25,0,3,1,23,76,0.1315,50.88,0,0,0,0
ORD_101_00198,PIN_034,Books,1,0.22580645161290322,0.01764705882352941,-0.8427,0.25,1,3,2,500,46,0.1016,70.03,1,0,0,0
ORD_101_00199,PIN_041,Apparel,0,0.21875,0.19776119402985073,-0.0381,0.2,0,3,1,9,56,0.2526,61.18,1,0,0,0
ORD_101_00200,PIN_057,Apparel,0,0.25,0.19776119402985073,-1.2202,0.2,1,1,1,2,46,0.1501,104.68,1,0,0,0
ORD_101_00201,PIN_002,Apparel,0,0.15,0.19776119402985073,4.0,0.2,0,1,1,163,24,0.1669,5.1,0,0,0,0
ORD_101_00202,PIN_039,Electronics,1,0.2647058823529412,0.5535911602209945,-1.8137,0.3333,0,5,1,107,49,0.284,81.14,1,0,0,1
ORD_101_00203,PIN_079,Home,0,0.2571428571428571,0.03017241379310345,-1.2926,0.5,1,2,1,22,42,0.4422,163.12,1,0,0,0
ORD_101_00204,PIN_082,Beauty,1,0.25,0.02,-0.9246,0.3333,0,1,1,297,28,0.0841,134.67,1,0,0,0
ORD_101_00205,PIN_080,Apparel,0,0.32,0.19776119402985073,4.0,0.2,0,6,1,46,57,0.329,150.6,1,0,0,1
ORD_101_00206,PIN_074,Books,0,0.23076923076923078,0.01764705882352941,4.0,1.5,0,3,1,417,25,0.2037,122.64,0,0,0,0
ORD_101_00207,PIN_037,Electronics,0,0.21875,0.5535911602209945,-1.5396,0.3333,0,2,1,109,58,0.2439,82.41,1,0,0,0
ORD_101_00208,PIN_009,Electronics,0,0.23684210526315788,0.5535911602209945,-1.2958,3.0,0,2,1,74,23,0.2437,31.69,1,0,0,0
ORD_101_00209,PIN_029,Books,0,0.16666666666666666,0.01764705882352941,4.0,0.25,1,3,1,32,36,0.4025,60.71,1,0,0,0
ORD_101_00210,PIN_078,Books,0,0.2647058823529412,0.01764705882352941,2.332,0.25,0,2,1,588,70,0.2403,138.63,0,0,0,0
ORD_101_00211,PIN_066,Apparel,1,0.34210526315789475,0.19776119402985073,2.6825,0.4,0,4,1,533,39,0.2679,116.63,0,0,0,0
ORD_101_00212,PIN_030,Apparel,1,0.09090909090909091,0.19776119402985073,-0.712,0.6,1,2,3,60,41,0.175,78.54,0,0,0,0
ORD_101_00213,PIN_052,Apparel,0,0.2571428571428571,0.19776119402985073,1.5426,0.2,0,4,1,1060,67,0.2167,84.82,1,0,0,0
ORD_101_00214,PIN_051,Electronics,2,0.375,0.5535911602209945,-1.4348,0.3333,0,2,1,396,27,0.4121,97.59,1,0,0,1
ORD_101_00215,PIN_010,Apparel,0,0.24444444444444444,0.19776119402985073,-0.2033,0.2,0,2,1,320,56,0.1889,31.22,1,0,0,0
ORD_101_00216,PIN_039,Books,0,0.2647058823529412,0.01764705882352941,0.2156,0.25,1,2,1,58,47,0.0882,76.04,1,0,0,0
ORD_101_00217,PIN_004,Apparel,0,0.21212121212121213,0.19776119402985073,2.0555,2.0,0,4,1,253,28,0.1682,14.42,1,0,0,0
ORD_101_00218,PIN_070,Beauty,0,0.2682926829268293,0.02,1.4027,0.1667,0,3,1,1029,52,0.2657,132.82,1,0,0,0
ORD_101_00219,PIN_073,Electronics,0,0.25,0.5535911602209945,-1.3204,0.3333,0,3,3,445,58,0.1464,141.7,1,0,0,1
ORD_101_00220,PIN_041,Home,2,0.21875,0.03017241379310345,0.2584,0.25,0,3,1,453,62,0.3873,99.01,1,0,0,0
ORD_101_00221,PIN_028,Apparel,0,0.0625,0.19776119402985073,1.9676,0.8,0,2,1,372,47,0.327,59.77,1,0,0,0
ORD_101_00222,PIN_024,Books,0,0.26666666666666666,0.01764705882352941,4.0,0.25,0,1,1,521,26,0.2882,46.26,1,0,0,0
ORD_101_00223,PIN_017,Apparel,0,0.24242424242424243,0.19776119402985073,3.9511,0.2,0,1,1,350,33,0.234,21.62,1,0,0,0
ORD_101_00224,PIN_034,Apparel,0,0.22580645161290322,0.19776119402985073,4.0,0.4,0,3,2,1066,15,0.4216,64.05,0,0,0,0
ORD_101_00225,PIN_061,Electronics,0,0.45454545454545453,0.5535911602209945,-0.0607,0.3333,0,2,1,263,14,0.1848,109.48,0,0,0,0
ORD_101_00226,PIN_012,Home,0,0.2571428571428571,0.03017241379310345,-0.7005,0.75,1,2,1,79,45,0.4918,36.99,0,0,0,0
ORD_101_00227,PIN_068,Electronics,0,0.225,0.5535911602209945,-1.921,0.3333,0,4,1,306,44,0.2596,122.79,0,0,0,0
ORD_101_00228,PIN_040,Home,0,0.21428571428571427,0.03017241379310345,-1.2336,0.5,0,3,1,580,38,0.4221,71.7,1,0,0,0
ORD_101_00229,PIN_058,Beauty,0,0.28125,0.02,-1.2547,0.1667,0,2,1,472,57,0.3752,109.85,1,0,0,0
ORD_101_00230,PIN_021,Electronics,0,0.15151515151515152,0.5535911602209945,-1.6575,0.3333,0,2,1,73,55,0.7968,50.85,1,0,0,1
ORD_101_00231,PIN_001,Apparel,3,0.1282051282051282,0.19776119402985073,-1.2582,0.2,1,1,1,274,36,0.0861,25.38,0,0,0,0
ORD_101_00232,PIN_064,Apparel,0,0.13157894736842105,0.19776119402985073,0.0741,0.2,0,2,1,74,92,0.1242,117.68,0,0,0,0
ORD_101_00233,PIN_058,Beauty,0,0.28125,0.02,-0.0891,0.6667,0,1,1,141,62,0.1802,110.26,0,0,0,0
ORD_101_00234,PIN_069,Electronics,1,0.25806451612903225,0.5535911602209945,-1.8417,3.3333,0,4,1,373,48,0.3473,119.25,0,0,0,0
ORD_101_00235,PIN_031,Books,0,0.1875,0.01764705882352941,4.0,0.5,0,0,1,176,21,0.136,76.47,1,0,0,0
ORD_101_00236,PIN_080,Electronics,0,0.32,0.5535911602209945,-0.2055,0.3333,0,1,2,279,18,0.1159,145.72,0,0,0,0
ORD_101_00237,PIN_022,Electronics,0,0.15384615384615385,0.5535911602209945,-1.3208,0.3333,0,4,1,107,41,0.5691,46.95,0,0,0,0
ORD_101_00238,PIN_011,Beauty,0,0.10810810810810811,0.02,0.9446,0.1667,0,1,2,190,67,0.2741,31.11,1,0,0,0
ORD_101_00239,PIN_070,Electronics,0,0.2682926829268293,0.5535911602209945,-0.8748,0.3333,1,3,1,49,25,0.5333,126.69,0,0,0,0
ORD_101_00240,PIN_073,Apparel,0,0.25,0.19776119402985073,-1.0991,0.2,0,4,1,181,33,0.095,138.32,0,0,0,0
ORD_101_00241,PIN_009,Apparel,1,0.23684210526315788,0.19776119402985073,-1.1062,0.4,0,1,1,161,65,0.2341,24.5,1,0,0,0
ORD_101_00242,PIN_043,Beauty,2,0.34615384615384615,0.02,0.3489,0.8333,1,2,1,13,46,0.1472,99.56,0,0,0,0
ORD_101_00243,PIN_047,Home,0,0.2727272727272727,0.03017241379310345,-1.1118,0.75,0,5,1,905,21,0.3594,79.83,1,0,0,0
ORD_101_00244,PIN_054,Books,0,0.34782608695652173,0.01764705882352941,4.0,0.5,0,2,1,58,43,0.3703,93.85,1,0,0,0
ORD_101_00245,PIN_051,Home,0,0.375,0.03017241379310345,1.5086,0.75,1,4,1,222,28,0.1707,100.66,1,0,0,0
ORD_101_00246,PIN_031,Apparel,0,0.1875,0.19776119402985073,4.0,0.2,0,1,1,104,43,0.2997,71.99,1,0,0,0
ORD_101_00247,PIN_048,Books,0,0.21621621621621623,0.01764705882352941,4.0,0.25,0,6,1,64,43,0.1006,83.0,0,0,0,0
ORD_101_00248,PIN_034,Electronics,0,0.22580645161290322,0.5535911602209945,-1.0367,0.6667,0,3,1,127,43,0.1284,57.65,0,0,0,0
ORD_101_00249,PIN_006,Home,0,0.23529411764705882,0.03017241379310345,-0.6412,0.25,0,0,1,1,61,0.1601,25.68,0,0,0,0
ORD_101_00250,PIN_055,Electronics,0,0.19047619047619047,0.5535911602209945,-1.5952,0.3333,0,1,1,1076,68,0.4593,102.47,1,0,0,0
ORD_101_00251,PIN_080,Electronics,0,0.32,0.5535911602209945,-1.7663,0.3333,0,3,1,209,43,0.2504,145.78,1,0,0,1
ORD_101_00252,PIN_047,Apparel,0,0.2727272727272727,0.19776119402985073,4.0,0.4,0,3,1,1317,39,0.31,86.24,1,0,0,0
ORD_101_00253,PIN_045,Apparel,0,0.2777777777777778,0.19776119402985073,-1.202,0.2,1,4,1,848,64,0.3696,87.59,1,0,0,0
ORD_101_00254,PIN_002,Electronics,0,0.15,0.5535911602209945,-1.5552,0.3333,1,1,1,324,45,0.2562,16.67,0,0,0,0
ORD_101_00255,PIN_004,Apparel,0,0.21212121212121213,0.19776119402985073,-1.6268,0.6,0,3,1,438,59,0.5201,18.82,0,0,0,0
ORD_101_00256,PIN_034,Apparel,0,0.22580645161290322,0.19776119402985073,4.0,0.4,1,2,1,573,22,0.4574,69.18,0,0,0,0
ORD_101_00257,PIN_057,Electronics,0,0.25,0.5535911602209945,-0.4487,0.3333,0,2,1,104,33,0.1866,104.08,1,0,0,0
ORD_101_00258,PIN_006,Apparel,0,0.23529411764705882,0.19776119402985073,-0.906,0.2,0,1,1,595,47,0.2394,27.94,0,0,0,0
ORD_101_00259,PIN_056,Home,0,0.25,0.03017241379310345,0.8708,0.25,0,3,1,200,52,0.2157,112.73,0,0,0,0
ORD_101_00260,PIN_013,Electronics,0,0.16666666666666666,0.5535911602209945,-1.2083,0.3333,0,2,1,49,62,0.1716,34.64,0,0,0,0
ORD_101_00261,PIN_054,Apparel,0,0.34782608695652173,0.19776119402985073,-1.4574,0.2,1,2,1,497,33,0.4911,112.26,1,0,0,0
ORD_101_00262,PIN_022,Electronics,0,0.15384615384615385,0.5535911602209945,-1.7805,0.3333,0,3,1,139,46,0.2189,33.74,1,0,0,0
ORD_101_00263,PIN_003,Electronics,1,0.275,0.5535911602209945,-1.3402,1.0,0,1,1,128,57,0.3113,9.71,0,0,0,0
ORD_101_00264,PIN_080,Electronics,1,0.32,0.5535911602209945,-0.8447,0.3333,0,1,2,203,25,0.1986,144.88,0,0,0,0
ORD_101_00265,PIN_053,Books,0,0.22857142857142856,0.01764705882352941,1.5961,0.25,0,0,1,0,61,0.1472,100.68,1,0,0,0
ORD_101_00266,PIN_090,Apparel,0,0.42424242424242425,0.19776119402985073,-1.6512,0.2,0,1,1,916,26,0.3787,156.29,1,0,0,0
ORD_101_00267,PIN_054,Apparel,0,0.34782608695652173,0.19776119402985073,-0.6542,0.2,0,0,1,271,78,0.5765,111.43,0,0,0,0
ORD_101_00268,PIN_025,Beauty,0,0.21052631578947367,0.02,3.0806,0.1667,0,3,1,110,18,0.1732,55.77,1,0,0,0
ORD_101_00269,PIN_044,Electronics,0,0.21428571428571427,0.5535911602209945,-1.628,0.3333,0,4,1,711,65,0.1005,86.64,1,0,0,0
ORD_101_00270,PIN_011,Electronics,0,0.10810810810810811,0.5535911602209945,-0.1147,0.3333,0,3,1,162,33,0.3959,31.39,1,0,0,1
ORD_101_00271,PIN_083,Electronics,0,0.3404255319148936,0.5535911602209945,-1.6148,0.3333,0,3,1,47,47,0.4378,151.43,1,0,0,1
ORD_101_00272,PIN_021,Electronics,0,0.15151515151515152,0.5535911602209945,0.1276,0.3333,0,3,1,106,48,0.0235,37.18,0,0,0,0
ORD_101_00273,PIN_010,Electronics,0,0.24444444444444444,0.5535911602209945,-1.8771,0.3333,0,2,1,598,25,0.2774,31.58,0,0,0,0
ORD_101_00274,PIN_052,Apparel,0,0.2571428571428571,0.19776119402985073,4.0,0.2,0,1,1,17,46,0.1599,102.79,0,0,0,0
ORD_101_00275,PIN_070,Home,0,0.2682926829268293,0.03017241379310345,0.0982,1.0,0,1,1,246,11,0.7338,125.78,1,0,0,0
ORD_101_00276,PIN_031,Apparel,0,0.1875,0.19776119402985073,-1.5001,0.2,1,2,1,122,26,0.1439,66.53,1,0,0,0
ORD_101_00277,PIN_064,Books,0,0.13157894736842105,0.01764705882352941,3.1414,0.25,0,4,1,146,54,0.4806,115.38,0,0,0,0
ORD_101_00278,PIN_059,Home,1,0.21739130434782608,0.03017241379310345,-1.3742,0.25,0,4,1,745,61,0.1093,104.88,1,0,0,0
ORD_101_00279,PIN_081,Books,0,0.375,0.01764705882352941,3.1035,0.5,0,3,1,699,39,0.2492,145.96,0,0,0,0
ORD_101_00280,PIN_033,Home,1,0.15151515151515152,0.03017241379310345,-1.6181,0.75,0,3,1,795,27,0.2573,63.26,1,0,0,0
ORD_101_00281,PIN_002,Apparel,1,0.15,0.19776119402985073,-0.0345,0.2,0,5,2,77,25,0.4443,1.0,1,0,0,1
ORD_101_00282,PIN_089,Electronics,0,0.3888888888888889,0.5535911602209945,-1.7387,2.6667,0,0,1,341,61,0.3795,159.14,1,0,0,0
ORD_101_00283,PIN_020,Electronics,1,0.2413793103448276,0.5535911602209945,-1.3921,0.3333,1,2,1,199,38,0.3006,54.47,0,0,0,0
ORD_101_00284,PIN_025,Apparel,0,0.21052631578947367,0.19776119402985073,1.286,0.2,1,1,1,586,47,0.0619,50.44,1,0,0,0
ORD_101_00285,PIN_031,Electronics,0,0.1875,0.5535911602209945,-1.1625,0.3333,0,1,1,146,61,0.3166,56.44,1,0,0,0
ORD_101_00286,PIN_046,Apparel,0,0.23529411764705882,0.19776119402985073,-1.5615,0.2,1,4,2,300,51,0.2642,88.3,1,0,0,0
ORD_101_00287,PIN_069,Electronics,1,0.25806451612903225,0.5535911602209945,-1.9124,0.3333,0,2,1,6,53,0.5922,133.61,0,0,0,0
ORD_101_00288,PIN_074,Apparel,0,0.23076923076923078,0.19776119402985073,1.0593,0.2,0,1,1,99,47,0.1366,136.05,1,0,0,0
ORD_101_00289,PIN_015,Apparel,1,0.1724137931034483,0.19776119402985073,-1.4362,0.2,0,4,1,66,45,0.1577,41.69,1,0,0,0
ORD_101_00290,PIN_016,Apparel,0,0.20930232558139536,0.19776119402985073,2.4971,0.2,0,3,1,224,34,0.3018,37.05,0,0,0,0
ORD_101_00291,PIN_060,Electronics,0,0.25806451612903225,0.5535911602209945,-1.8533,1.0,1,3,1,668,48,0.1087,113.93,0,0,0,0
ORD_101_00292,PIN_016,Home,0,0.20930232558139536,0.03017241379310345,-1.189,0.25,0,2,2,255,48,0.1933,48.45,0,0,0,0
ORD_101_00293,PIN_067,Home,0,0.19444444444444445,0.03017241379310345,0.7053,0.25,1,1,1,648,62,0.3968,137.82,0,0,0,0
ORD_101_00294,PIN_019,Apparel,0,0.13513513513513514,0.19776119402985073,4.0,0.4,0,3,1,552,22,0.2313,38.16,1,0,0,0
ORD_101_00295,PIN_069,Apparel,0,0.25806451612903225,0.19776119402985073,-1.3199,0.2,0,4,1,583,66,0.4685,136.8,1,0,0,0
ORD_101_00296,PIN_034,Home,0,0.22580645161290322,0.03017241379310345,-1.2267,0.25,0,4,1,98,39,0.0858,77.2,1,0,0,0
ORD_101_00297,PIN_007,Electronics,1,0.125,0.5535911602209945,-0.0969,1.0,0,3,1,8,58,0.1225,3.75,1,0,0,1
ORD_101_00298,PIN_032,Apparel,0,0.11538461538461539,0.19776119402985073,4.0,0.2,0,2,1,225,24,0.4533,76.6,1,0,0,0
ORD_101_00299,PIN_090,Apparel,0,0.42424242424242425,0.19776119402985073,4.0,0.2,0,0,1,506,49,0.3792,164.75,0,0,0,0
ORD_101_00300,PIN_064,Home,0,0.13157894736842105,0.03017241379310345,1.2556,0.25,1,5,1,502,34,0.4136,129.88,0,0,0,0
ORD_101_00301,PIN_042,Apparel,0,0.25,0.19776119402985073,1.6069,0.2,0,4,1,481,42,0.2302,97.77,1,0,0,0
ORD_101_00302,PIN_021,Apparel,0,0.15151515151515152,0.19776119402985073,2.7301,0.4,0,2,1,551,30,0.5424,48.9,1,0,0,0
ORD_101_00303,PIN_057,Electronics,0,0.25,0.5535911602209945,-1.799,0.3333,0,1,1,692,64,0.3149,120.68,0,0,0,0
ORD_101_00304,PIN_057,Apparel,2,0.25,0.19776119402985073,2.1543,0.2,0,2,1,258,60,0.3804,117.53,1,0,0,1
ORD_101_00305,PIN_086,Electronics,0,0.3783783783783784,0.5535911602209945,-1.7389,0.3333,0,1,2,54,31,0.2479,167.72,1,0,0,1
ORD_101_00306,PIN_058,Home,0,0.28125,0.03017241379310345,-1.7787,0.5,0,1,1,147,29,0.6077,108.81,1,0,0,0
ORD_101_00307,PIN_024,Home,0,0.26666666666666666,0.03017241379310345,2.1749,0.25,1,2,1,1162,43,0.2376,48.82,0,0,0,0
ORD_101_00308,PIN_006,Apparel,0,0.23529411764705882,0.19776119402985073,2.2981,0.4,0,1,1,8,48,0.0398,16.26,1,0,0,0
ORD_101_00309,PIN_033,Electronics,0,0.15151515151515152,0.5535911602209945,-1.844,0.3333,0,3,1,296,80,0.1489,60.06,1,0,0,0
ORD_101_00310,PIN_027,Apparel,0,0.1875,0.19776119402985073,4.0,0.6,0,2,1,415,47,0.1315,43.51,1,0,0,0
ORD_101_00311,PIN_034,Home,0,0.22580645161290322,0.03017241379310345,-0.8338,0.75,0,4,1,46,50,0.4279,53.99,1,0,0,0
ORD_101_00312,PIN_051,Apparel,0,0.375,0.19776119402985073,-0.9292,0.6,0,6,1,28,67,0.4882,102.76,1,0,0,1
ORD_101_00313,PIN_080,Electronics,0,0.32,0.5535911602209945,-1.1793,0.3333,0,3,1,95,47,0.6405,146.21,1,0,0,1
ORD_101_00314,PIN_050,Electronics,0,0.375,0.5535911602209945,-1.6501,0.3333,0,4,1,655,32,0.2875,94.07,0,0,0,0
ORD_101_00315,PIN_019,Apparel,0,0.13513513513513514,0.19776119402985073,1.8304,0.4,0,2,1,217,29,0.5117,41.58,1,0,0,0
ORD_101_00316,PIN_067,Beauty,0,0.19444444444444445,0.02,4.0,0.1667,0,2,1,372,13,0.396,131.99,0,0,0,0
ORD_101_00317,PIN_012,Apparel,0,0.2571428571428571,0.19776119402985073,3.4792,0.6,0,3,1,248,63,0.1536,30.11,1,0,0,0
ORD_101_00318,PIN_070,Apparel,0,0.2682926829268293,0.19776119402985073,-1.3372,0.2,0,2,1,124,38,0.5652,127.71,1,0,0,1
ORD_101_00319,PIN_071,Apparel,0,0.43243243243243246,0.19776119402985073,1.834,0.2,0,3,1,185,38,0.4291,142.62,0,0,0,0
ORD_101_00320,PIN_020,Electronics,0,0.2413793103448276,0.5535911602209945,-0.9905,0.3333,0,1,1,884,61,0.2499,37.79,1,0,0,0
ORD_101_00321,PIN_082,Apparel,0,0.25,0.19776119402985073,-0.5093,0.2,1,2,1,441,47,0.2478,147.94,0,0,0,0
ORD_101_00322,PIN_083,Apparel,1,0.3404255319148936,0.19776119402985073,3.9108,0.4,0,3,1,21,46,0.25,152.94,1,0,0,1
ORD_101_00323,PIN_038,Apparel,0,0.14634146341463414,0.19776119402985073,0.8838,1.0,1,3,1,1106,15,0.3526,80.5,1,0,0,0
ORD_101_00324,PIN_030,Books,0,0.09090909090909091,0.01764705882352941,4.0,0.25,0,0,1,2,50,0.6734,70.56,0,0,0,0
ORD_101_00325,PIN_026,Electronics,0,0.1891891891891892,0.5535911602209945,0.2268,0.3333,1,2,1,99,44,0.2379,66.95,0,0,0,0
ORD_101_00326,PIN_026,Books,0,0.1891891891891892,0.01764705882352941,4.0,0.25,1,5,1,671,19,0.249,37.63,0,0,0,0
ORD_101_00327,PIN_084,Apparel,0,0.28,0.19776119402985073,1.2316,0.2,0,5,1,177,35,0.199,138.83,1,0,0,0
ORD_101_00328,PIN_074,Apparel,0,0.23076923076923078,0.19776119402985073,-0.78,0.2,0,1,1,617,53,0.3019,137.58,0,0,0,0
ORD_101_00329,PIN_071,Home,2,0.43243243243243246,0.03017241379310345,-0.4267,0.25,0,4,1,108,46,0.4463,127.54,1,0,0,1
ORD_101_00330,PIN_079,Apparel,1,0.2571428571428571,0.19776119402985073,-1.2489,0.2,1,1,1,39,55,0.3847,139.21,1,0,0,1
ORD_101_00331,PIN_023,Electronics,2,0.1875,0.5535911602209945,-1.7261,0.3333,0,4,1,36,31,0.1858,61.95,1,0,0,1
ORD_101_00332,PIN_084,Apparel,0,0.28,0.19776119402985073,0.2904,0.2,0,1,1,168,33,0.278,148.01,0,0,0,0
ORD_101_00333,PIN_008,Electronics,0,0.14285714285714285,0.5535911602209945,-1.624,0.3333,0,2,1,45,24,0.6651,22.73,1,0,0,1
ORD_101_00334,PIN_033,Books,1,0.15151515151515152,0.01764705882352941,4.0,0.25,1,2,1,91,60,0.1782,80.22,1,0,0,0
ORD_101_00335,PIN_003,Apparel,0,0.275,0.19776119402985073,4.0,0.2,1,2,1,704,71,0.0891,20.05,1,0,0,0
ORD_101_00336,PIN_049,Books,0,0.23333333333333334,0.01764705882352941,-0.0021,0.25,0,4,1,109,20,0.1379,89.45,1,0,0,0
ORD_101_00337,PIN_088,Apparel,1,0.29411764705882354,0.19776119402985073,1.6015,0.2,0,2,1,87,34,0.3754,159.98,1,0,0,1
ORD_101_00338,PIN_034,Home,0,0.22580645161290322,0.03017241379310345,0.538,0.25,1,2,3,158,62,0.0414,63.52,1,0,0,0
ORD_101_00339,PIN_018,Apparel,0,0.18421052631578946,0.19776119402985073,0.2651,1.2,0,5,1,324,41,0.1855,29.93,1,0,0,0
ORD_101_00340,PIN_039,Electronics,0,0.2647058823529412,0.5535911602209945,-1.9165,0.3333,0,1,1,81,68,0.2533,86.32,1,0,0,0
ORD_101_00341,PIN_087,Books,0,0.23333333333333334,0.01764705882352941,-0.2424,0.25,0,2,1,580,32,0.5185,156.7,0,0,0,0
ORD_101_00342,PIN_068,Apparel,1,0.225,0.19776119402985073,-1.4834,0.2,1,2,3,465,52,0.3735,113.62,1,0,0,1
ORD_101_00343,PIN_087,Apparel,0,0.23333333333333334,0.19776119402985073,-1.569,0.2,0,3,1,11,58,0.2182,151.62,1,0,0,0
ORD_101_00344,PIN_026,Books,0,0.1891891891891892,0.01764705882352941,1.238,0.25,0,5,1,580,10,0.5035,71.16,1,0,0,0
ORD_101_00345,PIN_032,Apparel,0,0.11538461538461539,0.19776119402985073,0.742,0.2,1,5,1,237,38,0.383,57.89,1,0,0,0
ORD_101_00346,PIN_017,Apparel,0,0.24242424242424243,0.19776119402985073,-0.2608,0.2,0,0,1,1542,10,0.2818,33.49,1,0,0,0
ORD_101_00347,PIN_038,Electronics,0,0.14634146341463414,0.5535911602209945,0.1972,0.6667,0,2,1,474,41,0.1951,69.87,0,0,0,0
ORD_101_00348,PIN_007,Apparel,0,0.125,0.19776119402985073,-0.2126,0.2,1,0,1,311,31,0.4548,9.18,0,0,0,0
ORD_101_00349,PIN_059,Beauty,0,0.21739130434782608,0.02,4.0,0.1667,0,2,1,473,19,0.4594,107.3,0,0,0,0
ORD_101_00350,PIN_047,Electronics,0,0.2727272727272727,0.5535911602209945,-1.7688,0.3333,1,1,1,679,32,0.4121,82.18,0,0,0,0
ORD_101_00351,PIN_054,Apparel,1,0.34782608695652173,0.19776119402985073,2.0726,2.0,0,4,1,67,56,0.0827,93.5,0,0,0,0
ORD_101_00352,PIN_082,Apparel,0,0.25,0.19776119402985073,4.0,0.2,0,1,1,54,45,0.1479,146.93,0,0,0,0
ORD_101_00353,PIN_073,Apparel,0,0.25,0.19776119402985073,-0.145,0.2,0,4,1,282,60,0.0779,130.56,1,0,0,0
ORD_101_00354,PIN_010,Apparel,0,0.24444444444444444,0.19776119402985073,-1.2577,0.4,1,0,1,47,43,0.0907,28.99,0,0,0,0
ORD_101_00355,PIN_033,Electronics,0,0.15151515151515152,0.5535911602209945,-1.3367,0.3333,0,0,1,19,77,0.3098,70.36,0,0,0,0
ORD_101_00356,PIN_010,Beauty,0,0.24444444444444444,0.02,-0.5412,0.1667,1,4,1,162,48,0.2321,26.85,1,0,0,0
ORD_101_00357,PIN_077,Electronics,0,0.358974358974359,0.5535911602209945,-1.369,0.3333,0,3,1,323,52,0.2683,123.8,1,0,0,0
ORD_101_00358,PIN_031,Apparel,2,0.1875,0.19776119402985073,0.0028,0.2,1,0,1,707,56,0.209,62.61,1,0,0,0
ORD_101_00359,PIN_038,Electronics,0,0.14634146341463414,0.5535911602209945,-1.4464,0.3333,0,3,2,252,50,0.3178,73.65,1,0,0,1
ORD_101_00360,PIN_003,Apparel,0,0.275,0.19776119402985073,-0.6518,0.2,1,6,1,155,71,0.1154,17.81,1,0,0,0
ORD_101_00361,PIN_033,Home,1,0.15151515151515152,0.03017241379310345,-0.5948,0.25,0,4,1,520,77,0.3585,71.33,1,0,0,0
ORD_101_00362,PIN_074,Books,0,0.23076923076923078,0.01764705882352941,4.0,0.5,0,2,1,360,37,0.1348,134.07,1,0,0,0
ORD_101_00363,PIN_015,Electronics,1,0.1724137931034483,0.5535911602209945,-0.8038,0.3333,1,1,1,294,43,0.0554,38.27,0,0,0,0
ORD_101_00364,PIN_012,Apparel,0,0.2571428571428571,0.19776119402985073,0.173,0.4,0,2,1,117,36,0.3137,35.26,1,0,0,0
ORD_101_00365,PIN_062,Home,0,0.4,0.03017241379310345,1.2659,0.25,0,4,1,85,36,0.3989,109.58,1,0,0,0
ORD_101_00366,PIN_017,Apparel,0,0.24242424242424243,0.19776119402985073,4.0,0.2,0,2,1,19,45,0.4001,34.92,1,0,0,0
ORD_101_00367,PIN_010,Books,0,0.24444444444444444,0.01764705882352941,-0.1322,1.0,1,4,1,605,66,0.0437,38.67,1,0,0,0
ORD_101_00368,PIN_040,Electronics,4,0.21428571428571427,0.5535911602209945,-1.2504,0.3333,0,4,2,61,36,0.1155,70.24,1,0,0,1
ORD_101_00369,PIN_051,Electronics,0,0.375,0.5535911602209945,-1.3549,0.6667,0,5,1,467,57,0.6664,99.39,1,0,0,1
ORD_101_00370,PIN_028,Home,0,0.0625,0.03017241379310345,4.0,0.25,0,2,1,38,34,0.4188,47.85,1,0,0,0
ORD_101_00371,PIN_030,Home,0,0.09090909090909091,0.03017241379310345,-1.1617,0.25,1,2,1,140,65,0.2575,50.39,1,0,0,0
ORD_101_00372,PIN_026,Books,0,0.1891891891891892,0.01764705882352941,1.0874,0.5,0,1,1,493,69,0.7439,60.94,0,0,0,0
ORD_101_00373,PIN_002,Electronics,0,0.15,0.5535911602209945,-1.8044,0.3333,0,4,1,165,11,0.3307,12.06,1,0,0,1
ORD_101_00374,PIN_032,Electronics,0,0.11538461538461539,0.5535911602209945,-1.1925,0.3333,0,3,1,48,58,0.1996,72.82,1,0,0,0
ORD_101_00375,PIN_039,Electronics,0,0.2647058823529412,0.5535911602209945,-1.2617,0.3333,1,1,1,418,29,0.1488,76.6,0,0,0,0
ORD_101_00376,PIN_065,Books,0,0.2619047619047619,0.01764705882352941,2.4622,0.25,0,3,1,106,44,0.6575,114.64,1,0,0,0
ORD_101_00377,PIN_074,Apparel,0,0.23076923076923078,0.19776119402985073,4.0,0.2,0,1,1,347,41,0.2453,139.43,1,0,0,0
ORD_101_00378,PIN_042,Apparel,0,0.25,0.19776119402985073,-1.2698,0.2,1,4,1,246,44,0.4404,70.63,1,0,0,0
ORD_101_00379,PIN_072,Electronics,0,0.3548387096774194,0.5535911602209945,-1.7792,0.3333,0,6,1,579,39,0.1194,142.79,0,0,0,0
ORD_101_00380,PIN_057,Electronics,0,0.25,0.5535911602209945,-1.805,0.6667,0,4,1,338,13,0.1652,104.68,0,0,0,0
ORD_101_00381,PIN_026,Electronics,0,0.1891891891891892,0.5535911602209945,-1.8744,0.6667,0,1,1,268,22,0.6247,45.08,1,0,0,1
ORD_101_00382,PIN_055,Home,0,0.19047619047619047,0.03017241379310345,-0.8262,0.5,0,7,1,153,51,0.3614,110.53,1,0,0,0
ORD_101_00383,PIN_003,Electronics,0,0.275,0.5535911602209945,-1.413,0.3333,0,1,2,111,15,0.3264,18.05,1,0,0,1
ORD_101_00384,PIN_021,Home,0,0.15151515151515152,0.03017241379310345,-1.1894,0.25,0,3,1,3,41,0.2246,44.51,0,0,0,0
ORD_101_00385,PIN_084,Apparel,1,0.28,0.19776119402985073,3.6581,0.2,0,4,1,248,51,0.3163,140.58,0,0,0,0
ORD_101_00386,PIN_021,Electronics,0,0.15151515151515152,0.5535911602209945,-1.3156,0.3333,0,1,1,254,45,0.3752,54.58,0,0,0,0
ORD_101_00387,PIN_072,Electronics,0,0.3548387096774194,0.5535911602209945,-0.8119,0.3333,1,2,1,363,84,0.2182,120.61,1,0,0,0
ORD_101_00388,PIN_035,Electronics,0,0.05714285714285714,0.5535911602209945,-1.4968,0.3333,1,2,1,343,63,0.3495,77.63,1,0,0,0
ORD_101_00389,PIN_063,Beauty,0,0.175,0.02,4.0,0.1667,0,4,1,192,38,0.1224,117.92,1,0,0,0
ORD_101_00390,PIN_037,Apparel,0,0.21875,0.19776119402985073,-0.0431,0.2,0,2,1,32,60,0.0873,72.47,1,0,0,0
ORD_101_00391,PIN_037,Home,0,0.21875,0.03017241379310345,-1.0484,0.5,0,4,1,430,60,0.342,73.34,1,0,0,0
ORD_101_00392,PIN_078,Apparel,0,0.2647058823529412,0.19776119402985073,3.2927,0.4,1,2,1,408,65,0.2466,134.16,0,0,0,0
ORD_101_00393,PIN_044,Electronics,1,0.21428571428571427,0.5535911602209945,-1.6133,0.6667,0,1,1,318,57,0.3174,70.0,1,0,0,1
ORD_101_00394,PIN_023,Home,0,0.1875,0.03017241379310345,4.0,0.25,0,1,1,395,43,0.4609,50.59,1,0,0,0
ORD_101_00395,PIN_042,Beauty,0,0.25,0.02,-1.1544,0.1667,1,1,1,289,58,0.1232,78.19,0,0,0,0
ORD_101_00396,PIN_033,Electronics,0,0.15151515151515152,0.5535911602209945,-0.2395,3.3333,0,1,1,218,63,0.1851,68.72,1,0,0,0
ORD_101_00397,PIN_019,Apparel,0,0.13513513513513514,0.19776119402985073,4.0,0.2,0,1,1,130,61,0.1142,41.71,1,0,0,0
ORD_101_00398,PIN_086,Books,0,0.3783783783783784,0.01764705882352941,4.0,0.25,0,4,2,78,10,0.1996,167.81,1,0,0,0
ORD_101_00399,PIN_022,Apparel,0,0.15384615384615385,0.19776119402985073,-1.0529,0.6,0,1,1,116,31,0.349,50.92,1,0,0,0
ORD_101_00400,PIN_026,Electronics,0,0.1891891891891892,0.5535911602209945,-1.6497,0.6667,0,3,1,355,36,0.2195,52.92,1,0,0,0
ORD_101_00401,PIN_016,Electronics,0,0.20930232558139536,0.5535911602209945,-1.6104,0.3333,0,7,1,743,44,0.0543,48.64,1,0,0,0
ORD_101_00402,PIN_031,Electronics,0,0.1875,0.5535911602209945,-1.0854,0.3333,0,2,1,13,25,0.0693,69.09,1,0,0,0
ORD_101_00403,PIN_032,Books,0,0.11538461538461539,0.01764705882352941,2.6659,0.5,0,1,1,136,44,0.2141,67.01,0,0,0,0
ORD_101_00404,PIN_030,Beauty,0,0.09090909090909091,0.02,0.7959,0.1667,1,4,1,211,18,0.424,58.14,1,0,0,0
ORD_101_00405,PIN_042,Electronics,0,0.25,0.5535911602209945,-1.7878,0.3333,1,4,4,107,45,0.4324,74.2,1,0,0,1
ORD_101_00406,PIN_080,Apparel,0,0.32,0.19776119402985073,-1.2361,0.2,0,1,1,96,31,0.1298,160.64,0,0,0,0
ORD_101_00407,PIN_043,Electronics,0,0.34615384615384615,0.5535911602209945,0.2011,0.3333,0,4,1,1550,47,0.3598,89.5,0,0,0,0
ORD_101_00408,PIN_007,Electronics,0,0.125,0.5535911602209945,-0.6777,1.6667,0,3,1,232,39,0.2064,20.04,0,0,0,0
ORD_101_00409,PIN_011,Apparel,1,0.10810810810810811,0.19776119402985073,0.5661,0.2,0,2,1,327,41,0.3343,26.81,1,0,0,0
ORD_101_00410,PIN_040,Electronics,0,0.21428571428571427,0.5535911602209945,-1.6162,0.3333,1,2,2,112,64,0.0265,83.56,1,0,0,0
ORD_101_00411,PIN_038,Home,0,0.14634146341463414,0.03017241379310345,-0.9528,0.25,0,1,1,74,41,0.2562,63.71,0,0,0,0
ORD_101_00412,PIN_026,Electronics,0,0.1891891891891892,0.5535911602209945,-1.0646,0.3333,0,3,2,87,45,0.2632,59.7,1,0,0,1
ORD_101_00413,PIN_010,Electronics,0,0.24444444444444444,0.5535911602209945,-1.7548,0.6667,0,1,1,129,27,0.5309,35.77,0,0,0,0
ORD_101_00414,PIN_013,Electronics,0,0.16666666666666666,0.5535911602209945,-1.3586,0.3333,0,2,1,34,47,0.3541,18.74,1,0,0,1
ORD_101_00415,PIN_005,Electronics,0,0.06666666666666667,0.5535911602209945,-1.4721,0.3333,0,4,1,311,43,0.2509,11.86,1,0,0,0
ORD_101_00416,PIN_041,Beauty,0,0.21875,0.02,4.0,0.1667,1,1,2,95,37,0.1941,86.22,1,0,0,0
ORD_101_00417,PIN_014,Home,0,0.20689655172413793,0.03017241379310345,0.5329,0.25,0,3,1,796,25,0.4709,32.96,1,0,0,0
ORD_101_00418,PIN_014,Apparel,0,0.20689655172413793,0.19776119402985073,0.7495,0.2,0,1,1,944,39,0.1448,44.72,1,0,0,0
ORD_101_00419,PIN_069,Home,0,0.25806451612903225,0.03017241379310345,-1.7318,0.25,1,2,1,130,62,0.4088,122.47,1,0,0,0
ORD_101_00420,PIN_056,Electronics,0,0.25,0.5535911602209945,-1.2762,0.3333,0,5,1,45,44,0.3263,108.01,1,0,0,1
ORD_101_00421,PIN_017,Electronics,0,0.24242424242424243,0.5535911602209945,-1.3818,0.3333,0,7,1,495,36,0.118,21.24,0,0,0,0
ORD_101_00422,PIN_083,Apparel,0,0.3404255319148936,0.19776119402985073,0.2918,0.2,0,3,2,100,36,0.249,152.97,1,0,0,1
ORD_101_00423,PIN_020,Beauty,0,0.2413793103448276,0.02,4.0,0.6667,0,1,1,40,32,0.5073,53.9,1,0,0,0
ORD_101_00424,PIN_047,Apparel,0,0.2727272727272727,0.19776119402985073,-0.6064,0.2,1,1,1,99,54,0.3971,89.24,1,0,0,0
ORD_101_00425,PIN_062,Apparel,0,0.4,0.19776119402985073,-1.0307,0.2,0,3,1,4,37,0.0299,98.67,1,0,0,0
ORD_101_00426,PIN_090,Electronics,0,0.42424242424242425,0.5535911602209945,-1.7345,0.6667,0,1,1,399,51,0.5254,155.5,1,0,0,1
ORD_101_00427,PIN_027,Beauty,0,0.1875,0.02,0.681,0.1667,0,2,1,192,24,0.217,61.57,0,0,0,0
ORD_101_00428,PIN_059,Apparel,0,0.21739130434782608,0.19776119402985073,1.5274,0.2,0,3,1,353,52,0.2322,109.15,0,0,0,0
ORD_101_00429,PIN_003,Beauty,0,0.275,0.02,-0.9922,0.1667,0,2,1,7,26,0.5084,14.37,1,0,0,0
ORD_101_00430,PIN_019,Electronics,0,0.13513513513513514,0.5535911602209945,-1.5818,0.3333,0,0,2,160,54,0.1495,43.09,0,0,0,0
ORD_101_00431,PIN_046,Beauty,0,0.23529411764705882,0.02,2.5896,0.1667,0,3,1,403,31,0.2002,74.87,0,0,0,0
ORD_101_00432,PIN_023,Electronics,0,0.1875,0.5535911602209945,-0.7269,0.3333,0,3,1,639,62,0.1944,49.14,0,0,0,0
ORD_101_00433,PIN_031,Apparel,0,0.1875,0.19776119402985073,-1.3463,0.2,1,2,1,483,53,0.1222,58.55,0,0,0,0
ORD_101_00434,PIN_012,Apparel,0,0.2571428571428571,0.19776119402985073,0.8769,0.2,0,6,1,196,51,0.3389,30.08,1,0,0,0
ORD_101_00435,PIN_057,Electronics,0,0.25,0.5535911602209945,-1.7999,0.3333,0,0,1,696,45,0.1705,101.73,0,0,0,0
ORD_101_00436,PIN_036,Books,0,0.3,0.01764705882352941,2.4924,0.25,1,3,1,72,94,0.0755,56.45,1,0,0,0
ORD_101_00437,PIN_064,Apparel,1,0.13157894736842105,0.19776119402985073,-1.1257,0.2,1,2,1,353,30,0.6527,119.53,0,0,0,0
ORD_101_00438,PIN_008,Electronics,0,0.14285714285714285,0.5535911602209945,-1.834,1.6667,0,4,1,294,41,0.1208,6.88,0,0,0,0
ORD_101_00439,PIN_023,Home,0,0.1875,0.03017241379310345,-0.6734,0.25,0,2,1,198,32,0.1049,44.21,1,0,0,0
ORD_101_00440,PIN_027,Apparel,0,0.1875,0.19776119402985073,4.0,0.2,0,1,1,1058,46,0.3863,58.26,0,0,0,0
ORD_101_00441,PIN_078,Apparel,0,0.2647058823529412,0.19776119402985073,2.2713,0.2,0,3,1,150,61,0.0457,126.28,1,0,0,0
ORD_101_00442,PIN_006,Home,0,0.23529411764705882,0.03017241379310345,3.6461,0.25,0,1,2,359,27,0.1698,14.9,0,0,0,0
ORD_101_00443,PIN_025,Books,0,0.21052631578947367,0.01764705882352941,2.4205,0.25,0,4,1,18,37,0.2018,70.78,0,0,0,0
ORD_101_00444,PIN_075,Apparel,0,0.26666666666666666,0.19776119402985073,0.4888,0.4,0,4,1,270,36,0.3231,144.81,0,0,0,0
ORD_101_00445,PIN_005,Apparel,0,0.06666666666666667,0.19776119402985073,1.7362,0.2,0,3,1,323,36,0.0863,8.4,1,0,0,0
ORD_101_00446,PIN_015,Books,0,0.1724137931034483,0.01764705882352941,4.0,2.25,1,2,1,82,42,0.3862,26.35,0,0,0,0
ORD_101_00447,PIN_065,Apparel,1,0.2619047619047619,0.19776119402985073,-0.2426,0.2,0,3,1,183,47,0.1294,113.36,0,0,0,0
ORD_101_00448,PIN_027,Apparel,0,0.1875,0.19776119402985073,2.0188,0.2,0,1,1,24,55,0.2511,44.64,1,0,0,0
ORD_101_00449,PIN_078,Home,0,0.2647058823529412,0.03017241379310345,-0.7109,0.25,0,5,1,182,46,0.384,137.56,1,0,0,0
ORD_101_00450,PIN_026,Apparel,0,0.1891891891891892,0.19776119402985073,-0.9647,0.2,0,4,1,200,42,0.7305,41.04,1,0,0,1
ORD_101_00451,PIN_072,Apparel,0,0.3548387096774194,0.19776119402985073,4.0,0.8,1,1,1,74,40,0.6085,129.05,0,0,0,0
ORD_101_00452,PIN_001,Books,0,0.1282051282051282,0.01764705882352941,-0.9436,0.5,0,3,1,220,64,0.1529,8.02,1,0,0,0
ORD_101_00453,PIN_009,Books,0,0.23684210526315788,0.01764705882352941,2.4623,0.25,0,2,1,784,51,0.3006,25.79,1,0,0,0
ORD_101_00454,PIN_053,Books,0,0.22857142857142856,0.01764705882352941,1.7304,0.25,0,3,2,190,60,0.135,114.35,1,0,0,0
ORD_101_00455,PIN_078,Home,0,0.2647058823529412,0.03017241379310345,-0.6682,0.25,0,1,1,233,68,0.1986,129.73,0,0,0,0
ORD_101_00456,PIN_053,Beauty,0,0.22857142857142856,0.02,4.0,0.1667,1,2,1,6,49,0.367,99.73,0,0,0,0
ORD_101_00457,PIN_037,Books,0,0.21875,0.01764705882352941,3.7557,0.25,0,3,2,446,40,0.3638,72.58,1,0,0,0
ORD_101_00458,PIN_022,Apparel,0,0.15384615384615385,0.19776119402985073,0.7078,0.2,0,3,2,975,57,0.1936,44.46,1,0,0,0
ORD_101_00459,PIN_002,Books,0,0.15,0.01764705882352941,4.0,0.25,1,2,1,246,47,0.1679,14.24,0,0,0,0
ORD_101_00460,PIN_005,Apparel,0,0.06666666666666667,0.19776119402985073,-1.1911,0.2,1,2,1,561,26,0.1263,8.99,1,0,0,0
ORD_101_00461,PIN_014,Apparel,0,0.20689655172413793,0.19776119402985073,0.8071,0.2,0,1,1,585,61,0.2942,47.09,1,0,0,0
ORD_101_00462,PIN_014,Apparel,0,0.20689655172413793,0.19776119402985073,-0.9422,0.2,0,3,2,24,58,0.5032,43.96,1,0,0,1
ORD_101_00463,PIN_014,Electronics,0,0.20689655172413793,0.5535911602209945,-1.6808,0.6667,0,2,1,21,69,0.3151,34.14,1,0,0,0
ORD_101_00464,PIN_076,Books,0,0.4117647058823529,0.01764705882352941,4.0,0.25,0,4,2,371,33,0.3,125.05,0,0,0,0
ORD_101_00465,PIN_026,Electronics,0,0.1891891891891892,0.5535911602209945,-1.7428,0.3333,0,4,1,231,42,0.0843,47.32,1,0,0,0
ORD_101_00466,PIN_041,Apparel,0,0.21875,0.19776119402985073,-1.2861,1.2,0,4,1,800,56,0.3656,82.59,1,0,0,0
ORD_101_00467,PIN_062,Electronics,0,0.4,0.5535911602209945,-1.402,0.3333,1,2,1,234,35,0.1791,126.43,0,0,0,0
ORD_101_00468,PIN_085,Beauty,0,0.25,0.02,2.489,0.1667,0,4,1,110,32,0.2889,161.24,0,0,0,0
ORD_101_00469,PIN_085,Home,0,0.25,0.03017241379310345,1.5991,0.25,0,4,1,40,58,0.5396,168.91,1,0,0,0
ORD_101_00470,PIN_019,Beauty,1,0.13513513513513514,0.02,1.3053,0.6667,0,1,1,374,64,0.0709,52.36,0,0,0,0
ORD_101_00471,PIN_024,Books,0,0.26666666666666666,0.01764705882352941,1.4711,0.25,0,4,2,4,17,0.2008,33.49,1,0,0,0
ORD_101_00472,PIN_016,Home,0,0.20930232558139536,0.03017241379310345,-0.1066,0.25,0,1,1,3,14,0.0338,34.72,1,0,0,0
ORD_101_00473,PIN_040,Apparel,0,0.21428571428571427,0.19776119402985073,-0.9938,0.6,0,6,1,1211,65,0.2729,75.99,0,0,0,0
ORD_101_00474,PIN_044,Home,1,0.21428571428571427,0.03017241379310345,-1.6717,0.25,1,0,1,47,29,0.1841,85.96,1,0,0,0
ORD_101_00475,PIN_037,Beauty,2,0.21875,0.02,4.0,0.1667,0,4,1,35,47,0.3742,80.98,0,0,0,0
ORD_101_00476,PIN_033,Electronics,0,0.15151515151515152,0.5535911602209945,-1.4957,0.3333,1,0,1,422,60,0.184,57.0,0,0,0,0
ORD_101_00477,PIN_003,Electronics,0,0.275,0.5535911602209945,-1.607,0.3333,0,2,1,666,41,0.3713,18.8,0,0,0,0
ORD_101_00478,PIN_081,Apparel,0,0.375,0.19776119402985073,-0.1114,0.4,0,6,1,313,41,0.7461,147.34,1,0,0,1
ORD_101_00479,PIN_028,Apparel,0,0.0625,0.19776119402985073,4.0,0.2,0,5,1,617,58,0.0441,57.34,0,0,0,0
ORD_101_00480,PIN_072,Books,0,0.3548387096774194,0.01764705882352941,1.9675,0.25,0,5,1,50,40,0.1567,142.46,1,0,0,0
ORD_101_00481,PIN_030,Apparel,0,0.09090909090909091,0.19776119402985073,-1.1698,0.8,0,3,1,47,59,0.5903,56.76,1,0,0,1
ORD_101_00482,PIN_010,Electronics,0,0.24444444444444444,0.5535911602209945,-1.8875,0.3333,1,2,1,255,31,0.2636,32.17,1,0,0,0
ORD_101_00483,PIN_050,Electronics,0,0.375,0.5535911602209945,-0.2468,0.3333,0,3,1,189,67,0.0392,97.83,0,0,0,0
ORD_101_00484,PIN_054,Electronics,1,0.34782608695652173,0.5535911602209945,-1.6872,0.6667,0,1,1,92,67,0.3392,106.49,1,0,0,1
ORD_101_00485,PIN_073,Apparel,0,0.25,0.19776119402985073,3.3759,0.6,1,3,2,9,48,0.322,134.7,0,0,0,0
ORD_101_00486,PIN_086,Electronics,0,0.3783783783783784,0.5535911602209945,-1.1121,2.3333,0,5,1,88,45,0.5828,173.17,0,0,0,0
ORD_101_00487,PIN_066,Apparel,1,0.34210526315789475,0.19776119402985073,4.0,0.2,0,1,1,115,28,0.2586,108.52,1,0,0,1
ORD_101_00488,PIN_017,Apparel,0,0.24242424242424243,0.19776119402985073,2.9301,2.0,0,4,1,179,38,0.0773,41.59,1,0,0,0
ORD_101_00489,PIN_075,Electronics,0,0.26666666666666666,0.5535911602209945,-1.8732,0.3333,1,6,1,50,47,0.1793,145.56,1,0,0,1
ORD_101_00490,PIN_019,Beauty,1,0.13513513513513514,0.02,2.42,0.1667,0,3,1,604,67,0.088,37.65,1,0,0,0
ORD_101_00491,PIN_001,Books,0,0.1282051282051282,0.01764705882352941,4.0,0.75,0,0,1,211,53,0.1184,5.63,1,0,0,0
ORD_101_00492,PIN_003,Home,0,0.275,0.03017241379310345,1.6412,0.25,1,2,2,137,50,0.2948,21.32,1,0,0,0
ORD_101_00493,PIN_060,Electronics,1,0.25806451612903225,0.5535911602209945,-1.0362,0.3333,0,0,1,654,69,0.2003,112.43,1,0,0,0
ORD_101_00494,PIN_063,Apparel,0,0.175,0.19776119402985073,-0.0278,0.2,0,3,1,247,34,0.3652,112.67,1,0,0,0
ORD_101_00495,PIN_083,Home,0,0.3404255319148936,0.03017241379310345,0.2776,0.25,0,1,1,449,27,0.1705,150.09,1,0,0,0
ORD_101_00496,PIN_057,Apparel,0,0.25,0.19776119402985073,0.582,0.8,1,2,1,362,57,0.2877,102.97,1,0,0,0
ORD_101_00497,PIN_029,Electronics,0,0.16666666666666666,0.5535911602209945,-1.8121,0.3333,0,2,1,297,41,0.2591,62.9,1,0,0,0
ORD_101_00498,PIN_071,Apparel,0,0.43243243243243246,0.19776119402985073,4.0,0.4,0,1,1,136,24,0.6206,132.97,1,0,0,1
ORD_101_00499,PIN_047,Beauty,0,0.2727272727272727,0.02,4.0,0.1667,0,9,1,81,35,0.2767,71.45,1,0,0,0
ORD_101_00500,PIN_001,Electronics,0,0.1282051282051282,0.5535911602209945,-1.0701,0.3333,0,1,1,90,36,0.1851,19.43,0,0,0,0
ORD_101_00501,PIN_006,Electronics,0,0.23529411764705882,0.5535911602209945,-1.4753,0.3333,0,2,1,258,35,0.2802,18.94,1,0,0,0
ORD_101_00502,PIN_065,Home,0,0.2619047619047619,0.03017241379310345,-0.0113,0.5,1,1,1,152,33,0.2353,120.03,1,0,0,0
ORD_101_00503,PIN_073,Beauty,0,0.25,0.02,-1.1571,0.1667,0,0,1,26,71,0.5133,137.09,1,0,0,0
ORD_101_00504,PIN_002,Apparel,1,0.15,0.19776119402985073,4.0,0.2,0,0,1,944,58,0.1375,1.0,1,0,0,0
ORD_101_00505,PIN_046,Books,0,0.23529411764705882,0.01764705882352941,-0.7347,0.25,0,4,1,24,44,0.2864,99.55,0,0,0,0
ORD_101_00506,PIN_007,Apparel,0,0.125,0.19776119402985073,-1.3796,0.2,0,1,2,264,59,0.1808,43.9,1,0,0,0
ORD_101_00507,PIN_026,Home,0,0.1891891891891892,0.03017241379310345,2.0489,1.0,0,2,1,82,61,0.3716,57.8,1,0,0,0
ORD_101_00508,PIN_029,Apparel,0,0.16666666666666666,0.19776119402985073,-0.3875,0.2,0,4,1,368,39,0.0567,60.19,1,0,0,0
ORD_101_00509,PIN_076,Home,0,0.4117647058823529,0.03017241379310345,-0.9957,0.25,1,4,1,41,38,0.2903,143.45,1,0,0,0
ORD_101_00510,PIN_032,Electronics,0,0.11538461538461539,0.5535911602209945,-1.9203,0.3333,0,4,1,509,23,0.3179,63.52,1,0,0,1
ORD_101_00511,PIN_063,Apparel,0,0.175,0.19776119402985073,-0.3119,0.4,1,3,1,315,49,0.1907,109.92,1,0,0,0
ORD_101_00512,PIN_035,Apparel,0,0.05714285714285714,0.19776119402985073,2.5153,0.2,1,3,1,286,63,0.2608,73.31,0,0,0,0
ORD_101_00513,PIN_066,Electronics,0,0.34210526315789475,0.5535911602209945,-1.928,0.3333,0,1,1,137,32,0.416,116.49,1,0,0,1
ORD_101_00514,PIN_008,Apparel,0,0.14285714285714285,0.19776119402985073,-1.0251,0.2,0,2,1,650,16,0.4405,30.24,1,0,0,0
ORD_101_00515,PIN_047,Home,0,0.2727272727272727,0.03017241379310345,-0.5013,0.5,0,5,1,519,22,0.0154,87.63,1,0,0,0
ORD_101_00516,PIN_044,Electronics,0,0.21428571428571427,0.5535911602209945,-1.7777,0.3333,0,0,1,603,52,0.2242,86.01,0,0,0,0
ORD_101_00517,PIN_071,Books,0,0.43243243243243246,0.01764705882352941,-0.4097,0.25,1,3,1,400,42,0.2469,139.19,1,0,0,0
ORD_101_00518,PIN_034,Electronics,0,0.22580645161290322,0.5535911602209945,-1.1092,0.3333,1,0,1,275,60,0.1725,60.58,0,0,0,0
ORD_101_00519,PIN_077,Books,0,0.358974358974359,0.01764705882352941,-0.5536,0.75,0,3,1,279,27,0.2743,149.65,0,0,0,0
ORD_101_00520,PIN_019,Electronics,0,0.13513513513513514,0.5535911602209945,-1.8186,0.3333,0,2,1,276,43,0.4248,38.52,1,0,0,1
ORD_101_00521,PIN_027,Apparel,0,0.1875,0.19776119402985073,4.0,2.0,0,2,1,85,59,0.1112,58.51,0,0,0,0
ORD_101_00522,PIN_016,Electronics,0,0.20930232558139536,0.5535911602209945,-1.5749,0.3333,1,2,1,219,33,0.1786,29.89,1,0,0,0
ORD_101_00523,PIN_065,Electronics,0,0.2619047619047619,0.5535911602209945,-1.2535,0.6667,0,2,1,260,38,0.5236,122.83,1,0,0,1
ORD_101_00524,PIN_035,Beauty,0,0.05714285714285714,0.02,1.5394,0.3333,0,0,1,37,63,0.4295,77.65,1,0,0,0
ORD_101_00525,PIN_004,Apparel,0,0.21212121212121213,0.19776119402985073,2.9804,1.0,1,6,1,516,54,0.1466,36.52,0,0,0,0
ORD_101_00526,PIN_012,Beauty,0,0.2571428571428571,0.02,4.0,0.1667,0,6,1,634,36,0.2517,36.71,1,0,0,0
ORD_101_00527,PIN_075,Apparel,0,0.26666666666666666,0.19776119402985073,-1.1838,0.2,0,2,1,556,74,0.1025,131.56,1,0,0,0
ORD_101_00528,PIN_032,Electronics,0,0.11538461538461539,0.5535911602209945,-0.3366,0.3333,0,0,1,52,37,0.2405,74.99,1,0,0,0
ORD_101_00529,PIN_078,Electronics,0,0.2647058823529412,0.5535911602209945,-1.4334,0.3333,0,0,1,628,13,0.332,148.45,1,0,0,0
ORD_101_00530,PIN_005,Apparel,0,0.06666666666666667,0.19776119402985073,4.0,0.4,0,3,1,620,13,0.0639,15.14,1,0,0,0
ORD_101_00531,PIN_023,Books,1,0.1875,0.01764705882352941,-0.9393,0.25,0,0,1,238,62,0.0875,61.44,1,0,0,0
ORD_101_00532,PIN_074,Books,0,0.23076923076923078,0.01764705882352941,4.0,0.5,0,5,1,716,56,0.2113,130.24,1,0,0,0
ORD_101_00533,PIN_071,Home,0,0.43243243243243246,0.03017241379310345,1.4961,0.25,1,2,2,377,55,0.0907,136.6,0,0,0,0
ORD_101_00534,PIN_086,Electronics,0,0.3783783783783784,0.5535911602209945,-1.7143,0.3333,0,4,1,268,47,0.2722,155.24,0,0,0,0
ORD_101_00535,PIN_031,Electronics,0,0.1875,0.5535911602209945,-1.5382,1.3333,0,3,1,211,21,0.0834,58.71,1,0,0,0
ORD_101_00536,PIN_067,Apparel,0,0.19444444444444445,0.19776119402985073,0.1915,0.4,0,1,3,119,49,0.3278,125.98,1,0,0,1
ORD_101_00537,PIN_081,Apparel,0,0.375,0.19776119402985073,-1.0181,0.2,0,2,1,198,31,0.5207,159.82,1,0,0,1
ORD_101_00538,PIN_012,Books,0,0.2571428571428571,0.01764705882352941,4.0,1.0,0,3,1,210,42,0.0187,41.73,1,0,0,0
ORD_101_00539,PIN_048,Apparel,0,0.21621621621621623,0.19776119402985073,0.8855,0.2,0,1,1,107,64,0.1762,91.42,1,0,0,0
ORD_101_00540,PIN_077,Electronics,0,0.358974358974359,0.5535911602209945,-1.222,1.6667,0,4,1,145,48,0.2984,136.02,1,0,0,1
ORD_101_00541,PIN_054,Electronics,0,0.34782608695652173,0.5535911602209945,-1.6888,0.6667,0,2,1,450,34,0.2121,107.55,1,0,0,0
ORD_101_00542,PIN_066,Home,0,0.34210526315789475,0.03017241379310345,-1.5438,0.25,0,0,1,114,37,0.2148,132.43,0,0,0,0
ORD_101_00543,PIN_051,Books,0,0.375,0.01764705882352941,0.3128,0.25,0,3,1,17,29,0.3516,93.18,0,0,0,0
ORD_101_00544,PIN_011,Home,0,0.10810810810810811,0.03017241379310345,-1.7651,0.25,1,1,1,533,43,0.1477,25.81,0,0,0,0
ORD_101_00545,PIN_004,Electronics,0,0.21212121212121213,0.5535911602209945,-1.508,0.3333,1,0,1,337,39,0.1844,6.82,1,0,0,0
ORD_101_00546,PIN_014,Apparel,0,0.20689655172413793,0.19776119402985073,4.0,0.2,0,1,1,72,45,0.0779,33.09,1,0,0,0
ORD_101_00547,PIN_002,Beauty,0,0.15,0.02,1.0514,0.1667,0,1,1,589,42,0.0694,9.77,1,0,0,0
ORD_101_00548,PIN_009,Apparel,0,0.23684210526315788,0.19776119402985073,-0.798,0.2,1,2,1,7,56,0.394,19.08,1,0,0,0
ORD_101_00549,PIN_055,Electronics,0,0.19047619047619047,0.5535911602209945,-1.9168,0.3333,0,2,1,853,44,0.217,108.86,0,0,0,0
ORD_101_00550,PIN_016,Electronics,0,0.20930232558139536,0.5535911602209945,-1.3074,0.3333,1,1,1,23,56,0.4019,32.81,1,0,0,0
ORD_101_00551,PIN_056,Home,0,0.25,0.03017241379310345,1.4757,0.25,0,6,1,61,57,0.1036,109.36,0,0,0,0
ORD_101_00552,PIN_055,Electronics,0,0.19047619047619047,0.5535911602209945,-1.1436,0.3333,0,3,1,64,34,0.0954,104.69,1,0,0,0
ORD_101_00553,PIN_003,Apparel,0,0.275,0.19776119402985073,0.1786,2.0,0,3,2,42,32,0.3011,29.3,1,0,0,1
ORD_101_00554,PIN_060,Books,0,0.25806451612903225,0.01764705882352941,4.0,0.25,0,1,1,897,57,0.3009,104.73,1,0,0,0
ORD_101_00555,PIN_008,Electronics,0,0.14285714285714285,0.5535911602209945,-1.8674,0.3333,0,2,1,38,38,0.2319,35.9,0,0,0,0
ORD_101_00556,PIN_045,Apparel,2,0.2777777777777778,0.19776119402985073,-0.1322,0.4,0,5,1,177,56,0.1451,94.41,1,0,0,1
ORD_101_00557,PIN_014,Apparel,0,0.20689655172413793,0.19776119402985073,1.3731,0.2,0,3,1,28,21,0.3785,29.78,1,0,0,0
ORD_101_00558,PIN_051,Electronics,0,0.375,0.5535911602209945,-1.3248,0.3333,0,3,1,100,23,0.088,86.65,0,0,0,0
ORD_101_00559,PIN_012,Beauty,0,0.2571428571428571,0.02,-0.8717,0.1667,1,3,1,403,55,0.1889,20.23,1,0,0,0
ORD_101_00560,PIN_075,Electronics,0,0.26666666666666666,0.5535911602209945,-1.1982,0.3333,0,1,2,249,32,0.499,143.4,0,0,0,0
ORD_101_00561,PIN_042,Apparel,0,0.25,0.19776119402985073,-0.9453,0.2,1,3,1,308,20,0.2061,91.64,0,0,0,0
ORD_101_00562,PIN_029,Electronics,3,0.16666666666666666,0.5535911602209945,-1.8227,0.3333,0,2,1,792,37,0.484,66.92,0,0,0,0
ORD_101_00563,PIN_054,Books,0,0.34782608695652173,0.01764705882352941,4.0,0.25,0,2,1,39,48,0.0574,104.67,0,0,0,0
ORD_101_00564,PIN_005,Apparel,0,0.06666666666666667,0.19776119402985073,4.0,0.2,0,4,1,73,42,0.289,1.0,0,0,0,0
ORD_101_00565,PIN_014,Electronics,0,0.20689655172413793,0.5535911602209945,-1.7205,0.3333,0,1,1,5,30,0.3372,39.94,0,0,0,0
ORD_101_00566,PIN_028,Electronics,0,0.0625,0.5535911602209945,-1.2727,0.3333,1,5,1,40,55,0.1728,68.45,1,0,0,1
ORD_101_00567,PIN_075,Electronics,0,0.26666666666666666,0.5535911602209945,-1.56,1.3333,0,3,1,107,51,0.0756,156.31,0,0,0,0
ORD_101_00568,PIN_071,Electronics,0,0.43243243243243246,0.5535911602209945,-0.6403,0.3333,1,1,1,213,52,0.1712,132.87,1,0,0,0
ORD_101_00569,PIN_057,Beauty,0,0.25,0.02,-0.8142,0.1667,0,3,1,24,80,0.009,102.18,1,0,0,0
ORD_101_00570,PIN_007,Electronics,0,0.125,0.5535911602209945,-1.4135,2.0,0,2,1,0,25,0.3269,11.55,0,0,0,0
ORD_101_00571,PIN_001,Books,0,0.1282051282051282,0.01764705882352941,4.0,0.25,0,4,1,555,57,0.2888,13.35,1,0,0,0
ORD_101_00572,PIN_020,Books,1,0.2413793103448276,0.01764705882352941,4.0,0.75,0,0,1,534,67,0.109,41.39,1,0,0,0
ORD_101_00573,PIN_076,Apparel,1,0.4117647058823529,0.19776119402985073,0.8816,0.2,0,1,1,357,26,0.4165,128.44,0,0,0,0
ORD_101_00574,PIN_060,Electronics,0,0.25806451612903225,0.5535911602209945,-1.8735,0.3333,0,1,3,197,60,0.2134,113.09,1,0,0,1
ORD_101_00575,PIN_083,Apparel,0,0.3404255319148936,0.19776119402985073,-0.066,0.2,1,2,1,57,58,0.4346,156.15,0,0,0,0
ORD_101_00576,PIN_067,Home,0,0.19444444444444445,0.03017241379310345,-0.375,0.5,0,3,1,139,78,0.1082,111.85,0,0,0,0
ORD_101_00577,PIN_048,Apparel,0,0.21621621621621623,0.19776119402985073,1.4741,0.2,0,3,1,153,34,0.2807,97.46,1,0,0,0
ORD_101_00578,PIN_035,Home,0,0.05714285714285714,0.03017241379310345,-1.3543,0.25,0,2,1,57,30,0.4787,62.14,1,0,0,0
ORD_101_00579,PIN_009,Home,1,0.23684210526315788,0.03017241379310345,0.1096,0.5,1,4,1,383,63,0.0881,29.15,1,0,0,0
ORD_101_00580,PIN_049,Electronics,0,0.23333333333333334,0.5535911602209945,-1.2853,0.3333,0,4,1,279,40,0.1201,100.12,1,0,0,0
ORD_101_00581,PIN_055,Electronics,0,0.19047619047619047,0.5535911602209945,-1.1789,0.3333,0,3,1,169,46,0.322,103.32,1,0,0,1
ORD_101_00582,PIN_015,Home,0,0.1724137931034483,0.03017241379310345,-0.1081,0.75,0,0,1,100,38,0.1672,37.49,1,0,0,0
ORD_101_00583,PIN_010,Apparel,0,0.24444444444444444,0.19776119402985073,-1.0981,0.2,0,2,1,164,27,0.62,18.26,0,0,0,0
ORD_101_00584,PIN_002,Apparel,0,0.15,0.19776119402985073,4.0,0.2,0,6,1,10,23,0.1309,11.65,1,0,0,0
ORD_101_00585,PIN_059,Electronics,1,0.21739130434782608,0.5535911602209945,-1.5325,0.6667,0,4,1,922,41,0.1331,102.81,0,0,0,0
ORD_101_00586,PIN_016,Books,0,0.20930232558139536,0.01764705882352941,2.184,0.25,0,1,1,26,43,0.3027,29.16,1,0,0,0
ORD_101_00587,PIN_056,Electronics,0,0.25,0.5535911602209945,-1.8867,0.3333,0,3,2,117,59,0.3396,104.35,0,0,0,0
ORD_101_00588,PIN_031,Home,0,0.1875,0.03017241379310345,-0.2408,0.25,0,5,1,284,23,0.2188,53.25,1,0,0,0
ORD_101_00589,PIN_047,Electronics,0,0.2727272727272727,0.5535911602209945,-1.8824,0.3333,0,6,1,321,10,0.1339,85.83,0,0,0,0
ORD_101_00590,PIN_056,Home,0,0.25,0.03017241379310345,-1.1758,0.5,1,8,1,236,34,0.2122,103.82,0,0,0,0
ORD_101_00591,PIN_029,Apparel,0,0.16666666666666666,0.19776119402985073,1.0302,0.2,0,2,1,597,38,0.2902,52.35,0,0,0,0
ORD_101_00592,PIN_049,Beauty,2,0.23333333333333334,0.02,0.7702,0.1667,0,4,1,17,48,0.0325,93.84,1,0,0,0
ORD_101_00593,PIN_072,Apparel,0,0.3548387096774194,0.19776119402985073,4.0,0.2,0,1,1,5,34,0.1407,126.47,0,0,0,0
ORD_101_00594,PIN_001,Books,0,0.1282051282051282,0.01764705882352941,4.0,2.0,0,0,1,421,58,0.1501,10.72,0,0,0,0
ORD_101_00595,PIN_059,Home,0,0.21739130434782608,0.03017241379310345,-0.5037,0.25,1,0,1,215,41,0.121,120.63,0,0,0,0
ORD_101_00596,PIN_080,Beauty,0,0.32,0.02,4.0,0.3333,0,4,1,164,49,0.1797,149.54,0,0,0,0
ORD_101_00597,PIN_067,Apparel,0,0.19444444444444445,0.19776119402985073,0.434,0.2,0,2,1,494,34,0.1547,115.63,1,0,0,0
ORD_101_00598,PIN_074,Home,1,0.23076923076923078,0.03017241379310345,-1.4377,0.25,1,0,1,302,52,0.1831,121.73,0,0,0,0
ORD_101_00599,PIN_022,Home,1,0.15384615384615385,0.03017241379310345,-1.4086,0.25,0,2,1,411,49,0.1489,41.51,1,0,0,0
ORD_101_00600,PIN_077,Electronics,0,0.358974358974359,0.5535911602209945,-1.7441,0.3333,0,2,1,6,30,0.2089,143.75,1,0,0,1
ORD_101_00601,PIN_055,Home,0,0.19047619047619047,0.03017241379310345,4.0,0.25,0,4,1,9,33,0.1599,107.95,1,0,0,0
ORD_101_00602,PIN_087,Apparel,0,0.23333333333333334,0.19776119402985073,3.6357,0.2,0,2,1,449,51,0.1811,161.43,1,0,0,0
ORD_101_00603,PIN_023,Books,0,0.1875,0.01764705882352941,0.1514,0.25,0,2,1,221,64,0.6254,47.76,1,0,0,0
ORD_101_00604,PIN_070,Apparel,0,0.2682926829268293,0.19776119402985073,-1.5484,0.2,0,0,1,30,45,0.4033,134.38,0,0,0,0
ORD_101_00605,PIN_012,Beauty,0,0.2571428571428571,0.02,-0.3007,0.3333,1,6,1,92,21,0.6327,32.69,1,0,0,0
ORD_101_00606,PIN_051,Apparel,0,0.375,0.19776119402985073,4.0,0.2,1,1,1,1024,19,0.2488,92.85,0,0,0,0
ORD_101_00607,PIN_012,Apparel,0,0.2571428571428571,0.19776119402985073,-0.4598,0.2,0,6,1,10,46,0.2969,34.6,0,0,0,0
ORD_101_00608,PIN_025,Apparel,0,0.21052631578947367,0.19776119402985073,0.4785,0.2,0,1,1,706,66,0.1422,61.77,1,0,0,0
ORD_101_00609,PIN_036,Electronics,2,0.3,0.5535911602209945,-1.9126,0.3333,0,2,1,141,40,0.2019,84.74,1,0,0,1
ORD_101_00610,PIN_090,Apparel,0,0.42424242424242425,0.19776119402985073,0.1147,0.2,0,1,1,795,52,0.2734,168.25,1,0,0,0
ORD_101_00611,PIN_086,Beauty,2,0.3783783783783784,0.02,2.1254,0.1667,1,2,1,973,44,0.1935,153.02,0,0,0,0
ORD_101_00612,PIN_067,Home,0,0.19444444444444445,0.03017241379310345,3.193,0.75,1,3,1,102,42,0.4203,132.49,0,0,0,0
ORD_101_00613,PIN_011,Books,0,0.10810810810810811,0.01764705882352941,4.0,0.25,0,0,1,18,47,0.2721,25.8,1,0,0,0
ORD_101_00614,PIN_076,Books,0,0.4117647058823529,0.01764705882352941,4.0,0.25,0,6,3,415,29,0.3127,136.25,0,0,0,0
ORD_101_00615,PIN_017,Electronics,0,0.24242424242424243,0.5535911602209945,-1.8063,0.3333,0,1,1,102,80,0.1145,46.6,1,0,0,0
ORD_101_00616,PIN_016,Electronics,0,0.20930232558139536,0.5535911602209945,-1.861,0.3333,1,5,1,77,29,0.478,40.4,1,0,0,1
ORD_101_00617,PIN_013,Home,1,0.16666666666666666,0.03017241379310345,-1.3953,0.5,1,4,1,207,50,0.3127,37.16,1,0,0,0
ORD_101_00618,PIN_068,Apparel,0,0.225,0.19776119402985073,0.4859,0.2,0,4,1,325,40,0.2702,123.48,0,0,0,0
ORD_101_00619,PIN_054,Home,0,0.34782608695652173,0.03017241379310345,-0.0817,0.5,0,4,1,1182,46,0.4114,98.51,1,0,0,0
ORD_101_00620,PIN_032,Apparel,0,0.11538461538461539,0.19776119402985073,-1.5299,0.4,0,2,1,515,35,0.401,58.84,1,0,0,0
ORD_101_00621,PIN_028,Electronics,0,0.0625,0.5535911602209945,-0.5733,1.6667,0,4,2,88,60,0.5655,47.82,0,0,0,0
ORD_101_00622,PIN_056,Electronics,0,0.25,0.5535911602209945,-1.5031,0.6667,0,3,1,560,42,0.2871,109.52,1,0,0,0
ORD_101_00623,PIN_029,Apparel,0,0.16666666666666666,0.19776119402985073,-1.2688,0.2,0,3,1,153,59,0.0158,48.92,1,0,0,0
ORD_101_00624,PIN_082,Beauty,0,0.25,0.02,-0.5262,0.1667,0,8,1,21,38,0.1503,157.36,1,0,0,0
ORD_101_00625,PIN_076,Electronics,0,0.4117647058823529,0.5535911602209945,-1.7635,0.3333,0,3,1,288,31,0.5391,147.68,0,0,0,0
ORD_101_00626,PIN_038,Apparel,0,0.14634146341463414,0.19776119402985073,-0.9341,1.2,0,2,1,448,39,0.3394,77.06,1,0,0,0
ORD_101_00627,PIN_020,Apparel,0,0.2413793103448276,0.19776119402985073,4.0,0.2,0,0,1,10,47,0.4411,32.04,1,0,0,0
ORD_101_00628,PIN_049,Books,1,0.23333333333333334,0.01764705882352941,0.0453,0.5,1,3,1,556,24,0.2291,89.76,0,0,0,0
ORD_101_00629,PIN_018,Electronics,0,0.18421052631578946,0.5535911602209945,-1.9251,0.3333,0,2,1,500,48,0.4279,49.49,1,0,0,0
ORD_101_00630,PIN_060,Apparel,0,0.25806451612903225,0.19776119402985073,2.6379,0.2,0,0,1,229,61,0.0666,114.42,1,0,0,0
ORD_101_00631,PIN_010,Home,0,0.24444444444444444,0.03017241379310345,-1.0522,0.5,0,1,1,323,50,0.1803,39.93,1,0,0,0
ORD_101_00632,PIN_031,Electronics,0,0.1875,0.5535911602209945,-1.7195,0.3333,1,5,1,58,24,0.2976,49.85,1,0,0,1
ORD_101_00633,PIN_009,Home,0,0.23684210526315788,0.03017241379310345,-0.945,0.25,0,3,1,309,62,0.0602,32.57,1,0,0,0
ORD_101_00634,PIN_026,Electronics,0,0.1891891891891892,0.5535911602209945,0.6288,0.6667,0,4,1,291,26,0.6449,65.97,1,0,0,1
ORD_101_00635,PIN_053,Apparel,0,0.22857142857142856,0.19776119402985073,-0.8395,0.2,0,3,1,470,10,0.2621,98.21,1,0,0,0
ORD_101_00636,PIN_073,Apparel,0,0.25,0.19776119402985073,1.5417,0.2,0,3,1,21,31,0.1525,127.73,1,0,0,0
ORD_101_00637,PIN_073,Electronics,1,0.25,0.5535911602209945,-1.7578,0.3333,1,2,1,89,36,0.0709,122.33,1,0,0,1
ORD_101_00638,PIN_011,Apparel,1,0.10810810810810811,0.19776119402985073,-0.674,0.2,1,1,1,1236,51,0.1472,27.52,0,0,0,0
ORD_101_00639,PIN_068,Apparel,0,0.225,0.19776119402985073,1.1127,0.2,1,2,1,608,33,0.0551,123.18,1,0,0,0
ORD_101_00640,PIN_025,Electronics,0,0.21052631578947367,0.5535911602209945,-1.8332,0.3333,0,2,1,569,56,0.1959,55.25,1,0,0,0
ORD_101_00641,PIN_077,Electronics,1,0.358974358974359,0.5535911602209945,-1.3165,0.3333,1,1,1,297,52,0.5476,141.15,1,0,0,1
ORD_101_00642,PIN_059,Home,0,0.21739130434782608,0.03017241379310345,-0.2851,0.25,0,1,1,816,35,0.1738,101.77,1,0,0,0
ORD_101_00643,PIN_041,Apparel,0,0.21875,0.19776119402985073,1.1147,0.2,0,4,1,218,67,0.4463,93.25,1,0,0,0
ORD_101_00644,PIN_063,Apparel,0,0.175,0.19776119402985073,0.3323,0.2,0,3,1,96,41,0.3406,129.99,1,0,0,0
ORD_101_00645,PIN_052,Apparel,0,0.2571428571428571,0.19776119402985073,1.2903,0.2,1,4,1,89,10,0.188,98.42,1,0,0,0
ORD_101_00646,PIN_059,Apparel,0,0.21739130434782608,0.19776119402985073,0.5568,0.2,1,1,1,241,24,0.1358,102.0,0,0,0,0
ORD_101_00647,PIN_014,Apparel,0,0.20689655172413793,0.19776119402985073,4.0,0.2,0,2,1,612,54,0.1587,40.53,1,0,0,0
ORD_101_00648,PIN_025,Apparel,3,0.21052631578947367,0.19776119402985073,1.4619,0.2,1,1,1,449,49,0.1065,45.23,1,0,0,1
ORD_101_00649,PIN_071,Apparel,0,0.43243243243243246,0.19776119402985073,-0.0646,0.2,0,5,1,53,10,0.1678,135.35,1,0,0,0
ORD_101_00650,PIN_090,Apparel,0,0.42424242424242425,0.19776119402985073,4.0,0.2,1,4,1,48,54,0.2491,167.7,1,0,0,0
ORD_101_00651,PIN_004,Apparel,1,0.21212121212121213,0.19776119402985073,4.0,0.4,0,3,1,103,68,0.2896,26.54,1,0,0,0
ORD_101_00652,PIN_084,Apparel,0,0.28,0.19776119402985073,0.766,0.2,1,6,1,453,44,0.2794,152.57,0,0,0,0
ORD_101_00653,PIN_033,Apparel,0,0.15151515151515152,0.19776119402985073,2.7907,0.2,0,5,1,243,45,0.394,73.46,0,0,0,0
ORD_101_00654,PIN_025,Electronics,2,0.21052631578947367,0.5535911602209945,-1.1099,0.3333,0,1,1,7,55,0.1939,60.22,1,0,0,1
ORD_101_00655,PIN_024,Electronics,0,0.26666666666666666,0.5535911602209945,-1.5734,0.3333,0,4,1,99,37,0.3717,32.47,1,0,0,1
ORD_101_00656,PIN_016,Books,0,0.20930232558139536,0.01764705882352941,4.0,1.5,0,5,1,95,60,0.4517,38.22,1,0,0,0
ORD_101_00657,PIN_074,Apparel,0,0.23076923076923078,0.19776119402985073,0.855,0.2,0,0,2,736,44,0.2415,144.91,1,0,0,0
ORD_101_00658,PIN_052,Electronics,0,0.2571428571428571,0.5535911602209945,-0.4832,0.3333,0,1,1,72,41,0.2589,108.6,1,0,0,0
ORD_101_00659,PIN_009,Apparel,1,0.23684210526315788,0.19776119402985073,4.0,0.2,0,1,1,23,21,0.5731,17.45,0,0,0,0
ORD_101_00660,PIN_011,Beauty,0,0.10810810810810811,0.02,4.0,0.1667,1,4,1,600,23,0.5737,34.28,1,0,0,0
ORD_101_00661,PIN_051,Apparel,0,0.375,0.19776119402985073,0.8258,0.2,1,4,1,277,53,0.5053,99.15,1,0,0,0
ORD_101_00662,PIN_027,Apparel,0,0.1875,0.19776119402985073,-1.2518,0.2,0,0,2,613,47,0.2946,60.09,0,0,0,0
ORD_101_00663,PIN_086,Books,0,0.3783783783783784,0.01764705882352941,1.1784,0.5,0,1,1,86,57,0.4367,148.98,1,0,0,0
ORD_101_00664,PIN_020,Books,0,0.2413793103448276,0.01764705882352941,4.0,0.25,0,3,1,25,51,0.2158,26.28,0,0,0,0
ORD_101_00665,PIN_083,Beauty,0,0.3404255319148936,0.02,3.0291,0.1667,0,0,1,348,41,0.1412,148.51,1,0,0,0
ORD_101_00666,PIN_018,Apparel,0,0.18421052631578946,0.19776119402985073,0.4231,0.2,0,3,1,10,46,0.43,10.22,0,0,0,0
ORD_101_00667,PIN_088,Apparel,0,0.29411764705882354,0.19776119402985073,-0.7955,0.2,0,1,1,264,60,0.1134,161.17,1,0,0,0
ORD_101_00668,PIN_031,Electronics,0,0.1875,0.5535911602209945,-1.3954,0.3333,0,0,1,114,80,0.2276,63.88,0,0,0,0
ORD_101_00669,PIN_069,Home,0,0.25806451612903225,0.03017241379310345,-1.3989,0.25,1,5,2,76,26,0.2947,121.76,1,0,0,0
ORD_101_00670,PIN_022,Electronics,0,0.15384615384615385,0.5535911602209945,-1.8795,0.6667,1,1,1,748,53,0.6085,49.48,0,0,0,0
ORD_101_00671,PIN_041,Home,0,0.21875,0.03017241379310345,-0.8812,0.25,0,2,1,668,29,0.4073,77.79,1,0,0,0
ORD_101_00672,PIN_044,Beauty,0,0.21428571428571427,0.02,-1.3006,0.3333,0,4,1,442,31,0.3979,74.91,1,0,0,0
ORD_101_00673,PIN_074,Apparel,0,0.23076923076923078,0.19776119402985073,0.7887,0.4,0,5,1,445,39,0.151,146.74,1,0,0,0
ORD_101_00674,PIN_001,Apparel,0,0.1282051282051282,0.19776119402985073,4.0,0.4,0,2,2,664,18,0.3556,15.02,1,0,0,0
ORD_101_00675,PIN_033,Apparel,0,0.15151515151515152,0.19776119402985073,1.1722,0.2,0,4,2,14,56,0.2584,61.9,1,0,0,1
ORD_101_00676,PIN_019,Electronics,0,0.13513513513513514,0.5535911602209945,-1.6917,0.3333,0,4,1,297,29,0.2726,54.66,1,0,0,1
ORD_101_00677,PIN_067,Apparel,0,0.19444444444444445,0.19776119402985073,-1.1257,0.2,0,2,1,407,41,0.2188,118.19,0,0,0,0
ORD_101_00678,PIN_014,Apparel,0,0.20689655172413793,0.19776119402985073,-1.1151,0.2,1,1,1,691,47,0.1663,35.13,1,0,0,0
ORD_101_00679,PIN_066,Apparel,0,0.34210526315789475,0.19776119402985073,2.802,0.2,0,4,1,311,53,0.6209,132.4,1,0,0,1
ORD_101_00680,PIN_084,Beauty,1,0.28,0.02,-0.2169,0.5,0,2,1,37,47,0.3982,153.43,0,0,0,0
ORD_101_00681,PIN_044,Home,0,0.21428571428571427,0.03017241379310345,-1.0536,1.0,1,1,2,370,34,0.2037,73.82,1,0,0,0
ORD_101_00682,PIN_088,Apparel,0,0.29411764705882354,0.19776119402985073,4.0,0.2,0,2,2,81,38,0.4841,175.63,1,0,0,1
ORD_101_00683,PIN_026,Electronics,0,0.1891891891891892,0.5535911602209945,-1.9326,0.6667,0,0,1,975,38,0.3319,45.48,0,0,0,0
ORD_101_00684,PIN_005,Apparel,0,0.06666666666666667,0.19776119402985073,-1.3239,0.2,0,1,1,816,52,0.2333,27.14,1,0,0,0
ORD_101_00685,PIN_090,Apparel,0,0.42424242424242425,0.19776119402985073,4.0,0.4,0,3,1,181,46,0.5493,167.83,0,0,0,0
ORD_101_00686,PIN_038,Home,0,0.14634146341463414,0.03017241379310345,0.4378,0.25,1,1,1,630,39,0.4483,78.87,1,0,0,0
ORD_101_00687,PIN_023,Beauty,0,0.1875,0.02,-0.7406,0.1667,1,3,1,117,58,0.1791,49.94,1,0,0,0
ORD_101_00688,PIN_058,Apparel,0,0.28125,0.19776119402985073,1.4809,0.2,0,1,1,105,46,0.1309,112.11,0,0,0,0
ORD_101_00689,PIN_034,Beauty,0,0.22580645161290322,0.02,1.2696,0.1667,0,2,1,714,50,0.3953,70.49,0,0,0,0
ORD_101_00690,PIN_056,Apparel,0,0.25,0.19776119402985073,-1.0072,0.2,1,6,1,273,86,0.2343,112.65,1,0,0,0
ORD_101_00691,PIN_014,Electronics,0,0.20689655172413793,0.5535911602209945,-1.9032,0.3333,0,1,1,473,40,0.301,39.36,0,0,0,0
ORD_101_00692,PIN_045,Electronics,0,0.2777777777777778,0.5535911602209945,0.594,0.3333,0,1,1,88,50,0.2144,91.24,0,0,0,0
ORD_101_00693,PIN_090,Electronics,0,0.42424242424242425,0.5535911602209945,-1.6292,0.3333,0,5,1,439,43,0.341,167.39,0,0,0,0
ORD_101_00694,PIN_030,Apparel,0,0.09090909090909091,0.19776119402985073,0.6393,0.2,0,2,1,17,61,0.2852,54.3,1,0,0,0
ORD_101_00695,PIN_010,Home,0,0.24444444444444444,0.03017241379310345,-1.8285,0.25,1,4,3,187,15,0.4687,29.2,1,0,0,0
ORD_101_00696,PIN_056,Beauty,0,0.25,0.02,2.1129,0.3333,0,2,1,34,46,0.2333,107.12,0,0,0,0
ORD_101_00697,PIN_082,Apparel,0,0.25,0.19776119402985073,-1.0917,0.2,0,2,1,408,53,0.3249,160.48,1,0,0,0
ORD_101_00698,PIN_035,Apparel,0,0.05714285714285714,0.19776119402985073,-1.1389,0.2,1,3,1,355,25,0.4408,74.96,0,0,0,0
ORD_101_00699,PIN_058,Apparel,1,0.28125,0.19776119402985073,4.0,0.2,1,2,1,634,38,0.2307,101.59,0,0,0,0
ORD_101_00700,PIN_018,Apparel,0,0.18421052631578946,0.19776119402985073,-0.5843,0.2,0,1,1,741,43,0.3919,51.21,0,0,0,0
ORD_101_00701,PIN_024,Electronics,0,0.26666666666666666,0.5535911602209945,-1.7487,1.6667,0,4,1,448,37,0.3196,47.54,1,0,0,0
ORD_101_00702,PIN_082,Home,0,0.25,0.03017241379310345,1.2883,0.25,1,0,1,539,63,0.2601,153.63,1,0,0,0
ORD_101_00703,PIN_063,Electronics,0,0.175,0.5535911602209945,-0.9049,0.3333,1,2,1,405,42,0.3487,120.23,0,0,0,0
ORD_101_00704,PIN_029,Home,0,0.16666666666666666,0.03017241379310345,-1.398,0.25,0,1,1,392,81,0.3382,59.22,0,0,0,0
ORD_101_00705,PIN_071,Home,0,0.43243243243243246,0.03017241379310345,-0.5763,0.25,0,6,1,40,55,0.3082,124.58,1,0,0,0
ORD_101_00706,PIN_030,Apparel,0,0.09090909090909091,0.19776119402985073,0.0763,0.2,0,0,2,1016,50,0.5229,59.73,1,0,0,0
ORD_101_00707,PIN_066,Beauty,0,0.34210526315789475,0.02,3.3247,0.1667,0,2,1,114,59,0.3033,112.2,1,0,0,0
ORD_101_00708,PIN_045,Apparel,0,0.2777777777777778,0.19776119402985073,4.0,0.2,0,1,1,292,30,0.2987,66.8,1,0,0,0
ORD_101_00709,PIN_011,Beauty,0,0.10810810810810811,0.02,4.0,0.1667,0,0,2,82,34,0.1514,20.85,1,0,0,0
ORD_101_00710,PIN_053,Home,0,0.22857142857142856,0.03017241379310345,-1.7498,0.25,0,4,2,315,23,0.4615,107.32,1,0,0,0
ORD_101_00711,PIN_002,Electronics,0,0.15,0.5535911602209945,-1.595,0.3333,1,3,1,189,54,0.2712,1.0,1,0,0,0
ORD_101_00712,PIN_040,Apparel,0,0.21428571428571427,0.19776119402985073,-1.4996,0.2,0,2,1,602,36,0.1715,95.33,1,0,0,0
ORD_101_00713,PIN_085,Electronics,0,0.25,0.5535911602209945,-1.6105,0.3333,1,2,1,201,56,0.15,150.1,0,0,0,0
ORD_101_00714,PIN_069,Apparel,0,0.25806451612903225,0.19776119402985073,-0.2466,0.2,0,1,1,400,45,0.2215,136.09,1,0,0,0
ORD_101_00715,PIN_030,Electronics,0,0.09090909090909091,0.5535911602209945,-1.838,0.3333,0,1,1,108,56,0.1583,59.09,1,0,0,0
ORD_101_00716,PIN_034,Electronics,0,0.22580645161290322,0.5535911602209945,-1.9029,0.3333,1,3,1,1321,39,0.1443,73.7,1,0,0,0
ORD_101_00717,PIN_081,Apparel,0,0.375,0.19776119402985073,-0.3713,0.2,0,3,1,49,22,0.2369,142.25,1,0,0,0
ORD_101_00718,PIN_022,Home,2,0.15384615384615385,0.03017241379310345,-0.9313,0.25,0,5,1,314,51,0.1198,43.39,0,0,0,0
ORD_101_00719,PIN_025,Electronics,0,0.21052631578947367,0.5535911602209945,-0.0865,0.3333,0,1,1,897,36,0.0626,56.33,0,0,0,0
ORD_101_00720,PIN_040,Apparel,0,0.21428571428571427,0.19776119402985073,-0.7731,0.4,0,2,1,944,44,0.1574,64.18,1,0,0,0
ORD_101_00721,PIN_056,Home,0,0.25,0.03017241379310345,-1.5834,0.5,0,2,1,119,34,0.2152,113.07,1,0,0,0
ORD_101_00722,PIN_035,Beauty,0,0.05714285714285714,0.02,-0.6843,0.1667,0,4,1,649,34,0.6277,80.51,1,0,0,0
ORD_101_00723,PIN_021,Apparel,0,0.15151515151515152,0.19776119402985073,-0.4353,0.2,0,3,1,152,47,0.0932,46.67,1,0,0,0
ORD_101_00724,PIN_005,Books,0,0.06666666666666667,0.01764705882352941,2.9114,0.25,0,2,2,345,44,0.4674,1.0,1,0,0,0
ORD_101_00725,PIN_066,Books,0,0.34210526315789475,0.01764705882352941,4.0,0.25,0,5,1,259,45,0.2154,123.28,1,0,0,0
ORD_101_00726,PIN_089,Beauty,0,0.3888888888888889,0.02,4.0,0.1667,0,5,1,6,27,0.0494,158.21,1,0,0,0
ORD_101_00727,PIN_027,Apparel,0,0.1875,0.19776119402985073,0.3522,0.2,0,3,1,1067,39,0.1026,58.47,1,0,0,0
ORD_101_00728,PIN_065,Electronics,1,0.2619047619047619,0.5535911602209945,-1.9186,1.3333,0,3,1,404,57,0.1072,110.72,0,0,0,0
ORD_101_00729,PIN_087,Electronics,0,0.23333333333333334,0.5535911602209945,-1.6465,0.3333,0,3,2,693,16,0.2408,139.81,1,0,0,1
ORD_101_00730,PIN_004,Books,0,0.21212121212121213,0.01764705882352941,4.0,0.75,0,0,1,66,55,0.0894,20.51,0,0,0,0
ORD_101_00731,PIN_030,Electronics,2,0.09090909090909091,0.5535911602209945,-1.1714,0.3333,0,1,1,244,42,0.1837,63.74,0,0,0,0
ORD_101_00732,PIN_006,Apparel,0,0.23529411764705882,0.19776119402985073,2.4662,0.2,1,1,1,554,51,0.2134,2.42,1,0,0,0
ORD_101_00733,PIN_079,Beauty,0,0.2571428571428571,0.02,4.0,0.1667,1,5,1,450,27,0.3802,145.66,0,0,0,0
ORD_101_00734,PIN_054,Electronics,1,0.34782608695652173,0.5535911602209945,-1.6757,1.0,1,2,1,342,75,0.098,107.84,0,0,0,0
ORD_101_00735,PIN_037,Electronics,1,0.21875,0.5535911602209945,0.5376,0.3333,0,4,1,42,49,0.0178,71.11,0,0,0,0
ORD_101_00736,PIN_027,Electronics,0,0.1875,0.5535911602209945,-1.6315,0.3333,0,2,1,171,65,0.3548,74.39,1,0,0,0
ORD_101_00737,PIN_064,Home,0,0.13157894736842105,0.03017241379310345,-0.2948,0.25,0,1,1,755,57,0.1312,124.46,1,0,0,0
ORD_101_00738,PIN_011,Apparel,0,0.10810810810810811,0.19776119402985073,-0.2498,0.2,0,4,1,204,38,0.2991,19.22,1,0,0,0
ORD_101_00739,PIN_009,Electronics,0,0.23684210526315788,0.5535911602209945,-1.5091,0.3333,0,3,1,374,60,0.3411,28.61,1,0,0,0
ORD_101_00740,PIN_088,Electronics,0,0.29411764705882354,0.5535911602209945,-1.6651,0.3333,0,3,1,313,44,0.287,166.16,1,0,0,1
ORD_101_00741,PIN_034,Apparel,0,0.22580645161290322,0.19776119402985073,-1.4117,0.2,0,2,1,186,54,0.2069,69.03,0,0,0,0
ORD_101_00742,PIN_049,Apparel,0,0.23333333333333334,0.19776119402985073,3.8526,0.2,0,2,1,352,34,0.2318,77.05,1,0,0,0
ORD_101_00743,PIN_078,Home,0,0.2647058823529412,0.03017241379310345,-0.5407,0.25,0,4,1,134,56,0.0524,141.22,1,0,0,0
ORD_101_00744,PIN_013,Electronics,0,0.16666666666666666,0.5535911602209945,-1.8895,0.3333,0,2,1,6,57,0.328,34.62,0,0,0,0
ORD_101_00745,PIN_061,Apparel,0,0.45454545454545453,0.19776119402985073,2.5777,0.2,0,3,1,176,55,0.5688,119.86,0,0,0,0
ORD_101_00746,PIN_066,Beauty,0,0.34210526315789475,0.02,4.0,0.1667,0,2,1,299,16,0.3305,124.28,1,0,0,0
ORD_101_00747,PIN_049,Books,0,0.23333333333333334,0.01764705882352941,4.0,0.25,0,0,1,71,36,0.166,103.78,1,0,0,0
ORD_101_00748,PIN_080,Home,0,0.32,0.03017241379310345,1.2837,1.0,0,4,1,378,79,0.5378,148.33,1,0,0,0
ORD_101_00749,PIN_037,Beauty,0,0.21875,0.02,-1.3721,0.6667,0,2,1,123,53,0.3008,72.64,1,0,0,0
ORD_101_00750,PIN_030,Electronics,0,0.09090909090909091,0.5535911602209945,-1.4717,0.3333,0,2,1,1338,31,0.3538,67.89,0,0,0,0
ORD_101_00751,PIN_064,Apparel,2,0.13157894736842105,0.19776119402985073,0.2466,0.2,0,2,1,488,37,0.5314,115.49,1,0,0,1
ORD_101_00752,PIN_058,Books,0,0.28125,0.01764705882352941,-0.5504,0.25,0,4,1,279,11,0.3521,106.87,1,0,0,0
ORD_101_00753,PIN_036,Apparel,0,0.3,0.19776119402985073,4.0,0.2,0,3,1,136,38,0.2808,84.54,1,0,0,0
ORD_101_00754,PIN_052,Electronics,0,0.2571428571428571,0.5535911602209945,-1.4564,0.3333,0,1,1,634,48,0.1257,90.12,1,0,0,0
ORD_101_00755,PIN_027,Apparel,0,0.1875,0.19776119402985073,1.9137,0.4,1,2,1,581,35,0.6839,55.33,0,0,0,0
ORD_101_00756,PIN_081,Electronics,0,0.375,0.5535911602209945,-1.906,1.0,0,2,1,208,41,0.3096,148.29,1,0,0,1
ORD_101_00757,PIN_007,Beauty,0,0.125,0.02,3.1292,0.1667,0,4,1,40,46,0.5736,22.73,1,0,0,0
ORD_101_00758,PIN_081,Electronics,0,0.375,0.5535911602209945,-1.839,0.3333,0,0,1,147,47,0.1809,145.61,0,0,0,0
ORD_101_00759,PIN_032,Apparel,0,0.11538461538461539,0.19776119402985073,-1.3169,0.4,0,3,1,111,35,0.0329,63.01,0,0,0,0
ORD_101_00760,PIN_038,Apparel,0,0.14634146341463414,0.19776119402985073,1.7492,0.8,0,0,1,424,53,0.1154,68.56,0,0,0,0
ORD_101_00761,PIN_016,Apparel,0,0.20930232558139536,0.19776119402985073,-1.0433,0.2,0,3,1,168,13,0.1117,40.72,0,0,0,0
ORD_101_00762,PIN_043,Beauty,0,0.34615384615384615,0.02,-0.5001,0.3333,0,2,1,470,59,0.4886,85.58,1,0,0,0
ORD_101_00763,PIN_006,Electronics,1,0.23529411764705882,0.5535911602209945,-1.0612,0.3333,0,3,2,200,57,0.3479,14.42,0,0,0,0
ORD_101_00764,PIN_005,Electronics,0,0.06666666666666667,0.5535911602209945,-1.1279,1.0,0,1,1,4,57,0.3016,24.15,0,0,0,0
ORD_101_00765,PIN_070,Electronics,1,0.2682926829268293,0.5535911602209945,-1.8961,0.3333,1,0,1,161,67,0.3187,120.66,1,0,0,1
ORD_101_00766,PIN_006,Apparel,0,0.23529411764705882,0.19776119402985073,4.0,0.6,1,2,1,101,34,0.0722,23.3,0,0,0,0
ORD_101_00767,PIN_039,Books,0,0.2647058823529412,0.01764705882352941,1.7025,0.25,0,3,1,801,50,0.3831,74.73,1,0,0,0
ORD_101_00768,PIN_019,Home,0,0.13513513513513514,0.03017241379310345,0.4676,0.25,1,4,1,361,37,0.6181,50.13,1,0,0,0
ORD_101_00769,PIN_031,Apparel,0,0.1875,0.19776119402985073,-0.2005,1.6,1,2,1,161,61,0.4565,51.05,0,0,0,0
ORD_101_00770,PIN_035,Apparel,0,0.05714285714285714,0.19776119402985073,-0.3345,1.0,0,1,1,303,67,0.3392,68.79,1,0,0,0
ORD_101_00771,PIN_023,Beauty,0,0.1875,0.02,4.0,0.5,0,7,1,7,76,0.0731,38.9,0,0,0,0
ORD_101_00772,PIN_073,Apparel,0,0.25,0.19776119402985073,0.0971,0.2,0,1,1,18,39,0.3427,141.56,1,0,0,0
ORD_101_00773,PIN_002,Home,0,0.15,0.03017241379310345,-0.6122,0.25,0,3,1,149,46,0.5619,1.0,1,0,0,0
ORD_101_00774,PIN_085,Beauty,0,0.25,0.02,4.0,0.3333,0,3,1,1937,34,0.5069,145.54,1,0,0,0
ORD_101_00775,PIN_056,Electronics,0,0.25,0.5535911602209945,-1.5388,0.3333,0,3,1,25,42,0.2766,100.0,1,0,0,1
ORD_101_00776,PIN_023,Beauty,0,0.1875,0.02,-0.1401,0.6667,0,1,1,214,32,0.3217,49.11,1,0,0,0
ORD_101_00777,PIN_015,Books,0,0.1724137931034483,0.01764705882352941,3.1801,0.25,0,2,4,508,30,0.1832,33.31,1,0,0,0
ORD_101_00778,PIN_006,Apparel,0,0.23529411764705882,0.19776119402985073,-0.4362,0.2,0,2,1,518,59,0.3502,5.32,1,0,0,0
ORD_101_00779,PIN_065,Electronics,0,0.2619047619047619,0.5535911602209945,-1.8175,1.0,0,4,1,21,19,0.5892,123.96,1,0,0,1
ORD_101_00780,PIN_015,Electronics,0,0.1724137931034483,0.5535911602209945,-1.6218,0.3333,0,2,1,156,71,0.3888,26.88,0,0,0,0
ORD_101_00781,PIN_032,Books,0,0.11538461538461539,0.01764705882352941,4.0,0.25,0,1,1,49,26,0.2495,74.42,1,0,0,0
ORD_101_00782,PIN_002,Electronics,0,0.15,0.5535911602209945,-1.8095,0.3333,0,6,1,75,84,0.5771,16.52,0,0,0,0
ORD_101_00783,PIN_003,Home,0,0.275,0.03017241379310345,-0.8797,0.25,0,3,1,181,49,0.4157,24.08,1,0,0,0
ORD_101_00784,PIN_018,Home,0,0.18421052631578946,0.03017241379310345,4.0,0.25,1,2,2,326,39,0.2834,52.01,1,0,0,0
ORD_101_00785,PIN_053,Apparel,0,0.22857142857142856,0.19776119402985073,0.3942,0.2,1,1,1,336,35,0.6603,108.48,1,0,0,0
ORD_101_00786,PIN_086,Electronics,0,0.3783783783783784,0.5535911602209945,-1.4187,0.3333,1,2,1,122,33,0.4575,156.02,1,0,0,1
ORD_101_00787,PIN_016,Electronics,0,0.20930232558139536,0.5535911602209945,-1.9094,3.3333,0,0,1,205,32,0.3224,35.8,1,0,0,0
ORD_101_00788,PIN_019,Electronics,0,0.13513513513513514,0.5535911602209945,-1.6862,0.6667,0,1,1,805,35,0.0438,36.8,0,0,0,0
ORD_101_00789,PIN_054,Apparel,0,0.34782608695652173,0.19776119402985073,-1.275,0.2,0,2,1,622,51,0.2755,91.4,1,0,0,0
ORD_101_00790,PIN_005,Beauty,0,0.06666666666666667,0.02,-0.7625,0.1667,0,4,1,86,34,0.2023,22.1,1,0,0,0
ORD_101_00791,PIN_035,Apparel,0,0.05714285714285714,0.19776119402985073,4.0,0.4,0,5,1,205,53,0.0049,80.23,1,0,0,0
ORD_101_00792,PIN_054,Electronics,0,0.34782608695652173,0.5535911602209945,-0.6517,0.3333,0,0,1,399,11,0.6268,101.29,1,0,0,1
ORD_101_00793,PIN_082,Beauty,0,0.25,0.02,4.0,0.1667,0,3,2,331,61,0.4492,148.85,1,0,0,0
ORD_101_00794,PIN_034,Apparel,0,0.22580645161290322,0.19776119402985073,0.7672,0.2,0,3,1,84,49,0.4217,67.7,0,0,0,0
ORD_101_00795,PIN_076,Apparel,0,0.4117647058823529,0.19776119402985073,4.0,0.4,0,4,1,165,45,0.3419,145.72,0,0,0,0
ORD_101_00796,PIN_061,Home,0,0.45454545454545453,0.03017241379310345,-1.4677,0.75,1,2,1,341,41,0.0242,128.01,0,0,0,0
ORD_101_00797,PIN_045,Electronics,0,0.2777777777777778,0.5535911602209945,-1.5021,0.6667,0,1,1,246,63,0.3229,87.49,1,0,0,0
ORD_101_00798,PIN_071,Electronics,0,0.43243243243243246,0.5535911602209945,-1.7867,0.3333,0,2,1,56,65,0.3553,124.24,1,0,0,1
ORD_101_00799,PIN_078,Electronics,0,0.2647058823529412,0.5535911602209945,-1.4549,0.3333,0,4,2,88,32,0.1414,140.64,1,0,0,1
ORD_101_00800,PIN_075,Electronics,0,0.26666666666666666,0.5535911602209945,-1.4011,0.3333,1,7,1,16,65,0.1863,143.17,1,0,0,1
ORD_101_00801,PIN_068,Apparel,0,0.225,0.19776119402985073,1.1555,0.2,1,2,1,223,39,0.3987,131.58,1,0,0,0
ORD_101_00802,PIN_067,Electronics,0,0.19444444444444445,0.5535911602209945,-1.2131,0.3333,0,0,1,450,64,0.1506,138.54,0,0,0,0
ORD_101_00803,PIN_034,Electronics,0,0.22580645161290322,0.5535911602209945,-0.9588,0.3333,0,7,1,46,48,0.1128,76.83,1,0,0,1
ORD_101_00804,PIN_025,Electronics,0,0.21052631578947367,0.5535911602209945,-1.591,0.3333,0,6,1,99,52,0.164,49.93,1,0,0,0
ORD_101_00805,PIN_032,Apparel,0,0.11538461538461539,0.19776119402985073,4.0,0.2,0,2,1,1047,49,0.1508,66.46,1,0,0,0
ORD_101_00806,PIN_018,Apparel,1,0.18421052631578946,0.19776119402985073,-1.2208,0.2,1,2,1,225,39,0.3873,40.77,0,0,0,0
ORD_101_00807,PIN_049,Electronics,0,0.23333333333333334,0.5535911602209945,-1.8751,0.3333,0,5,1,38,63,0.5133,90.07,1,0,0,1
ORD_101_00808,PIN_054,Apparel,0,0.34782608695652173,0.19776119402985073,-0.5023,0.2,0,1,1,597,22,0.2624,99.76,0,0,0,0
ORD_101_00809,PIN_075,Apparel,0,0.26666666666666666,0.19776119402985073,-0.9582,0.2,0,1,1,253,36,0.0449,152.14,1,0,0,0
ORD_101_00810,PIN_061,Apparel,0,0.45454545454545453,0.19776119402985073,-1.6024,0.2,0,0,1,98,47,0.1931,107.79,0,0,0,0
ORD_101_00811,PIN_020,Apparel,0,0.2413793103448276,0.19776119402985073,-1.1532,0.2,0,1,1,316,53,0.6239,37.69,0,0,0,0
ORD_101_00812,PIN_043,Electronics,0,0.34615384615384615,0.5535911602209945,-0.2729,2.3333,0,3,1,109,42,0.3974,90.77,0,0,0,0
ORD_101_00813,PIN_040,Apparel,0,0.21428571428571427,0.19776119402985073,3.745,0.2,0,1,1,1084,36,0.3244,66.23,1,0,0,0
ORD_101_00814,PIN_028,Apparel,0,0.0625,0.19776119402985073,3.16,1.2,0,3,2,342,24,0.4314,63.11,0,0,0,0
ORD_101_00815,PIN_070,Home,0,0.2682926829268293,0.03017241379310345,-1.3005,2.5,0,2,1,362,48,0.4204,141.61,0,0,0,0
ORD_101_00816,PIN_070,Home,0,0.2682926829268293,0.03017241379310345,-0.2725,0.25,0,0,1,69,19,0.5104,136.59,0,0,0,0
ORD_101_00817,PIN_038,Apparel,0,0.14634146341463414,0.19776119402985073,4.0,0.4,0,2,1,66,23,0.1668,80.51,0,0,0,0
ORD_101_00818,PIN_058,Home,0,0.28125,0.03017241379310345,-0.7483,0.25,0,1,1,108,33,0.1052,102.03,1,0,0,0
ORD_101_00819,PIN_055,Electronics,1,0.19047619047619047,0.5535911602209945,-1.6206,0.3333,1,3,1,109,24,0.0912,97.56,1,0,0,1
ORD_101_00820,PIN_052,Beauty,0,0.2571428571428571,0.02,1.2241,0.1667,0,3,1,195,24,0.0956,107.98,0,0,0,0
ORD_101_00821,PIN_077,Electronics,0,0.358974358974359,0.5535911602209945,-1.4395,0.6667,0,6,1,7,33,0.2604,141.89,1,0,0,1
ORD_101_00822,PIN_039,Apparel,1,0.2647058823529412,0.19776119402985073,-1.558,0.2,0,2,1,203,57,0.5588,78.56,1,0,0,1
ORD_101_00823,PIN_007,Electronics,0,0.125,0.5535911602209945,-0.9141,0.3333,0,4,1,256,49,0.1629,21.3,0,0,0,0
ORD_101_00824,PIN_035,Apparel,0,0.05714285714285714,0.19776119402985073,4.0,0.4,0,1,1,322,53,0.3589,69.92,0,0,0,0
ORD_101_00825,PIN_078,Apparel,0,0.2647058823529412,0.19776119402985073,4.0,0.2,0,4,1,534,64,0.246,138.11,1,0,0,0
ORD_101_00826,PIN_062,Electronics,0,0.4,0.5535911602209945,-1.9208,0.3333,0,3,1,118,61,0.3098,116.33,1,0,0,1
ORD_101_00827,PIN_079,Apparel,2,0.2571428571428571,0.19776119402985073,-1.0013,0.2,0,5,1,322,61,0.2929,123.35,0,0,0,0
ORD_101_00828,PIN_006,Beauty,0,0.23529411764705882,0.02,3.2456,0.1667,0,1,1,295,60,0.1529,17.61,0,0,0,0
ORD_101_00829,PIN_021,Books,0,0.15151515151515152,0.01764705882352941,4.0,0.75,1,4,1,540,58,0.329,51.97,0,0,0,0
ORD_101_00830,PIN_075,Electronics,0,0.26666666666666666,0.5535911602209945,-1.5838,0.3333,1,2,1,394,34,0.0382,145.69,1,0,0,0
ORD_101_00831,PIN_002,Electronics,1,0.15,0.5535911602209945,-1.5057,0.3333,0,4,1,165,41,0.4422,13.43,1,0,0,1
ORD_101_00832,PIN_033,Apparel,0,0.15151515151515152,0.19776119402985073,-1.2415,1.0,0,4,1,1266,64,0.4349,59.42,0,0,0,0
ORD_101_00833,PIN_039,Books,0,0.2647058823529412,0.01764705882352941,0.2591,0.25,1,3,1,156,61,0.0768,69.62,1,0,0,0
ORD_101_00834,PIN_063,Home,0,0.175,0.03017241379310345,-0.9824,0.25,1,3,1,81,40,0.2101,114.96,0,0,0,0
ORD_101_00835,PIN_027,Apparel,0,0.1875,0.19776119402985073,2.2444,2.0,0,1,1,13,89,0.147,44.54,1,0,0,0
ORD_101_00836,PIN_032,Books,0,0.11538461538461539,0.01764705882352941,4.0,0.25,0,3,1,241,32,0.2702,58.69,1,0,0,0
ORD_101_00837,PIN_086,Beauty,0,0.3783783783783784,0.02,-1.3406,0.1667,0,1,1,883,28,0.7261,152.72,1,0,0,0
ORD_101_00838,PIN_016,Apparel,1,0.20930232558139536,0.19776119402985073,1.66,0.2,0,3,1,79,23,0.2381,48.33,0,0,0,0
ORD_101_00839,PIN_065,Books,0,0.2619047619047619,0.01764705882352941,4.0,2.25,0,1,1,74,36,0.3606,131.42,1,0,0,0
ORD_101_00840,PIN_019,Beauty,0,0.13513513513513514,0.02,4.0,0.1667,0,6,1,73,50,0.2862,31.81,1,0,0,0
ORD_101_00841,PIN_085,Home,0,0.25,0.03017241379310345,-0.9251,0.25,0,3,1,135,42,0.0677,175.28,0,0,0,0
ORD_101_00842,PIN_068,Home,0,0.225,0.03017241379310345,-0.5703,0.25,0,2,1,1021,47,0.3517,139.86,1,0,0,0
ORD_101_00843,PIN_053,Books,0,0.22857142857142856,0.01764705882352941,4.0,0.5,0,1,1,272,36,0.488,112.39,1,0,0,0
ORD_101_00844,PIN_064,Home,1,0.13157894736842105,0.03017241379310345,-1.7485,0.25,0,5,1,750,57,0.4611,107.59,1,0,0,0
ORD_101_00845,PIN_063,Home,0,0.175,0.03017241379310345,-1.1114,0.25,0,3,3,60,43,0.1788,138.43,0,0,0,0
ORD_101_00846,PIN_023,Apparel,0,0.1875,0.19776119402985073,-0.2792,0.4,1,1,1,39,26,0.3784,41.92,1,0,0,0
ORD_101_00847,PIN_071,Books,0,0.43243243243243246,0.01764705882352941,4.0,1.0,0,5,1,87,23,0.3141,139.24,1,0,0,0
ORD_101_00848,PIN_042,Electronics,0,0.25,0.5535911602209945,-1.0202,0.3333,0,3,2,271,55,0.4858,93.83,1,0,0,1
ORD_101_00849,PIN_074,Beauty,0,0.23076923076923078,0.02,0.0977,0.1667,1,4,1,75,10,0.3119,134.53,0,0,0,0
ORD_101_00850,PIN_043,Electronics,1,0.34615384615384615,0.5535911602209945,-1.5131,0.3333,0,4,2,231,64,0.0503,87.12,0,0,0,0
ORD_101_00851,PIN_032,Electronics,0,0.11538461538461539,0.5535911602209945,-1.5605,0.3333,0,1,1,693,55,0.2102,56.37,0,0,0,0
ORD_101_00852,PIN_082,Electronics,0,0.25,0.5535911602209945,-1.5768,0.3333,0,4,1,538,65,0.1857,131.97,1,0,0,0
ORD_101_00853,PIN_026,Beauty,0,0.1891891891891892,0.02,-1.069,0.1667,0,2,1,977,21,0.5273,45.95,0,0,0,0
ORD_101_00854,PIN_060,Home,0,0.25806451612903225,0.03017241379310345,1.8038,0.25,0,3,1,403,25,0.3747,116.89,0,0,0,0
ORD_101_00855,PIN_070,Electronics,0,0.2682926829268293,0.5535911602209945,-1.8439,0.3333,0,2,1,41,38,0.3442,134.11,0,0,0,0
ORD_101_00856,PIN_050,Electronics,1,0.375,0.5535911602209945,-1.5641,0.3333,0,2,1,18,64,0.4795,95.99,1,0,0,1
ORD_101_00857,PIN_052,Home,0,0.2571428571428571,0.03017241379310345,0.1498,0.5,0,1,1,4,18,0.1164,105.23,1,0,0,0
ORD_101_00858,PIN_072,Electronics,2,0.3548387096774194,0.5535911602209945,-1.7668,0.3333,0,0,1,968,50,0.4656,132.33,0,0,0,0
ORD_101_00859,PIN_021,Books,0,0.15151515151515152,0.01764705882352941,1.0534,0.25,0,4,1,98,40,0.3472,47.09,1,0,0,0
ORD_101_00860,PIN_042,Electronics,0,0.25,0.5535911602209945,-1.1929,0.3333,0,5,1,155,36,0.2168,87.84,1,0,0,1
ORD_101_00861,PIN_020,Home,0,0.2413793103448276,0.03017241379310345,1.0336,0.25,1,5,1,367,55,0.4796,43.45,0,0,0,0
ORD_101_00862,PIN_048,Electronics,2,0.21621621621621623,0.5535911602209945,-1.8039,0.3333,0,5,1,50,46,0.2019,81.92,1,0,0,1
ORD_101_00863,PIN_081,Apparel,0,0.375,0.19776119402985073,-1.5139,0.2,0,2,1,42,23,0.3992,154.64,0,0,0,0
ORD_101_00864,PIN_076,Books,0,0.4117647058823529,0.01764705882352941,1.6558,0.25,1,2,1,473,48,0.0853,128.59,1,0,0,0
ORD_101_00865,PIN_001,Beauty,0,0.1282051282051282,0.02,-0.8648,0.1667,0,3,1,615,53,0.0904,14.73,0,0,0,0
ORD_101_00866,PIN_054,Apparel,1,0.34782608695652173,0.19776119402985073,4.0,0.2,0,4,1,122,50,0.5375,99.92,1,0,0,1
ORD_101_00867,PIN_001,Apparel,0,0.1282051282051282,0.19776119402985073,0.0729,0.2,0,2,1,105,34,0.2784,25.21,1,0,0,0
ORD_101_00868,PIN_090,Apparel,0,0.42424242424242425,0.19776119402985073,-1.6647,0.2,0,3,1,189,64,0.1309,160.39,1,0,0,0
ORD_101_00869,PIN_015,Home,0,0.1724137931034483,0.03017241379310345,-0.1256,0.25,0,3,1,361,64,0.1755,42.22,1,0,0,0
ORD_101_00870,PIN_007,Home,0,0.125,0.03017241379310345,-1.4024,0.5,0,2,1,111,23,0.1858,23.83,1,0,0,0
ORD_101_00871,PIN_037,Home,0,0.21875,0.03017241379310345,2.1314,0.25,0,2,1,32,58,0.1454,66.88,1,0,0,0
ORD_101_00872,PIN_090,Apparel,0,0.42424242424242425,0.19776119402985073,-0.7949,0.2,0,2,1,791,45,0.3747,158.58,0,0,0,0
ORD_101_00873,PIN_012,Home,0,0.2571428571428571,0.03017241379310345,2.4882,0.25,0,1,1,124,33,0.4067,34.66,1,0,0,0
ORD_101_00874,PIN_076,Apparel,2,0.4117647058823529,0.19776119402985073,-0.929,0.2,0,3,1,260,26,0.3191,129.66,0,0,0,0
ORD_101_00875,PIN_019,Electronics,0,0.13513513513513514,0.5535911602209945,-1.3138,0.6667,1,6,1,375,55,0.2335,42.78,1,0,0,0
ORD_101_00876,PIN_060,Electronics,0,0.25806451612903225,0.5535911602209945,-1.37,0.3333,0,3,1,971,57,0.2637,112.06,0,0,0,0
ORD_101_00877,PIN_029,Electronics,0,0.16666666666666666,0.5535911602209945,-1.1002,0.3333,0,0,3,1035,58,0.1677,37.72,1,0,0,0
ORD_101_00878,PIN_025,Books,0,0.21052631578947367,0.01764705882352941,1.8369,0.25,1,1,1,18,31,0.1988,51.29,0,0,0,0
ORD_101_00879,PIN_083,Apparel,1,0.3404255319148936,0.19776119402985073,0.3519,0.4,0,3,1,50,48,0.361,161.3,1,0,0,1
ORD_101_00880,PIN_025,Apparel,0,0.21052631578947367,0.19776119402985073,-0.495,0.8,0,1,1,235,36,0.6262,53.4,0,0,0,0
ORD_101_00881,PIN_007,Books,1,0.125,0.01764705882352941,4.0,0.5,1,6,1,9,34,0.2837,27.82,0,0,0,0
ORD_101_00882,PIN_024,Electronics,0,0.26666666666666666,0.5535911602209945,-1.8957,0.3333,0,2,2,124,14,0.1681,44.25,1,0,0,1
ORD_101_00883,PIN_031,Apparel,0,0.1875,0.19776119402985073,4.0,0.2,1,3,1,676,53,0.14,46.55,0,0,0,0
ORD_101_00884,PIN_004,Apparel,0,0.21212121212121213,0.19776119402985073,-1.2099,0.2,1,0,1,134,67,0.2189,23.53,1,0,0,0
ORD_101_00885,PIN_035,Electronics,0,0.05714285714285714,0.5535911602209945,-0.3913,0.3333,0,1,1,240,28,0.4031,75.95,1,0,0,1
ORD_101_00886,PIN_048,Beauty,0,0.21621621621621623,0.02,4.0,1.6667,1,1,1,101,25,0.1674,92.62,1,0,0,0
ORD_101_00887,PIN_054,Electronics,0,0.34782608695652173,0.5535911602209945,-1.5196,0.3333,0,4,1,331,29,0.2642,104.49,1,0,0,1
ORD_101_00888,PIN_087,Apparel,1,0.23333333333333334,0.19776119402985073,-1.3946,1.0,1,3,1,87,41,0.5226,155.13,0,0,0,0
ORD_101_00889,PIN_063,Books,0,0.175,0.01764705882352941,4.0,0.25,0,3,1,21,60,0.1139,111.15,0,0,0,0
ORD_101_00890,PIN_019,Apparel,1,0.13513513513513514,0.19776119402985073,4.0,0.2,0,0,1,557,36,0.2028,37.36,0,0,0,0
ORD_101_00891,PIN_068,Electronics,0,0.225,0.5535911602209945,-1.1002,0.3333,1,1,1,99,62,0.2907,110.55,1,0,0,0
ORD_101_00892,PIN_031,Apparel,1,0.1875,0.19776119402985073,1.6292,0.2,0,3,1,326,39,0.2613,56.34,1,0,0,0
ORD_101_00893,PIN_011,Beauty,1,0.10810810810810811,0.02,-0.0939,0.1667,1,6,1,278,40,0.6451,20.6,0,0,0,0
ORD_101_00894,PIN_085,Apparel,2,0.25,0.19776119402985073,-1.5614,0.2,0,3,1,25,54,0.3858,149.3,0,0,0,0
ORD_101_00895,PIN_028,Electronics,0,0.0625,0.5535911602209945,-1.4801,0.6667,1,2,1,141,49,0.0493,56.41,0,0,0,0
ORD_101_00896,PIN_083,Apparel,0,0.3404255319148936,0.19776119402985073,1.5027,0.4,0,1,1,788,53,0.2434,150.56,1,0,0,0
ORD_101_00897,PIN_077,Beauty,0,0.358974358974359,0.02,3.3019,0.1667,0,1,1,130,44,0.1752,143.43,1,0,0,0
ORD_101_00898,PIN_030,Electronics,2,0.09090909090909091,0.5535911602209945,-1.793,0.3333,0,4,1,139,55,0.0722,67.46,1,0,0,1
ORD_101_00899,PIN_006,Apparel,0,0.23529411764705882,0.19776119402985073,-0.2554,0.2,1,4,1,8,52,0.6382,11.95,1,0,0,1
ORD_101_00900,PIN_056,Electronics,0,0.25,0.5535911602209945,-1.0528,0.3333,1,3,1,77,46,0.4505,119.42,1,0,0,1
ORD_101_00901,PIN_015,Books,0,0.1724137931034483,0.01764705882352941,1.9024,0.25,0,0,1,95,34,0.2491,44.45,1,0,0,0
ORD_101_00902,PIN_010,Beauty,0,0.24444444444444444,0.02,1.3806,0.1667,0,1,1,12,55,0.3546,34.25,1,0,0,0
ORD_101_00903,PIN_053,Electronics,3,0.22857142857142856,0.5535911602209945,-0.4632,0.6667,0,3,1,1,35,0.4048,104.11,1,0,0,1
ORD_101_00904,PIN_042,Electronics,0,0.25,0.5535911602209945,-1.5863,0.3333,0,2,1,335,80,0.4662,80.87,1,0,0,0
ORD_101_00905,PIN_010,Electronics,0,0.24444444444444444,0.5535911602209945,-1.5011,0.6667,1,8,1,18,37,0.0931,32.99,1,0,0,1
ORD_101_00906,PIN_073,Home,0,0.25,0.03017241379310345,2.4628,1.5,0,1,1,753,49,0.4316,127.29,1,0,0,0
ORD_101_00907,PIN_075,Electronics,1,0.26666666666666666,0.5535911602209945,-1.7895,0.3333,0,3,1,107,41,0.2581,133.66,1,0,0,1
ORD_101_00908,PIN_059,Apparel,0,0.21739130434782608,0.19776119402985073,-1.3612,0.6,0,2,1,199,25,0.206,111.01,1,0,0,0
ORD_101_00909,PIN_028,Home,0,0.0625,0.03017241379310345,-1.3852,0.25,1,3,1,349,53,0.0555,63.94,0,0,0,0
ORD_101_00910,PIN_031,Books,0,0.1875,0.01764705882352941,4.0,0.5,1,2,1,24,53,0.1006,60.42,1,0,0,0
ORD_101_00911,PIN_032,Books,1,0.11538461538461539,0.01764705882352941,0.3209,0.25,1,2,1,1083,32,0.4212,62.98,0,0,0,0
ORD_101_00912,PIN_076,Apparel,0,0.4117647058823529,0.19776119402985073,4.0,0.2,1,3,1,431,61,0.1321,121.1,1,0,0,0
ORD_101_00913,PIN_069,Beauty,1,0.25806451612903225,0.02,1.4534,0.1667,0,1,1,287,76,0.5206,116.06,1,0,0,0
ORD_101_00914,PIN_065,Books,0,0.2619047619047619,0.01764705882352941,4.0,0.25,0,1,1,202,44,0.2612,121.13,1,0,0,0
ORD_101_00915,PIN_074,Books,0,0.23076923076923078,0.01764705882352941,4.0,0.25,0,2,1,14,58,0.4336,140.06,0,0,0,0
ORD_101_00916,PIN_055,Beauty,2,0.19047619047619047,0.02,0.4371,0.1667,0,1,1,12,47,0.4261,101.01,0,0,0,0
ORD_101_00917,PIN_016,Apparel,0,0.20930232558139536,0.19776119402985073,4.0,0.2,0,1,1,45,35,0.4947,47.72,0,0,0,0
ORD_101_00918,PIN_070,Electronics,1,0.2682926829268293,0.5535911602209945,-1.5643,0.3333,0,1,1,22,36,0.122,129.53,0,0,0,0
ORD_101_00919,PIN_007,Apparel,0,0.125,0.19776119402985073,3.6595,0.4,1,4,1,473,43,0.3802,6.34,0,0,0,0
ORD_101_00920,PIN_078,Electronics,0,0.2647058823529412,0.5535911602209945,-1.905,1.0,0,0,1,494,40,0.3208,150.61,1,0,0,0
ORD_101_00921,PIN_057,Home,0,0.25,0.03017241379310345,1.926,1.0,0,2,1,476,62,0.2221,104.82,0,0,0,0
ORD_101_00922,PIN_043,Electronics,0,0.34615384615384615,0.5535911602209945,-0.4693,0.3333,0,1,1,923,36,0.4128,82.45,0,0,0,0
ORD_101_00923,PIN_023,Apparel,0,0.1875,0.19776119402985073,4.0,0.2,0,4,1,26,71,0.4099,38.4,1,0,0,0
ORD_101_00924,PIN_061,Electronics,0,0.45454545454545453,0.5535911602209945,-1.1878,0.6667,0,2,1,234,49,0.2194,116.12,0,0,0,0
ORD_101_00925,PIN_071,Beauty,0,0.43243243243243246,0.02,-0.4288,0.1667,1,2,1,35,46,0.1222,126.36,1,0,0,0
ORD_101_00926,PIN_017,Apparel,0,0.24242424242424243,0.19776119402985073,3.4638,0.2,0,2,2,409,52,0.1479,43.66,0,0,0,0
ORD_101_00927,PIN_050,Apparel,0,0.375,0.19776119402985073,2.6848,0.2,1,1,1,333,10,0.1588,95.42,0,0,0,0
ORD_101_00928,PIN_004,Electronics,0,0.21212121212121213,0.5535911602209945,-1.6519,0.3333,0,3,1,56,49,0.4435,20.54,1,0,0,1
ORD_101_00929,PIN_078,Home,0,0.2647058823529412,0.03017241379310345,0.7122,0.25,0,5,1,511,62,0.1477,151.22,1,0,0,0
ORD_101_00930,PIN_086,Electronics,0,0.3783783783783784,0.5535911602209945,-1.7683,0.3333,0,3,1,31,54,0.0718,153.8,0,0,0,0
ORD_101_00931,PIN_029,Electronics,0,0.16666666666666666,0.5535911602209945,-1.6879,0.3333,0,1,1,400,55,0.2353,55.3,1,0,0,0
ORD_101_00932,PIN_071,Beauty,0,0.43243243243243246,0.02,1.9145,0.1667,0,3,1,706,73,0.4352,136.53,1,0,0,0
ORD_101_00933,PIN_076,Apparel,1,0.4117647058823529,0.19776119402985073,0.6071,0.2,0,4,1,96,54,0.1234,126.97,0,0,0,0
ORD_101_00934,PIN_055,Electronics,0,0.19047619047619047,0.5535911602209945,-1.7876,0.6667,0,2,1,674,30,0.3857,107.24,1,0,0,0
ORD_101_00935,PIN_083,Beauty,0,0.3404255319148936,0.02,0.0213,1.6667,0,7,1,97,45,0.0644,151.02,0,0,0,0
ORD_101_00936,PIN_083,Electronics,0,0.3404255319148936,0.5535911602209945,-1.2409,0.3333,0,3,1,457,48,0.3657,135.87,0,0,0,0
ORD_101_00937,PIN_022,Books,0,0.15384615384615385,0.01764705882352941,4.0,0.25,1,3,1,6,36,0.4069,46.43,1,0,0,0
ORD_101_00938,PIN_010,Electronics,0,0.24444444444444444,0.5535911602209945,-1.8234,0.6667,0,1,1,100,48,0.3611,28.06,0,0,0,0
ORD_101_00939,PIN_010,Electronics,1,0.24444444444444444,0.5535911602209945,-1.2149,2.0,0,3,2,222,41,0.5847,41.53,1,0,0,1
ORD_101_00940,PIN_045,Beauty,0,0.2777777777777778,0.02,3.4026,0.1667,0,3,1,60,55,0.0366,88.05,0,0,0,0
ORD_101_00941,PIN_069,Electronics,0,0.25806451612903225,0.5535911602209945,-1.4229,0.3333,0,3,1,417,16,0.2504,136.42,1,0,0,1
ORD_101_00942,PIN_068,Beauty,0,0.225,0.02,-0.9797,0.3333,1,1,1,222,43,0.307,112.31,1,0,0,0
ORD_101_00943,PIN_054,Apparel,0,0.34782608695652173,0.19776119402985073,4.0,0.4,0,4,1,51,21,0.4496,104.49,1,0,0,1
ORD_101_00944,PIN_088,Beauty,0,0.29411764705882354,0.02,-1.2593,0.1667,0,1,2,256,37,0.1019,155.8,1,0,0,0
ORD_101_00945,PIN_002,Apparel,0,0.15,0.19776119402985073,-1.5358,0.2,0,3,1,380,48,0.1679,1.0,0,0,0,0
ORD_101_00946,PIN_075,Electronics,0,0.26666666666666666,0.5535911602209945,-0.3085,0.6667,1,2,1,647,63,0.2442,142.44,1,0,0,0
ORD_101_00947,PIN_014,Apparel,0,0.20689655172413793,0.19776119402985073,1.1384,0.2,0,1,1,35,38,0.3518,40.89,1,0,0,0
ORD_101_00948,PIN_069,Electronics,0,0.25806451612903225,0.5535911602209945,-1.8409,0.3333,0,2,1,141,43,0.494,127.62,1,0,0,1
ORD_101_00949,PIN_070,Electronics,0,0.2682926829268293,0.5535911602209945,-0.0767,1.0,0,1,1,219,55,0.5123,139.74,0,0,0,0
ORD_101_00950,PIN_051,Apparel,0,0.375,0.19776119402985073,-0.5031,0.2,1,5,2,1094,30,0.1772,104.49,1,0,0,0
ORD_101_00951,PIN_003,Apparel,0,0.275,0.19776119402985073,-1.5288,0.2,0,2,1,35,32,0.167,14.53,0,0,0,0
ORD_101_00952,PIN_047,Electronics,0,0.2727272727272727,0.5535911602209945,-1.5348,0.6667,0,5,1,162,14,0.3405,82.02,1,0,0,1
ORD_101_00953,PIN_059,Electronics,1,0.21739130434782608,0.5535911602209945,-1.597,0.6667,0,3,1,71,29,0.5276,99.42,1,0,0,1
ORD_101_00954,PIN_086,Home,1,0.3783783783783784,0.03017241379310345,0.0791,0.25,0,2,1,7,36,0.7276,158.71,1,0,0,1
ORD_101_00955,PIN_021,Electronics,0,0.15151515151515152,0.5535911602209945,-1.3553,0.3333,0,7,1,210,27,0.5133,32.42,0,0,0,0
ORD_101_00956,PIN_016,Beauty,0,0.20930232558139536,0.02,2.2361,0.1667,0,5,1,178,22,0.454,26.84,1,0,0,0
ORD_101_00957,PIN_006,Electronics,0,0.23529411764705882,0.5535911602209945,-1.4371,0.3333,0,2,1,5,35,0.0556,9.2,0,0,0,0
ORD_101_00958,PIN_052,Electronics,0,0.2571428571428571,0.5535911602209945,-0.3128,0.3333,0,2,1,19,35,0.485,94.76,1,0,0,1
ORD_101_00959,PIN_005,Apparel,0,0.06666666666666667,0.19776119402985073,0.0569,0.4,0,4,1,589,57,0.1392,18.17,1,0,0,0
ORD_101_00960,PIN_053,Electronics,1,0.22857142857142856,0.5535911602209945,-1.6194,0.3333,0,2,2,1912,72,0.5195,97.78,1,0,0,0
ORD_101_00961,PIN_056,Apparel,0,0.25,0.19776119402985073,-1.3715,0.6,1,2,1,3,42,0.0521,101.72,0,0,0,0
ORD_101_00962,PIN_070,Home,0,0.2682926829268293,0.03017241379310345,-1.7879,0.25,0,2,1,520,35,0.2045,135.8,0,0,0,0
ORD_101_00963,PIN_067,Apparel,0,0.19444444444444445,0.19776119402985073,1.7987,0.2,0,1,3,820,40,0.0786,119.92,0,0,0,0
ORD_101_00964,PIN_007,Apparel,2,0.125,0.19776119402985073,0.4906,0.6,0,2,1,43,49,0.1709,14.39,0,0,0,0
ORD_101_00965,PIN_013,Apparel,2,0.16666666666666666,0.19776119402985073,-1.1569,0.2,0,6,1,67,46,0.3487,47.81,1,0,0,1
ORD_101_00966,PIN_050,Apparel,0,0.375,0.19776119402985073,2.3522,0.2,0,4,1,622,39,0.2678,87.56,0,0,0,0
ORD_101_00967,PIN_056,Apparel,0,0.25,0.19776119402985073,-0.4592,0.2,0,5,1,31,29,0.3046,117.98,0,0,0,0
ORD_101_00968,PIN_074,Apparel,0,0.23076923076923078,0.19776119402985073,-0.6322,1.4,1,2,1,765,17,0.2613,145.28,1,0,0,0
ORD_101_00969,PIN_070,Electronics,0,0.2682926829268293,0.5535911602209945,-0.0889,0.6667,0,3,1,673,46,0.0965,132.02,1,0,0,0
ORD_101_00970,PIN_012,Apparel,0,0.2571428571428571,0.19776119402985073,3.4301,0.2,0,1,2,396,27,0.1109,33.18,0,0,0,0
ORD_101_00971,PIN_007,Books,0,0.125,0.01764705882352941,4.0,0.25,0,1,1,327,34,0.1176,13.15,0,0,0,0
ORD_101_00972,PIN_016,Apparel,0,0.20930232558139536,0.19776119402985073,0.1231,0.2,0,2,1,485,52,0.1846,21.44,1,0,0,0
ORD_101_00973,PIN_076,Electronics,0,0.4117647058823529,0.5535911602209945,-1.3841,0.3333,0,2,1,59,14,0.1909,137.9,1,0,0,1
ORD_101_00974,PIN_018,Electronics,0,0.18421052631578946,0.5535911602209945,-0.9138,0.3333,0,4,3,70,53,0.2284,27.37,1,0,0,1
ORD_101_00975,PIN_082,Apparel,0,0.25,0.19776119402985073,1.3572,0.2,0,1,1,546,75,0.2811,158.18,1,0,0,0
ORD_101_00976,PIN_047,Electronics,0,0.2727272727272727,0.5535911602209945,-1.8365,1.0,0,3,1,495,42,0.3593,83.32,0,0,0,0
ORD_101_00977,PIN_080,Apparel,2,0.32,0.19776119402985073,4.0,0.2,0,2,1,240,49,0.2188,151.58,1,0,0,1
ORD_101_00978,PIN_026,Home,0,0.1891891891891892,0.03017241379310345,1.6092,0.5,0,3,1,192,67,0.3202,57.17,0,0,0,0
ORD_101_00979,PIN_066,Apparel,1,0.34210526315789475,0.19776119402985073,4.0,0.2,0,3,1,236,45,0.1867,116.5,1,0,0,1
ORD_101_00980,PIN_026,Apparel,0,0.1891891891891892,0.19776119402985073,2.4831,0.2,0,5,1,24,21,0.2445,51.04,0,0,0,0
ORD_101_00981,PIN_084,Electronics,0,0.28,0.5535911602209945,-0.746,0.3333,0,1,1,454,38,0.3698,167.33,1,0,0,0
ORD_101_00982,PIN_051,Apparel,0,0.375,0.19776119402985073,-1.1825,0.2,0,2,1,373,32,0.5536,103.93,1,0,0,0
ORD_101_00983,PIN_041,Electronics,0,0.21875,0.5535911602209945,-1.8991,0.3333,0,2,1,38,40,0.0202,84.11,1,0,0,0
ORD_101_00984,PIN_029,Apparel,0,0.16666666666666666,0.19776119402985073,4.0,0.2,1,3,1,651,48,0.1858,68.6,1,0,0,0
ORD_101_00985,PIN_042,Beauty,0,0.25,0.02,4.0,0.3333,1,1,1,244,56,0.2435,83.65,1,0,0,0
ORD_101_00986,PIN_052,Apparel,0,0.2571428571428571,0.19776119402985073,-1.4089,0.2,0,2,1,124,60,0.0614,88.14,0,0,0,0
ORD_101_00987,PIN_055,Home,0,0.19047619047619047,0.03017241379310345,-1.0729,0.25,0,1,1,149,60,0.4113,97.42,1,0,0,0
ORD_101_00988,PIN_003,Apparel,0,0.275,0.19776119402985073,-1.3934,0.2,0,6,1,120,10,0.5176,16.71,0,0,0,0
ORD_101_00989,PIN_039,Apparel,0,0.2647058823529412,0.19776119402985073,2.0913,0.2,1,2,1,113,47,0.1052,71.65,1,0,0,0
ORD_101_00990,PIN_011,Books,0,0.10810810810810811,0.01764705882352941,0.9313,0.25,0,2,1,196,31,0.3526,37.52,1,0,0,0
ORD_101_00991,PIN_086,Electronics,0,0.3783783783783784,0.5535911602209945,-1.8458,0.3333,0,3,1,313,63,0.4354,162.64,1,0,0,1
ORD_101_00992,PIN_060,Beauty,0,0.25806451612903225,0.02,4.0,0.1667,0,3,1,348,42,0.2283,116.12,1,0,0,0
ORD_101_00993,PIN_007,Electronics,0,0.125,0.5535911602209945,-1.0452,0.3333,0,0,1,750,68,0.1685,17.26,1,0,0,0
ORD_101_00994,PIN_031,Home,0,0.1875,0.03017241379310345,-0.9973,0.25,1,3,1,334,48,0.3487,54.85,1,0,0,0
ORD_101_00995,PIN_042,Apparel,0,0.25,0.19776119402985073,-0.986,0.8,1,2,1,534,41,0.2163,81.93,0,0,0,0
ORD_101_00996,PIN_032,Beauty,0,0.11538461538461539,0.02,4.0,0.3333,0,5,1,70,59,0.3643,66.79,1,0,0,0
ORD_101_00997,PIN_043,Electronics,0,0.34615384615384615,0.5535911602209945,-0.6183,0.3333,0,0,2,383,10,0.1693,72.58,0,0,0,0
ORD_101_00998,PIN_074,Beauty,0,0.23076923076923078,0.02,-0.0131,0.1667,0,3,1,82,50,0.3164,150.37,1,0,0,0
ORD_101_00999,PIN_064,Beauty,0,0.13157894736842105,0.02,4.0,1.6667,0,2,1,22,57,0.358,128.35,1,0,0,0
ORD_101_01000,PIN_060,Books,0,0.25806451612903225,0.01764705882352941,4.0,0.25,1,2,1,171,64,0.2251,109.0,1,0,0,0
ORD_101_01001,PIN_008,Home,0,0.14285714285714285,0.03017241379310345,0.116,0.25,0,4,1,374,56,0.0535,41.43,1,0,0,0
ORD_101_01002,PIN_033,Electronics,0,0.15151515151515152,0.5535911602209945,-1.5765,0.3333,0,2,1,41,19,0.2055,68.52,1,0,0,1
ORD_101_01003,PIN_050,Home,0,0.375,0.03017241379310345,-0.4803,0.25,0,2,2,50,38,0.1574,94.32,1,0,0,0
ORD_101_01004,PIN_085,Apparel,0,0.25,0.19776119402985073,4.0,0.4,0,0,1,297,55,0.2587,156.38,1,0,0,0
ORD_101_01005,PIN_041,Books,0,0.21875,0.01764705882352941,4.0,0.25,1,1,1,9,38,0.322,89.75,0,0,0,0
ORD_101_01006,PIN_045,Beauty,0,0.2777777777777778,0.02,4.0,0.1667,1,2,1,92,57,0.0429,77.72,0,0,0,0
ORD_101_01007,PIN_060,Apparel,0,0.25806451612903225,0.19776119402985073,-0.9831,0.4,0,2,3,15,70,0.5943,120.78,1,0,0,1
ORD_101_01008,PIN_046,Electronics,0,0.23529411764705882,0.5535911602209945,-1.6234,0.3333,0,4,1,220,69,0.3393,94.68,1,0,0,1
ORD_101_01009,PIN_004,Apparel,0,0.21212121212121213,0.19776119402985073,1.0534,0.2,0,4,1,211,42,0.1645,8.93,0,0,0,0
ORD_101_01010,PIN_068,Apparel,0,0.225,0.19776119402985073,1.5393,0.4,0,2,1,399,24,0.0858,131.04,0,0,0,0
ORD_101_01011,PIN_024,Books,0,0.26666666666666666,0.01764705882352941,3.6607,0.25,1,1,1,840,25,0.3214,51.58,1,0,0,0
ORD_101_01012,PIN_002,Electronics,0,0.15,0.5535911602209945,-1.8491,0.3333,0,1,1,13,30,0.2765,12.41,1,0,0,0
ORD_101_01013,PIN_084,Electronics,0,0.28,0.5535911602209945,1.7753,0.3333,1,1,1,1089,32,0.364,163.59,0,0,0,0
ORD_101_01014,PIN_004,Home,1,0.21212121212121213,0.03017241379310345,-0.3001,0.25,0,1,1,527,32,0.3151,13.5,0,0,0,0
ORD_101_01015,PIN_027,Books,0,0.1875,0.01764705882352941,4.0,0.25,0,4,1,560,20,0.2204,52.83,1,0,0,0
ORD_101_01016,PIN_055,Books,0,0.19047619047619047,0.01764705882352941,1.6643,0.25,0,1,1,14,37,0.3049,93.49,0,0,0,0
ORD_101_01017,PIN_071,Electronics,0,0.43243243243243246,0.5535911602209945,-0.8314,0.3333,0,3,1,205,41,0.3011,118.98,1,0,0,1
ORD_101_01018,PIN_082,Home,0,0.25,0.03017241379310345,-0.3119,0.25,0,3,2,185,67,0.277,140.01,1,0,0,0
ORD_101_01019,PIN_029,Electronics,0,0.16666666666666666,0.5535911602209945,-1.457,0.3333,0,1,1,456,16,0.306,54.21,1,0,0,0
ORD_101_01020,PIN_046,Electronics,0,0.23529411764705882,0.5535911602209945,-1.9122,0.3333,0,1,1,681,57,0.1965,98.7,1,0,0,0
ORD_101_01021,PIN_053,Apparel,1,0.22857142857142856,0.19776119402985073,0.8512,0.2,0,0,1,142,22,0.4228,106.39,0,0,0,0
ORD_101_01022,PIN_055,Apparel,0,0.19047619047619047,0.19776119402985073,3.4122,0.2,0,3,1,74,20,0.2258,100.04,0,0,0,0
ORD_101_01023,PIN_065,Apparel,0,0.2619047619047619,0.19776119402985073,4.0,0.2,0,0,1,270,42,0.0717,116.13,0,0,0,0
ORD_101_01024,PIN_073,Apparel,0,0.25,0.19776119402985073,-1.436,0.2,0,3,1,954,56,0.3371,135.83,1,0,0,0
ORD_101_01025,PIN_082,Electronics,0,0.25,0.5535911602209945,-1.5759,0.3333,0,6,1,145,37,0.5043,137.14,1,0,0,1
ORD_101_01026,PIN_088,Electronics,0,0.29411764705882354,0.5535911602209945,-0.4675,0.3333,0,1,1,294,41,0.2328,153.18,1,0,0,0
ORD_101_01027,PIN_037,Electronics,0,0.21875,0.5535911602209945,-1.2258,0.3333,0,3,1,280,36,0.4342,84.23,0,0,0,0
ORD_101_01028,PIN_016,Beauty,0,0.20930232558139536,0.02,0.6083,0.1667,1,2,1,299,79,0.1803,36.74,1,0,0,0
ORD_101_01029,PIN_042,Electronics,3,0.25,0.5535911602209945,-1.6237,0.3333,1,1,1,56,35,0.1339,84.32,1,0,0,1
ORD_101_01030,PIN_066,Electronics,1,0.34210526315789475,0.5535911602209945,-1.1308,0.3333,0,3,1,20,44,0.178,126.31,1,0,0,1
ORD_101_01031,PIN_017,Electronics,0,0.24242424242424243,0.5535911602209945,-1.0641,0.3333,0,2,1,160,56,0.3525,47.41,1,0,0,0
ORD_101_01032,PIN_062,Beauty,0,0.4,0.02,-0.9303,0.1667,0,2,1,150,49,0.4849,101.81,0,0,0,0
ORD_101_01033,PIN_090,Apparel,0,0.42424242424242425,0.19776119402985073,2.2885,0.2,0,2,1,167,48,0.3195,166.24,0,0,0,0
ORD_101_01034,PIN_077,Electronics,0,0.358974358974359,0.5535911602209945,-1.8034,0.3333,0,1,1,30,63,0.4174,144.33,0,0,0,0
ORD_101_01035,PIN_008,Electronics,0,0.14285714285714285,0.5535911602209945,-1.3873,0.3333,0,0,1,65,20,0.3009,8.28,1,0,0,0
ORD_101_01036,PIN_056,Electronics,0,0.25,0.5535911602209945,-1.2483,0.3333,0,1,1,203,26,0.493,109.41,1,0,0,1
ORD_101_01037,PIN_010,Electronics,2,0.24444444444444444,0.5535911602209945,-1.7308,0.3333,0,4,1,0,32,0.1939,27.14,1,0,0,1
ORD_101_01038,PIN_086,Apparel,0,0.3783783783783784,0.19776119402985073,4.0,0.2,1,2,1,514,32,0.3108,149.75,1,0,0,0
ORD_101_01039,PIN_024,Books,0,0.26666666666666666,0.01764705882352941,4.0,0.25,0,1,1,807,55,0.1821,39.25,0,0,0,0
ORD_101_01040,PIN_020,Books,0,0.2413793103448276,0.01764705882352941,2.5042,0.5,0,2,1,144,17,0.2442,41.91,0,0,0,0
ORD_101_01041,PIN_066,Books,0,0.34210526315789475,0.01764705882352941,-0.4076,0.25,0,4,1,12,25,0.1563,123.76,1,0,0,0
ORD_101_01042,PIN_083,Electronics,0,0.3404255319148936,0.5535911602209945,-0.2537,1.0,0,0,1,200,37,0.3831,158.76,1,0,0,0
ORD_101_01043,PIN_046,Home,1,0.23529411764705882,0.03017241379310345,0.6473,0.25,0,8,1,143,58,0.5626,71.42,1,0,0,0
ORD_101_01044,PIN_086,Apparel,0,0.3783783783783784,0.19776119402985073,-1.0801,0.2,0,1,1,96,25,0.4643,169.92,0,0,0,0
ORD_101_01045,PIN_026,Apparel,0,0.1891891891891892,0.19776119402985073,-0.8046,0.2,0,2,1,267,47,0.2387,59.6,1,0,0,0
ORD_101_01046,PIN_089,Apparel,0,0.3888888888888889,0.19776119402985073,-1.5141,0.8,1,3,1,306,57,0.5888,174.12,1,0,0,1
ORD_101_01047,PIN_021,Home,0,0.15151515151515152,0.03017241379310345,0.1625,0.5,0,2,1,978,29,0.5,49.74,1,0,0,0
ORD_101_01048,PIN_021,Apparel,2,0.15151515151515152,0.19776119402985073,-0.4857,0.2,1,2,2,455,60,0.1719,39.33,1,0,0,1
ORD_101_01049,PIN_041,Beauty,0,0.21875,0.02,-1.0039,0.1667,0,3,1,794,58,0.0331,80.67,0,0,0,0
ORD_101_01050,PIN_070,Electronics,0,0.2682926829268293,0.5535911602209945,-1.5823,0.3333,0,2,1,20,32,0.3767,112.7,0,0,0,0
ORD_101_01051,PIN_073,Apparel,0,0.25,0.19776119402985073,-1.0409,0.2,0,1,1,373,47,0.3026,131.29,1,0,0,0
ORD_101_01052,PIN_052,Home,0,0.2571428571428571,0.03017241379310345,-1.5232,0.5,1,2,1,319,40,0.2275,102.39,1,0,0,0
ORD_101_01053,PIN_088,Electronics,0,0.29411764705882354,0.5535911602209945,-1.8878,0.3333,0,1,2,339,30,0.2562,159.68,1,0,0,1
ORD_101_01054,PIN_034,Electronics,0,0.22580645161290322,0.5535911602209945,0.0427,0.3333,0,2,1,409,47,0.2495,61.42,0,0,0,0
ORD_101_01055,PIN_067,Electronics,0,0.19444444444444445,0.5535911602209945,-1.7336,0.3333,1,0,1,302,40,0.172,118.25,1,0,0,0
ORD_101_01056,PIN_073,Home,1,0.25,0.03017241379310345,-0.9159,0.25,0,3,1,419,47,0.5156,128.98,1,0,0,0
ORD_101_01057,PIN_037,Books,0,0.21875,0.01764705882352941,-0.1112,0.25,0,3,1,1255,58,0.3597,83.24,0,0,0,0
ORD_101_01058,PIN_053,Apparel,0,0.22857142857142856,0.19776119402985073,-0.1672,0.2,0,4,1,645,34,0.1403,109.1,1,0,0,0
ORD_101_01059,PIN_029,Apparel,0,0.16666666666666666,0.19776119402985073,0.0606,0.2,0,2,1,88,49,0.1424,73.71,0,0,0,0
ORD_101_01060,PIN_067,Electronics,0,0.19444444444444445,0.5535911602209945,-1.7621,0.3333,1,1,1,56,39,0.1017,129.95,0,0,0,0
ORD_101_01061,PIN_014,Electronics,0,0.20689655172413793,0.5535911602209945,-1.5744,1.0,0,5,1,545,53,0.1021,28.37,0,0,0,0
ORD_101_01062,PIN_072,Electronics,0,0.3548387096774194,0.5535911602209945,-1.7893,1.3333,0,6,1,265,13,0.1136,131.9,1,0,0,1
ORD_101_01063,PIN_011,Apparel,0,0.10810810810810811,0.19776119402985073,1.1341,0.6,0,2,1,216,58,0.484,24.78,0,0,0,0
ORD_101_01064,PIN_054,Apparel,0,0.34782608695652173,0.19776119402985073,0.7553,0.2,1,3,2,101,39,0.1576,120.5,1,0,0,0
ORD_101_01065,PIN_020,Apparel,0,0.2413793103448276,0.19776119402985073,1.5219,0.4,1,2,1,331,81,0.1776,51.06,1,0,0,0
ORD_101_01066,PIN_061,Apparel,0,0.45454545454545453,0.19776119402985073,4.0,0.2,1,3,1,486,44,0.863,116.6,1,0,0,1
ORD_101_01067,PIN_087,Beauty,0,0.23333333333333334,0.02,0.2217,0.1667,0,1,1,39,72,0.1635,153.83,0,0,0,0
ORD_101_01068,PIN_029,Electronics,1,0.16666666666666666,0.5535911602209945,-1.3844,0.3333,1,2,2,118,27,0.4513,43.21,1,0,0,1
ORD_101_01069,PIN_031,Electronics,0,0.1875,0.5535911602209945,-1.5202,0.3333,0,3,1,89,51,0.483,68.05,1,0,0,1
ORD_101_01070,PIN_053,Electronics,0,0.22857142857142856,0.5535911602209945,-1.7418,0.3333,1,4,1,244,16,0.2839,102.29,0,0,0,0
ORD_101_01071,PIN_072,Beauty,0,0.3548387096774194,0.02,0.7177,0.1667,1,2,1,104,29,0.4892,132.04,1,0,0,0
ORD_101_01072,PIN_016,Apparel,0,0.20930232558139536,0.19776119402985073,3.8667,0.2,0,4,1,720,44,0.2357,36.67,0,0,0,0
ORD_101_01073,PIN_081,Beauty,0,0.375,0.02,4.0,0.1667,0,2,1,94,65,0.1419,147.66,0,0,0,0
ORD_101_01074,PIN_078,Apparel,0,0.2647058823529412,0.19776119402985073,4.0,0.2,0,2,1,76,42,0.7546,134.94,0,0,0,0
ORD_101_01075,PIN_027,Electronics,0,0.1875,0.5535911602209945,-1.5915,0.3333,1,3,1,303,26,0.302,58.75,1,0,0,1
ORD_101_01076,PIN_022,Apparel,0,0.15384615384615385,0.19776119402985073,-0.4917,0.2,0,2,1,402,47,0.1428,55.48,1,0,0,0
ORD_101_01077,PIN_089,Electronics,1,0.3888888888888889,0.5535911602209945,-1.6462,0.3333,0,2,1,46,47,0.4318,172.43,1,0,0,1
ORD_101_01078,PIN_068,Beauty,0,0.225,0.02,-1.4324,0.1667,0,0,1,135,47,0.3637,139.67,1,0,0,0
ORD_101_01079,PIN_011,Electronics,0,0.10810810810810811,0.5535911602209945,-0.8448,0.3333,1,1,1,11,21,0.3428,40.78,1,0,0,1
ORD_101_01080,PIN_042,Electronics,1,0.25,0.5535911602209945,-1.1014,0.3333,0,4,1,552,51,0.6771,78.54,1,0,0,1
ORD_101_01081,PIN_064,Beauty,1,0.13157894736842105,0.02,4.0,0.3333,0,3,1,207,62,0.1361,112.64,0,0,0,0
ORD_101_01082,PIN_059,Beauty,0,0.21739130434782608,0.02,3.0039,0.3333,0,1,1,16,70,0.3955,108.43,0,0,0,0
ORD_101_01083,PIN_038,Apparel,2,0.14634146341463414,0.19776119402985073,-1.5396,0.2,0,2,1,156,59,0.2857,69.34,1,0,0,1
ORD_101_01084,PIN_024,Apparel,0,0.26666666666666666,0.19776119402985073,1.3148,0.2,1,2,1,20,32,0.3628,42.69,1,0,0,0
ORD_101_01085,PIN_008,Home,0,0.14285714285714285,0.03017241379310345,4.0,0.25,0,4,1,40,50,0.2626,20.9,1,0,0,0
ORD_101_01086,PIN_009,Electronics,0,0.23684210526315788,0.5535911602209945,-1.9171,0.3333,0,0,1,39,23,0.1863,32.33,0,0,0,0
ORD_101_01087,PIN_090,Electronics,0,0.42424242424242425,0.5535911602209945,-1.7017,0.3333,0,5,1,1740,45,0.232,170.04,1,0,0,0
ORD_101_01088,PIN_004,Apparel,0,0.21212121212121213,0.19776119402985073,4.0,0.2,0,2,1,347,36,0.2103,10.67,1,0,0,0
ORD_101_01089,PIN_025,Apparel,0,0.21052631578947367,0.19776119402985073,-0.6053,2.0,0,2,1,39,30,0.3106,40.76,1,0,0,0
ORD_101_01090,PIN_013,Electronics,0,0.16666666666666666,0.5535911602209945,-1.1374,3.0,1,4,1,484,40,0.4129,23.56,0,0,0,0
ORD_101_01091,PIN_024,Home,2,0.26666666666666666,0.03017241379310345,-0.7097,0.25,1,1,1,342,45,0.2482,59.68,1,0,0,0
ORD_101_01092,PIN_011,Beauty,0,0.10810810810810811,0.02,4.0,0.1667,0,3,1,21,28,0.1852,21.24,0,0,0,0
ORD_101_01093,PIN_026,Apparel,0,0.1891891891891892,0.19776119402985073,2.4249,0.2,0,3,1,425,38,0.6456,46.85,1,0,0,0
ORD_101_01094,PIN_027,Apparel,0,0.1875,0.19776119402985073,3.6102,0.4,0,3,1,74,36,0.4544,44.2,0,0,0,0
ORD_101_01095,PIN_038,Electronics,0,0.14634146341463414,0.5535911602209945,-0.7773,0.3333,0,0,1,246,60,0.2804,84.68,1,0,0,0
ORD_101_01096,PIN_079,Beauty,0,0.2571428571428571,0.02,1.4796,0.1667,0,1,2,519,31,0.1341,131.42,0,0,0,0
ORD_101_01097,PIN_049,Apparel,0,0.23333333333333334,0.19776119402985073,4.0,0.2,1,3,1,963,19,0.087,95.11,1,0,0,0
ORD_101_01098,PIN_050,Books,1,0.375,0.01764705882352941,4.0,1.5,0,3,1,5,44,0.1576,100.01,1,0,0,0
ORD_101_01099,PIN_051,Apparel,3,0.375,0.19776119402985073,2.3436,0.2,0,0,1,247,33,0.0924,94.48,0,0,0,0
ORD_101_01100,PIN_003,Apparel,0,0.275,0.19776119402985073,4.0,0.2,0,0,1,118,44,0.4296,10.0,0,0,0,0
ORD_101_01101,PIN_019,Apparel,0,0.13513513513513514,0.19776119402985073,-1.4169,0.2,0,0,2,188,67,0.6102,48.79,0,0,0,0
ORD_101_01102,PIN_056,Apparel,0,0.25,0.19776119402985073,0.3012,0.2,0,2,1,100,47,0.0144,101.54,0,0,0,0
ORD_101_01103,PIN_059,Home,0,0.21739130434782608,0.03017241379310345,-0.9768,0.25,1,2,1,62,36,0.1859,110.88,1,0,0,0
ORD_101_01104,PIN_011,Electronics,0,0.10810810810810811,0.5535911602209945,-1.9241,0.3333,0,2,1,145,38,0.3372,20.39,0,0,0,0
ORD_101_01105,PIN_005,Apparel,0,0.06666666666666667,0.19776119402985073,-0.3351,0.2,0,2,1,7,67,0.3338,16.7,0,0,0,0
ORD_101_01106,PIN_010,Books,0,0.24444444444444444,0.01764705882352941,3.534,0.25,1,2,2,113,62,0.6417,12.15,0,0,0,0
ORD_101_01107,PIN_029,Apparel,0,0.16666666666666666,0.19776119402985073,-0.6282,0.2,0,2,1,5,57,0.3162,59.58,1,0,0,0
ORD_101_01108,PIN_026,Electronics,0,0.1891891891891892,0.5535911602209945,-1.6028,0.3333,0,1,1,53,23,0.3688,55.51,1,0,0,1
ORD_101_01109,PIN_055,Books,0,0.19047619047619047,0.01764705882352941,4.0,1.0,0,3,1,156,45,0.2257,119.22,1,0,0,0
ORD_101_01110,PIN_015,Electronics,0,0.1724137931034483,0.5535911602209945,-1.4332,0.3333,0,2,1,329,56,0.4021,24.63,0,0,0,0
ORD_101_01111,PIN_026,Books,1,0.1891891891891892,0.01764705882352941,2.5476,0.25,0,0,1,1579,64,0.4472,45.38,0,0,0,0
ORD_101_01112,PIN_025,Books,0,0.21052631578947367,0.01764705882352941,3.6784,0.25,0,4,1,129,45,0.3969,52.16,1,0,0,0
ORD_101_01113,PIN_013,Apparel,0,0.16666666666666666,0.19776119402985073,0.6707,0.4,0,3,1,245,79,0.4154,23.66,0,0,0,0
ORD_101_01114,PIN_040,Apparel,0,0.21428571428571427,0.19776119402985073,-1.6092,0.2,1,3,1,492,23,0.3487,75.18,1,0,0,0
ORD_101_01115,PIN_055,Electronics,0,0.19047619047619047,0.5535911602209945,-0.9396,0.3333,1,3,1,196,56,0.1758,101.07,0,0,0,0
ORD_101_01116,PIN_070,Apparel,0,0.2682926829268293,0.19776119402985073,1.9441,0.2,0,2,1,147,33,0.236,122.8,1,0,0,0
ORD_101_01117,PIN_041,Electronics,0,0.21875,0.5535911602209945,-1.6922,0.3333,0,2,2,659,45,0.372,76.93,1,0,0,1
ORD_101_01118,PIN_074,Beauty,0,0.23076923076923078,0.02,0.1991,0.1667,0,1,1,1145,43,0.3091,114.24,1,0,0,0
ORD_101_01119,PIN_052,Electronics,0,0.2571428571428571,0.5535911602209945,-1.4876,0.6667,0,4,1,84,48,0.6547,90.04,0,0,0,0
ORD_101_01120,PIN_044,Books,1,0.21428571428571427,0.01764705882352941,-0.3411,0.25,0,0,1,256,58,0.2743,104.56,0,0,0,0
ORD_101_01121,PIN_047,Electronics,1,0.2727272727272727,0.5535911602209945,-0.8243,0.3333,1,2,1,167,29,0.2552,92.33,1,0,0,1
ORD_101_01122,PIN_070,Apparel,0,0.2682926829268293,0.19776119402985073,-0.5235,0.2,0,2,2,274,58,0.1749,129.75,1,0,0,0
ORD_101_01123,PIN_010,Electronics,0,0.24444444444444444,0.5535911602209945,-1.7353,0.3333,1,5,1,111,36,0.4647,29.21,1,0,0,1
ORD_101_01124,PIN_002,Apparel,0,0.15,0.19776119402985073,4.0,0.2,0,0,1,503,25,0.1117,13.68,0,0,0,0
ORD_101_01125,PIN_015,Electronics,0,0.1724137931034483,0.5535911602209945,-0.578,0.3333,1,3,2,199,38,0.2881,18.46,1,0,0,1
ORD_101_01126,PIN_070,Books,0,0.2682926829268293,0.01764705882352941,4.0,0.25,0,1,1,151,38,0.0711,124.06,1,0,0,0
ORD_101_01127,PIN_070,Beauty,0,0.2682926829268293,0.02,1.7985,0.1667,0,3,1,87,35,0.0178,138.74,1,0,0,0
ORD_101_01128,PIN_016,Books,0,0.20930232558139536,0.01764705882352941,4.0,0.25,0,2,1,21,40,0.2729,48.12,1,0,0,0
ORD_101_01129,PIN_053,Apparel,0,0.22857142857142856,0.19776119402985073,-0.4614,0.2,0,2,1,15,44,0.0955,103.71,1,0,0,0
ORD_101_01130,PIN_055,Apparel,0,0.19047619047619047,0.19776119402985073,-0.6754,0.2,0,1,1,9,10,0.3102,110.13,1,0,0,0
ORD_101_01131,PIN_046,Apparel,0,0.23529411764705882,0.19776119402985073,0.1579,0.2,0,3,1,17,46,0.2418,82.33,1,0,0,0
ORD_101_01132,PIN_040,Books,1,0.21428571428571427,0.01764705882352941,4.0,0.25,1,2,2,102,64,0.6037,76.54,0,0,0,0
ORD_101_01133,PIN_051,Apparel,0,0.375,0.19776119402985073,-1.5126,0.4,0,2,1,146,42,0.3354,100.03,0,0,0,0
ORD_101_01134,PIN_025,Home,0,0.21052631578947367,0.03017241379310345,-0.915,0.25,1,5,1,582,56,0.1751,47.95,1,0,0,0
ORD_101_01135,PIN_070,Apparel,0,0.2682926829268293,0.19776119402985073,2.8106,0.2,0,0,1,215,29,0.3585,125.94,1,0,0,0
ORD_101_01136,PIN_047,Home,0,0.2727272727272727,0.03017241379310345,1.3742,0.25,1,1,1,101,73,0.1197,80.25,1,0,0,0
ORD_101_01137,PIN_005,Home,0,0.06666666666666667,0.03017241379310345,-0.2893,0.25,0,3,1,13,62,0.5636,31.32,0,0,0,0
ORD_101_01138,PIN_018,Apparel,0,0.18421052631578946,0.19776119402985073,1.2639,1.4,0,1,1,408,72,0.193,42.11,0,0,0,0
ORD_101_01139,PIN_053,Electronics,0,0.22857142857142856,0.5535911602209945,-1.3067,0.3333,0,3,1,324,42,0.2157,93.81,0,0,0,0
ORD_101_01140,PIN_009,Electronics,0,0.23684210526315788,0.5535911602209945,-1.8112,0.3333,1,9,1,203,52,0.3428,26.45,1,0,0,1
ORD_101_01141,PIN_057,Beauty,0,0.25,0.02,-1.3146,0.1667,0,1,1,186,32,0.3884,110.11,1,0,0,0
ORD_101_01142,PIN_067,Books,0,0.19444444444444445,0.01764705882352941,2.1284,0.25,1,2,2,997,43,0.2326,115.23,0,0,0,0
ORD_101_01143,PIN_038,Electronics,1,0.14634146341463414,0.5535911602209945,-1.6384,0.3333,0,1,1,346,58,0.0908,80.9,0,0,0,0
ORD_101_01144,PIN_023,Apparel,0,0.1875,0.19776119402985073,2.0304,0.2,0,3,1,657,53,0.0834,60.68,1,0,0,0
ORD_101_01145,PIN_088,Apparel,1,0.29411764705882354,0.19776119402985073,-0.2121,0.2,0,3,1,1012,10,0.1678,154.37,0,0,0,0
ORD_101_01146,PIN_037,Electronics,0,0.21875,0.5535911602209945,-1.7964,0.3333,0,4,1,61,35,0.1719,61.09,0,0,0,0
ORD_101_01147,PIN_011,Beauty,0,0.10810810810810811,0.02,4.0,1.0,0,2,1,432,32,0.3828,21.49,1,0,0,0
ORD_101_01148,PIN_003,Electronics,0,0.275,0.5535911602209945,-1.9149,0.3333,0,3,1,482,12,0.5065,25.83,1,0,0,1
ORD_101_01149,PIN_027,Home,1,0.1875,0.03017241379310345,-0.6038,0.25,0,1,1,171,54,0.2311,69.58,0,0,0,0
ORD_101_01150,PIN_081,Apparel,0,0.375,0.19776119402985073,-1.0352,0.4,0,3,1,646,44,0.3432,143.12,0,0,0,0
ORD_101_01151,PIN_021,Home,0,0.15151515151515152,0.03017241379310345,-1.3529,0.25,0,4,1,494,83,0.2385,32.69,1,0,0,0
ORD_101_01152,PIN_003,Apparel,0,0.275,0.19776119402985073,-0.3727,0.2,0,6,1,505,97,0.1245,4.27,1,0,0,0
ORD_101_01153,PIN_082,Electronics,0,0.25,0.5535911602209945,-0.6022,0.3333,0,1,1,264,46,0.175,149.57,0,0,0,0
ORD_101_01154,PIN_069,Electronics,0,0.25806451612903225,0.5535911602209945,-1.7704,0.3333,0,4,1,19,56,0.5293,131.92,1,0,0,1
ORD_101_01155,PIN_047,Home,0,0.2727272727272727,0.03017241379310345,-1.7002,0.25,0,3,2,461,53,0.1365,78.24,1,0,0,0
ORD_101_01156,PIN_020,Books,0,0.2413793103448276,0.01764705882352941,4.0,0.25,0,3,1,9,26,0.4761,47.04,0,0,0,0
ORD_101_01157,PIN_044,Apparel,0,0.21428571428571427,0.19776119402985073,0.2237,0.2,0,1,1,138,83,0.0435,93.36,0,0,0,0
ORD_101_01158,PIN_065,Books,1,0.2619047619047619,0.01764705882352941,2.6417,0.75,0,1,1,140,70,0.6226,127.82,1,0,0,0
ORD_101_01159,PIN_083,Books,0,0.3404255319148936,0.01764705882352941,3.9432,0.25,0,2,1,287,58,0.1174,155.23,0,0,0,0
ORD_101_01160,PIN_011,Apparel,1,0.10810810810810811,0.19776119402985073,-1.0269,0.2,0,3,1,747,53,0.2674,37.58,1,0,0,0
ORD_101_01161,PIN_073,Apparel,1,0.25,0.19776119402985073,0.5987,0.2,0,2,1,346,22,0.3442,127.28,1,0,0,1
ORD_101_01162,PIN_016,Electronics,0,0.20930232558139536,0.5535911602209945,-1.862,0.3333,0,3,2,217,38,0.3458,33.45,1,0,0,1
ORD_101_01163,PIN_018,Apparel,1,0.18421052631578946,0.19776119402985073,0.7422,0.4,1,3,2,64,49,0.3936,40.67,1,0,0,1
ORD_101_01164,PIN_011,Books,0,0.10810810810810811,0.01764705882352941,2.7663,0.25,0,2,1,482,45,0.5005,35.09,0,0,0,0
ORD_101_01165,PIN_039,Electronics,0,0.2647058823529412,0.5535911602209945,-0.7286,0.3333,0,7,1,96,32,0.1204,66.22,0,0,0,0
ORD_101_01166,PIN_035,Apparel,0,0.05714285714285714,0.19776119402985073,1.5391,0.4,0,4,1,309,37,0.1341,69.88,1,0,0,0
ORD_101_01167,PIN_057,Books,0,0.25,0.01764705882352941,2.2787,0.25,0,3,1,50,30,0.31,116.99,0,0,0,0
ORD_101_01168,PIN_086,Home,0,0.3783783783783784,0.03017241379310345,-0.4873,0.25,0,0,1,142,43,0.2142,156.46,0,0,0,0
ORD_101_01169,PIN_016,Home,0,0.20930232558139536,0.03017241379310345,-0.1286,0.25,0,4,1,711,44,0.1574,40.07,1,0,0,0
ORD_101_01170,PIN_046,Electronics,0,0.23529411764705882,0.5535911602209945,-1.3792,0.6667,1,2,1,29,29,0.0911,90.51,1,0,0,0
ORD_101_01171,PIN_022,Electronics,1,0.15384615384615385,0.5535911602209945,-1.4759,0.3333,0,5,1,301,25,0.3701,50.86,1,0,0,1
ORD_101_01172,PIN_022,Home,0,0.15384615384615385,0.03017241379310345,-1.39,0.25,1,1,1,393,23,0.5861,51.79,0,0,0,0
ORD_101_01173,PIN_046,Beauty,0,0.23529411764705882,0.02,4.0,0.1667,1,1,1,138,51,0.2338,92.95,1,0,0,0
ORD_101_01174,PIN_062,Electronics,1,0.4,0.5535911602209945,-1.711,0.3333,0,3,1,81,23,0.1759,107.7,1,0,0,1
ORD_101_01175,PIN_041,Electronics,0,0.21875,0.5535911602209945,-1.6255,1.0,0,5,1,668,57,0.2573,71.17,0,0,0,0
ORD_101_01176,PIN_048,Electronics,0,0.21621621621621623,0.5535911602209945,-0.276,0.3333,0,4,2,156,58,0.1138,78.44,1,0,0,1
ORD_101_01177,PIN_079,Apparel,0,0.2571428571428571,0.19776119402985073,4.0,1.0,0,2,1,124,54,0.1895,144.98,0,0,0,0
ORD_101_01178,PIN_079,Apparel,0,0.2571428571428571,0.19776119402985073,-0.0747,0.2,0,3,1,320,27,0.1398,132.28,0,0,0,0
ORD_101_01179,PIN_089,Apparel,0,0.3888888888888889,0.19776119402985073,4.0,0.2,0,3,1,98,51,0.234,154.07,0,0,0,0
ORD_101_01180,PIN_074,Books,0,0.23076923076923078,0.01764705882352941,4.0,0.25,0,2,1,161,36,0.6389,137.6,1,0,0,0
ORD_101_01181,PIN_049,Home,2,0.23333333333333334,0.03017241379310345,-0.9706,0.25,0,1,1,193,47,0.4068,90.37,0,0,0,0
ORD_101_01182,PIN_013,Apparel,1,0.16666666666666666,0.19776119402985073,1.7002,0.2,0,1,1,196,41,0.217,28.57,0,0,0,0
ORD_101_01183,PIN_021,Electronics,0,0.15151515151515152,0.5535911602209945,-1.5876,0.3333,0,4,1,97,38,0.0926,45.54,1,0,0,0
ORD_101_01184,PIN_030,Electronics,0,0.09090909090909091,0.5535911602209945,-1.9132,0.6667,1,2,2,1241,80,0.146,68.93,0,0,0,0
ORD_101_01185,PIN_012,Apparel,0,0.2571428571428571,0.19776119402985073,-0.1525,0.4,1,2,1,114,82,0.1564,30.94,0,0,0,0
ORD_101_01186,PIN_069,Books,0,0.25806451612903225,0.01764705882352941,4.0,2.25,0,6,1,33,49,0.0891,136.06,1,0,0,0
ORD_101_01187,PIN_078,Home,1,0.2647058823529412,0.03017241379310345,-0.4429,0.25,0,4,1,368,25,0.0479,151.21,1,0,0,0
ORD_101_01188,PIN_086,Books,0,0.3783783783783784,0.01764705882352941,4.0,0.25,0,0,1,549,10,0.2683,152.62,1,0,0,0
ORD_101_01189,PIN_053,Electronics,0,0.22857142857142856,0.5535911602209945,-1.5602,0.3333,0,3,1,541,32,0.4888,97.48,1,0,0,1
ORD_101_01190,PIN_077,Apparel,0,0.358974358974359,0.19776119402985073,1.3363,0.8,0,1,1,533,21,0.3905,134.16,1,0,0,0
ORD_101_01191,PIN_070,Apparel,0,0.2682926829268293,0.19776119402985073,3.1802,0.2,0,2,1,179,29,0.5939,120.78,1,0,0,1
ORD_101_01192,PIN_060,Electronics,0,0.25806451612903225,0.5535911602209945,-1.7919,0.3333,0,3,1,537,36,0.1503,117.81,1,0,0,0
ORD_101_01193,PIN_044,Apparel,0,0.21428571428571427,0.19776119402985073,4.0,0.2,0,3,1,42,22,0.3328,80.28,0,0,0,0
ORD_101_01194,PIN_064,Electronics,0,0.13157894736842105,0.5535911602209945,-1.6478,0.3333,1,2,1,427,23,0.2191,109.07,1,0,0,0
ORD_101_01195,PIN_028,Apparel,0,0.0625,0.19776119402985073,-0.6974,0.2,0,2,1,0,50,0.0678,61.35,1,0,0,0
ORD_101_01196,PIN_022,Apparel,1,0.15384615384615385,0.19776119402985073,2.23,0.2,0,2,1,456,56,0.0811,49.99,1,0,0,0
ORD_101_01197,PIN_039,Apparel,1,0.2647058823529412,0.19776119402985073,4.0,0.6,0,0,1,116,21,0.512,66.98,1,0,0,1
ORD_101_01198,PIN_054,Electronics,0,0.34782608695652173,0.5535911602209945,-1.5921,0.3333,1,4,1,196,52,0.4591,100.49,1,0,0,1
ORD_101_01199,PIN_009,Apparel,0,0.23684210526315788,0.19776119402985073,-0.1798,0.2,0,1,1,29,56,0.4025,19.77,1,0,0,0
ORD_101_01200,PIN_011,Apparel,0,0.10810810810810811,0.19776119402985073,2.1658,0.4,0,5,1,5,58,0.3101,25.14,0,0,0,0
ORD_101_01201,PIN_042,Electronics,0,0.25,0.5535911602209945,-1.6079,0.3333,0,1,1,614,63,0.6947,75.78,1,0,0,1
ORD_101_01202,PIN_019,Apparel,0,0.13513513513513514,0.19776119402985073,0.0502,2.0,0,3,2,763,94,0.1251,33.88,0,0,0,0
ORD_101_01203,PIN_028,Apparel,0,0.0625,0.19776119402985073,0.6898,0.4,0,1,1,761,39,0.2456,73.18,0,0,0,0
ORD_101_01204,PIN_045,Apparel,1,0.2777777777777778,0.19776119402985073,-1.1792,0.2,0,1,1,108,40,0.1405,90.22,1,0,0,0
ORD_101_01205,PIN_077,Electronics,0,0.358974358974359,0.5535911602209945,-1.6924,0.6667,0,2,2,312,36,0.4319,151.83,0,0,0,0
ORD_101_01206,PIN_001,Electronics,0,0.1282051282051282,0.5535911602209945,0.3806,0.3333,0,4,1,455,51,0.4746,6.09,0,0,0,0
ORD_101_01207,PIN_025,Electronics,0,0.21052631578947367,0.5535911602209945,-1.0973,0.3333,0,6,1,82,39,0.608,42.67,1,0,0,1
ORD_101_01208,PIN_054,Apparel,0,0.34782608695652173,0.19776119402985073,4.0,0.2,0,5,2,191,55,0.5248,95.68,1,0,0,1
ORD_101_01209,PIN_076,Home,0,0.4117647058823529,0.03017241379310345,-1.7425,0.5,0,7,1,74,57,0.3591,142.65,1,0,0,0
ORD_101_01210,PIN_003,Apparel,0,0.275,0.19776119402985073,1.6415,0.2,0,0,1,389,10,0.3448,8.86,1,0,0,0
ORD_101_01211,PIN_011,Electronics,0,0.10810810810810811,0.5535911602209945,-1.6542,0.3333,0,3,1,486,41,0.1159,15.56,0,0,0,0
ORD_101_01212,PIN_066,Apparel,1,0.34210526315789475,0.19776119402985073,0.8613,0.2,1,2,1,81,77,0.2807,121.17,1,0,0,1
ORD_101_01213,PIN_016,Electronics,0,0.20930232558139536,0.5535911602209945,-1.3293,0.3333,0,1,2,780,39,0.2357,44.27,0,0,0,0
ORD_101_01214,PIN_075,Apparel,0,0.26666666666666666,0.19776119402985073,-0.6191,0.2,0,4,1,314,47,0.243,137.05,0,0,0,0
ORD_101_01215,PIN_065,Beauty,0,0.2619047619047619,0.02,2.6081,0.1667,0,1,1,39,24,0.3034,108.92,0,0,0,0
ORD_101_01216,PIN_014,Apparel,1,0.20689655172413793,0.19776119402985073,1.1128,0.6,0,0,1,202,50,0.2478,36.46,0,0,0,0
ORD_101_01217,PIN_085,Apparel,0,0.25,0.19776119402985073,4.0,0.2,1,4,1,1474,52,0.2153,160.55,1,0,0,0
ORD_101_01218,PIN_042,Electronics,0,0.25,0.5535911602209945,-0.1778,0.3333,0,3,1,139,40,0.2373,90.06,0,0,0,0
ORD_101_01219,PIN_065,Apparel,0,0.2619047619047619,0.19776119402985073,0.7357,0.4,0,2,1,22,36,0.3739,123.82,1,0,0,0
ORD_101_01220,PIN_080,Books,0,0.32,0.01764705882352941,-1.0552,0.25,0,4,1,122,47,0.285,147.2,1,0,0,0
ORD_101_01221,PIN_009,Apparel,0,0.23684210526315788,0.19776119402985073,4.0,0.2,0,1,1,128,53,0.0206,22.07,0,0,0,0
ORD_101_01222,PIN_018,Beauty,0,0.18421052631578946,0.02,4.0,0.1667,0,4,1,528,50,0.1749,52.32,0,0,0,0
ORD_101_01223,PIN_009,Electronics,0,0.23684210526315788,0.5535911602209945,0.0069,0.3333,0,8,1,423,35,0.1987,32.57,0,0,0,0
ORD_101_01224,PIN_031,Books,0,0.1875,0.01764705882352941,4.0,0.75,0,2,1,289,44,0.1624,56.84,1,0,0,0
ORD_101_01225,PIN_018,Apparel,0,0.18421052631578946,0.19776119402985073,-1.5024,0.2,0,4,1,247,80,0.4141,35.72,0,0,0,0
ORD_101_01226,PIN_004,Beauty,0,0.21212121212121213,0.02,1.6592,0.3333,1,3,1,119,60,0.1079,14.65,1,0,0,0
ORD_101_01227,PIN_007,Books,0,0.125,0.01764705882352941,3.0722,0.25,0,5,1,362,53,0.0567,17.86,1,0,0,0
ORD_101_01228,PIN_066,Apparel,0,0.34210526315789475,0.19776119402985073,-0.3351,0.2,0,3,1,145,66,0.1702,123.37,1,0,0,0
ORD_101_01229,PIN_070,Beauty,0,0.2682926829268293,0.02,-0.5894,0.1667,0,2,1,377,60,0.2284,124.81,1,0,0,0
ORD_101_01230,PIN_052,Electronics,0,0.2571428571428571,0.5535911602209945,-1.5649,0.3333,1,1,1,890,15,0.126,99.45,0,0,0,0
ORD_101_01231,PIN_066,Beauty,0,0.34210526315789475,0.02,4.0,0.1667,0,4,1,279,53,0.5157,119.94,0,0,0,0
ORD_101_01232,PIN_056,Electronics,0,0.25,0.5535911602209945,-1.6279,0.3333,0,2,1,127,69,0.4542,110.59,0,0,0,0
ORD_101_01233,PIN_013,Electronics,0,0.16666666666666666,0.5535911602209945,-1.8885,1.6667,0,2,1,35,41,0.2685,49.03,0,0,0,0
ORD_101_01234,PIN_011,Apparel,0,0.10810810810810811,0.19776119402985073,-1.2928,0.2,1,1,1,436,27,0.2518,33.06,1,0,0,0
ORD_101_01235,PIN_001,Apparel,0,0.1282051282051282,0.19776119402985073,4.0,0.2,0,1,1,1008,52,0.1013,11.44,1,0,0,0
ORD_101_01236,PIN_011,Apparel,2,0.10810810810810811,0.19776119402985073,0.3195,0.2,0,0,1,69,38,0.2602,30.36,1,0,0,1
ORD_101_01237,PIN_018,Electronics,0,0.18421052631578946,0.5535911602209945,-1.7481,0.6667,1,5,1,1260,34,0.4503,42.55,1,0,0,0
ORD_101_01238,PIN_072,Apparel,0,0.3548387096774194,0.19776119402985073,4.0,0.2,0,3,2,59,48,0.5118,116.45,0,0,0,0
ORD_101_01239,PIN_072,Electronics,0,0.3548387096774194,0.5535911602209945,-1.6138,0.3333,1,2,1,380,50,0.0762,125.93,0,0,0,0
ORD_101_01240,PIN_061,Books,0,0.45454545454545453,0.01764705882352941,2.2586,0.75,0,0,1,255,27,0.4444,128.17,1,0,0,0
ORD_101_01241,PIN_047,Books,0,0.2727272727272727,0.01764705882352941,3.7425,0.25,1,2,1,148,47,0.1914,105.34,0,0,0,0
ORD_101_01242,PIN_037,Apparel,2,0.21875,0.19776119402985073,1.1703,0.6,0,0,1,110,40,0.5451,69.5,0,0,0,0
ORD_101_01243,PIN_012,Apparel,0,0.2571428571428571,0.19776119402985073,-0.0908,0.2,0,3,1,856,58,0.1935,28.47,0,0,0,0
ORD_101_01244,PIN_070,Apparel,0,0.2682926829268293,0.19776119402985073,4.0,0.2,0,4,1,476,56,0.4152,140.89,1,0,0,0
ORD_101_01245,PIN_026,Books,0,0.1891891891891892,0.01764705882352941,3.8479,0.25,0,2,1,74,40,0.5854,45.34,1,0,0,0
ORD_101_01246,PIN_083,Home,0,0.3404255319148936,0.03017241379310345,0.4659,0.25,0,4,1,93,59,0.3173,150.84,1,0,0,0
ORD_101_01247,PIN_054,Home,0,0.34782608695652173,0.03017241379310345,1.6568,0.25,0,1,1,117,66,0.1457,97.49,1,0,0,0
ORD_101_01248,PIN_041,Home,0,0.21875,0.03017241379310345,-1.8295,0.25,0,3,1,70,52,0.0524,80.56,1,0,0,0
ORD_101_01249,PIN_018,Books,0,0.18421052631578946,0.01764705882352941,1.2416,0.25,0,3,1,155,51,0.4081,48.44,1,0,0,0
ORD_101_01250,PIN_036,Electronics,2,0.3,0.5535911602209945,-0.4779,0.3333,0,1,1,9,36,0.3147,62.78,1,0,0,1
ORD_101_01251,PIN_062,Beauty,0,0.4,0.02,4.0,0.1667,0,2,1,408,55,0.1424,113.99,0,0,0,0
ORD_101_01252,PIN_006,Apparel,0,0.23529411764705882,0.19776119402985073,-0.5304,0.4,1,3,1,382,48,0.3622,16.51,1,0,0,0
ORD_101_01253,PIN_087,Electronics,0,0.23333333333333334,0.5535911602209945,-1.7123,0.3333,0,2,1,509,30,0.2004,168.47,0,0,0,0
ORD_101_01254,PIN_008,Electronics,0,0.14285714285714285,0.5535911602209945,-1.9003,0.3333,1,6,1,169,64,0.2202,13.88,1,0,0,0
ORD_101_01255,PIN_004,Electronics,2,0.21212121212121213,0.5535911602209945,-1.1503,0.3333,1,3,1,53,59,0.4408,16.59,0,0,0,0
ORD_101_01256,PIN_086,Home,0,0.3783783783783784,0.03017241379310345,-0.3693,0.25,1,2,1,109,32,0.2972,156.38,0,0,0,0
ORD_101_01257,PIN_014,Home,0,0.20689655172413793,0.03017241379310345,0.0704,0.25,0,1,1,14,38,0.112,27.64,0,0,0,0
ORD_101_01258,PIN_009,Apparel,0,0.23684210526315788,0.19776119402985073,-1.212,0.2,1,4,1,43,45,0.552,24.79,1,0,0,1
ORD_101_01259,PIN_052,Beauty,0,0.2571428571428571,0.02,2.2561,0.1667,0,3,1,460,56,0.3199,94.8,1,0,0,0
ORD_101_01260,PIN_022,Apparel,1,0.15384615384615385,0.19776119402985073,-1.5332,0.2,0,1,1,386,32,0.1635,49.84,0,0,0,0
ORD_101_01261,PIN_035,Apparel,0,0.05714285714285714,0.19776119402985073,-1.6065,0.4,0,2,1,57,34,0.1716,80.05,1,0,0,0
ORD_101_01262,PIN_006,Apparel,0,0.23529411764705882,0.19776119402985073,0.3565,0.2,0,2,1,1,56,0.4203,12.08,1,0,0,0
ORD_101_01263,PIN_055,Apparel,1,0.19047619047619047,0.19776119402985073,0.6017,0.2,0,4,1,304,42,0.406,101.04,1,0,0,1
ORD_101_01264,PIN_034,Electronics,1,0.22580645161290322,0.5535911602209945,-1.1406,0.3333,0,1,1,362,74,0.4333,85.94,1,0,0,1
ORD_101_01265,PIN_038,Home,0,0.14634146341463414,0.03017241379310345,-1.4638,0.25,0,4,1,212,38,0.4551,64.93,1,0,0,0
ORD_101_01266,PIN_089,Electronics,1,0.3888888888888889,0.5535911602209945,-1.3078,0.6667,0,3,1,227,54,0.026,145.37,1,0,0,1
ORD_101_01267,PIN_063,Electronics,0,0.175,0.5535911602209945,-1.6751,0.3333,0,3,1,72,61,0.2044,114.94,1,0,0,0
ORD_101_01268,PIN_042,Electronics,0,0.25,0.5535911602209945,-1.8584,0.3333,1,4,1,1733,53,0.0414,68.9,0,0,0,0
ORD_101_01269,PIN_063,Apparel,0,0.175,0.19776119402985073,-0.7286,0.4,0,2,1,379,16,0.1987,114.84,1,0,0,0
ORD_101_01270,PIN_022,Home,1,0.15384615384615385,0.03017241379310345,-0.4618,0.25,0,4,1,127,25,0.2592,47.24,0,0,0,0
ORD_101_01271,PIN_082,Apparel,0,0.25,0.19776119402985073,4.0,0.2,0,3,1,252,31,0.2289,154.07,1,0,0,0
ORD_101_01272,PIN_057,Books,0,0.25,0.01764705882352941,4.0,0.25,1,4,1,239,45,0.0261,104.52,1,0,0,0
ORD_101_01273,PIN_011,Apparel,0,0.10810810810810811,0.19776119402985073,-0.4116,0.2,1,1,1,127,42,0.5239,22.19,1,0,0,0
ORD_101_01274,PIN_021,Apparel,0,0.15151515151515152,0.19776119402985073,-0.2839,0.2,0,3,1,1646,52,0.1225,37.59,1,0,0,0
ORD_101_01275,PIN_087,Beauty,0,0.23333333333333334,0.02,-1.1574,0.1667,0,0,1,35,55,0.1603,156.62,0,0,0,0
ORD_101_01276,PIN_052,Electronics,0,0.2571428571428571,0.5535911602209945,-1.3563,0.3333,1,2,1,27,38,0.117,106.31,0,0,0,0
ORD_101_01277,PIN_064,Electronics,2,0.13157894736842105,0.5535911602209945,-1.3084,0.3333,0,3,1,411,51,0.1037,119.95,1,0,0,1
ORD_101_01278,PIN_070,Home,0,0.2682926829268293,0.03017241379310345,-1.651,0.25,0,2,1,22,60,0.1173,126.95,0,0,0,0
ORD_101_01279,PIN_078,Apparel,0,0.2647058823529412,0.19776119402985073,4.0,0.2,0,4,1,196,76,0.3058,147.3,1,0,0,0
ORD_101_01280,PIN_022,Books,0,0.15384615384615385,0.01764705882352941,3.0784,0.5,1,4,1,387,51,0.2252,57.19,1,0,0,0
ORD_101_01281,PIN_006,Electronics,0,0.23529411764705882,0.5535911602209945,-1.5689,0.3333,0,4,1,80,47,0.1205,30.62,1,0,0,0
ORD_101_01282,PIN_051,Electronics,0,0.375,0.5535911602209945,-1.4678,0.3333,0,1,1,122,59,0.2509,104.26,0,0,0,0
ORD_101_01283,PIN_083,Apparel,0,0.3404255319148936,0.19776119402985073,4.0,0.4,0,5,1,1145,35,0.1372,159.1,1,0,0,0
ORD_101_01284,PIN_033,Home,0,0.15151515151515152,0.03017241379310345,-1.6524,0.25,0,3,1,205,41,0.1217,48.88,0,0,0,0
ORD_101_01285,PIN_066,Beauty,0,0.34210526315789475,0.02,-0.3016,0.1667,0,1,1,46,54,0.2457,102.21,0,0,0,0
ORD_101_01286,PIN_059,Electronics,0,0.21739130434782608,0.5535911602209945,-0.9516,0.3333,0,1,1,132,54,0.3568,97.07,1,0,0,0
ORD_101_01287,PIN_084,Apparel,0,0.28,0.19776119402985073,4.0,0.4,0,4,1,9,15,0.2245,150.2,1,0,0,1
ORD_101_01288,PIN_011,Home,1,0.10810810810810811,0.03017241379310345,-1.3305,0.25,0,3,1,424,30,0.195,21.98,0,0,0,0
ORD_101_01289,PIN_086,Apparel,0,0.3783783783783784,0.19776119402985073,2.7713,0.2,0,4,1,206,73,0.1255,155.14,1,0,0,0
ORD_101_01290,PIN_052,Apparel,0,0.2571428571428571,0.19776119402985073,0.6242,0.2,0,2,1,242,51,0.4738,106.55,1,0,0,0
ORD_101_01291,PIN_015,Home,0,0.1724137931034483,0.03017241379310345,-1.5532,0.25,0,3,1,610,33,0.2146,26.36,0,0,0,0
ORD_101_01292,PIN_052,Apparel,0,0.2571428571428571,0.19776119402985073,-0.3803,0.2,0,0,1,242,39,0.1697,99.29,0,0,0,0
ORD_101_01293,PIN_020,Electronics,0,0.2413793103448276,0.5535911602209945,-1.8329,0.3333,0,2,1,64,33,0.3078,38.55,0,0,0,0
ORD_101_01294,PIN_001,Electronics,0,0.1282051282051282,0.5535911602209945,-1.795,0.3333,0,4,1,48,42,0.0684,14.55,1,0,0,0
ORD_101_01295,PIN_022,Apparel,0,0.15384615384615385,0.19776119402985073,0.351,0.2,0,1,1,1057,50,0.5804,44.82,1,0,0,0
ORD_101_01296,PIN_042,Electronics,0,0.25,0.5535911602209945,-1.8876,0.3333,0,3,1,655,28,0.1668,79.79,1,0,0,0
ORD_101_01297,PIN_007,Apparel,0,0.125,0.19776119402985073,0.9625,0.2,1,4,4,137,25,0.3585,28.03,1,0,0,1
ORD_101_01298,PIN_021,Apparel,0,0.15151515151515152,0.19776119402985073,1.0306,0.2,0,3,1,258,45,0.0979,22.84,0,0,0,0
ORD_101_01299,PIN_090,Books,0,0.42424242424242425,0.01764705882352941,4.0,0.25,0,2,1,157,58,0.4256,170.58,1,0,0,0
ORD_101_01300,PIN_050,Apparel,0,0.375,0.19776119402985073,4.0,0.2,0,2,1,259,22,0.3552,69.76,1,0,0,0
ORD_101_01301,PIN_061,Electronics,0,0.45454545454545453,0.5535911602209945,-0.931,0.6667,0,3,1,631,49,0.2765,120.65,0,0,0,0
ORD_101_01302,PIN_029,Apparel,0,0.16666666666666666,0.19776119402985073,4.0,0.6,1,2,1,786,47,0.1545,51.06,1,0,0,0
ORD_101_01303,PIN_061,Apparel,0,0.45454545454545453,0.19776119402985073,0.4221,0.4,1,1,1,57,64,0.0175,122.93,1,0,0,0
ORD_101_01304,PIN_089,Home,0,0.3888888888888889,0.03017241379310345,1.4906,0.25,0,0,1,177,49,0.4875,154.68,0,0,0,0
ORD_101_01305,PIN_010,Home,0,0.24444444444444444,0.03017241379310345,0.3597,0.25,0,2,1,392,51,0.1035,11.82,1,0,0,0
ORD_101_01306,PIN_075,Apparel,0,0.26666666666666666,0.19776119402985073,4.0,0.2,0,5,1,584,37,0.4632,136.35,0,0,0,0
ORD_101_01307,PIN_064,Beauty,0,0.13157894736842105,0.02,4.0,0.1667,0,4,1,32,43,0.1391,109.89,1,0,0,0
ORD_101_01308,PIN_055,Apparel,0,0.19047619047619047,0.19776119402985073,3.0084,0.2,0,3,1,257,73,0.2234,115.57,1,0,0,0
ORD_101_01309,PIN_021,Electronics,0,0.15151515151515152,0.5535911602209945,-1.1705,0.3333,1,2,1,122,47,0.2378,44.73,0,0,0,0
ORD_101_01310,PIN_042,Apparel,0,0.25,0.19776119402985073,4.0,0.6,1,3,4,386,56,0.4056,87.57,1,0,0,1
ORD_101_01311,PIN_013,Electronics,0,0.16666666666666666,0.5535911602209945,-1.6314,0.3333,0,1,1,119,39,0.3613,34.34,1,0,0,0
ORD_101_01312,PIN_087,Apparel,0,0.23333333333333334,0.19776119402985073,-0.7279,0.2,0,1,2,315,55,0.315,161.82,0,0,0,0
ORD_101_01313,PIN_039,Home,0,0.2647058823529412,0.03017241379310345,-1.3618,2.5,1,2,1,520,12,0.2546,75.8,1,0,0,0
ORD_101_01314,PIN_083,Apparel,2,0.3404255319148936,0.19776119402985073,1.7759,0.2,0,1,1,279,56,0.5839,158.96,1,0,0,1
ORD_101_01315,PIN_083,Apparel,2,0.3404255319148936,0.19776119402985073,4.0,0.2,1,3,1,379,39,0.4668,146.79,1,0,0,1
ORD_101_01316,PIN_018,Electronics,1,0.18421052631578946,0.5535911602209945,-1.7157,0.3333,1,4,1,75,38,0.1959,40.92,1,0,0,1
ORD_101_01317,PIN_006,Electronics,1,0.23529411764705882,0.5535911602209945,-1.4354,0.3333,0,1,1,490,60,0.1184,17.21,0,0,0,0
ORD_101_01318,PIN_040,Apparel,0,0.21428571428571427,0.19776119402985073,0.2792,0.2,1,7,1,105,38,0.1792,78.89,0,0,0,0
ORD_101_01319,PIN_039,Apparel,0,0.2647058823529412,0.19776119402985073,4.0,0.2,0,4,1,362,47,0.2027,83.22,1,0,0,0
ORD_101_01320,PIN_034,Electronics,0,0.22580645161290322,0.5535911602209945,-1.7216,0.3333,1,6,1,2473,25,0.0711,86.05,1,0,0,0
ORD_101_01321,PIN_055,Beauty,0,0.19047619047619047,0.02,-1.1945,0.1667,0,3,1,678,62,0.2084,100.6,1,0,0,0
ORD_101_01322,PIN_043,Apparel,0,0.34615384615384615,0.19776119402985073,-1.174,0.2,1,3,1,128,44,0.136,97.1,1,0,0,0
ORD_101_01323,PIN_027,Electronics,0,0.1875,0.5535911602209945,-1.0095,0.3333,0,3,1,156,41,0.6345,61.08,1,0,0,1
ORD_101_01324,PIN_006,Electronics,0,0.23529411764705882,0.5535911602209945,-1.4206,3.3333,0,4,1,69,59,0.3337,16.68,0,0,0,0
ORD_101_01325,PIN_078,Electronics,0,0.2647058823529412,0.5535911602209945,-0.7032,0.3333,0,3,1,296,36,0.2688,138.21,1,0,0,1
ORD_101_01326,PIN_085,Electronics,0,0.25,0.5535911602209945,-1.3671,0.6667,0,1,1,36,75,0.0933,153.85,0,0,0,0
ORD_101_01327,PIN_026,Apparel,0,0.1891891891891892,0.19776119402985073,2.1845,0.2,1,4,1,42,57,0.2271,62.57,1,0,0,0
ORD_101_01328,PIN_001,Electronics,0,0.1282051282051282,0.5535911602209945,-0.3292,0.3333,0,3,1,14,20,0.2294,1.0,1,0,0,1
ORD_101_01329,PIN_002,Electronics,2,0.15,0.5535911602209945,-1.2955,0.6667,0,2,1,680,25,0.2131,13.48,1,0,0,1
ORD_101_01330,PIN_039,Beauty,0,0.2647058823529412,0.02,-0.7248,0.1667,0,2,1,78,51,0.0988,70.91,0,0,0,0
ORD_101_01331,PIN_006,Home,0,0.23529411764705882,0.03017241379310345,-0.7677,0.25,0,4,1,63,67,0.3256,12.89,0,0,0,0
ORD_101_01332,PIN_075,Apparel,0,0.26666666666666666,0.19776119402985073,2.2048,0.2,1,3,1,248,34,0.2009,137.36,1,0,0,0
ORD_101_01333,PIN_087,Home,0,0.23333333333333334,0.03017241379310345,-0.3756,0.5,0,4,1,234,27,0.3378,149.12,1,0,0,0
ORD_101_01334,PIN_086,Apparel,0,0.3783783783783784,0.19776119402985073,1.7383,0.4,1,0,1,84,64,0.5154,155.9,1,0,0,0
ORD_101_01335,PIN_002,Apparel,0,0.15,0.19776119402985073,4.0,0.2,0,2,1,560,36,0.298,16.87,1,0,0,0
ORD_101_01336,PIN_042,Electronics,0,0.25,0.5535911602209945,-1.4055,2.0,0,3,1,17,45,0.3992,84.19,1,0,0,1
ORD_101_01337,PIN_087,Apparel,1,0.23333333333333334,0.19776119402985073,-0.2522,0.6,0,3,1,1424,29,0.1778,157.98,1,0,0,0
ORD_101_01338,PIN_044,Apparel,0,0.21428571428571427,0.19776119402985073,4.0,0.6,0,3,1,467,24,0.0072,88.0,0,0,0,0
ORD_101_01339,PIN_085,Home,1,0.25,0.03017241379310345,-1.6057,0.25,0,2,1,1,32,0.1382,163.89,0,0,0,0
ORD_101_01340,PIN_025,Beauty,0,0.21052631578947367,0.02,4.0,0.1667,0,4,1,120,38,0.3649,56.98,1,0,0,0
ORD_101_01341,PIN_017,Home,0,0.24242424242424243,0.03017241379310345,-1.5456,0.25,0,3,1,322,58,0.3097,35.75,1,0,0,0
ORD_101_01342,PIN_063,Apparel,0,0.175,0.19776119402985073,1.211,0.2,0,3,1,172,24,0.1663,135.02,0,0,0,0
ORD_101_01343,PIN_042,Electronics,0,0.25,0.5535911602209945,-1.8197,0.6667,0,2,1,425,57,0.3061,76.66,1,0,0,0
ORD_101_01344,PIN_067,Beauty,0,0.19444444444444445,0.02,1.7752,1.3333,0,2,1,257,66,0.1224,126.72,1,0,0,0
ORD_101_01345,PIN_090,Apparel,0,0.42424242424242425,0.19776119402985073,-0.6449,2.0,0,8,1,41,52,0.1177,158.46,0,0,0,0
ORD_101_01346,PIN_082,Books,1,0.25,0.01764705882352941,0.9908,0.25,1,2,1,212,56,0.4836,139.66,1,0,0,0
ORD_101_01347,PIN_050,Electronics,0,0.375,0.5535911602209945,-1.445,0.3333,0,2,1,13,36,0.3715,90.15,1,0,0,1
ORD_101_01348,PIN_003,Electronics,0,0.275,0.5535911602209945,-0.5768,0.3333,0,5,1,117,30,0.1195,22.7,1,0,0,0
ORD_101_01349,PIN_019,Apparel,1,0.13513513513513514,0.19776119402985073,-0.868,0.4,1,2,1,87,42,0.0424,42.46,1,0,0,0
ORD_101_01350,PIN_023,Electronics,0,0.1875,0.5535911602209945,-1.3965,0.3333,0,2,2,531,49,0.3404,54.09,1,0,0,1
ORD_101_01351,PIN_037,Books,0,0.21875,0.01764705882352941,1.5262,2.0,1,2,1,69,56,0.2511,71.32,1,0,0,0
ORD_101_01352,PIN_080,Electronics,1,0.32,0.5535911602209945,-1.247,0.3333,0,1,1,70,38,0.5979,156.9,1,0,0,1
ORD_101_01353,PIN_066,Home,2,0.34210526315789475,0.03017241379310345,-1.1972,0.25,1,3,1,95,64,0.2694,126.2,0,0,0,0
ORD_101_01354,PIN_004,Home,0,0.21212121212121213,0.03017241379310345,3.1031,0.75,0,2,1,641,49,0.4021,15.01,1,0,0,0
ORD_101_01355,PIN_065,Apparel,0,0.2619047619047619,0.19776119402985073,0.156,0.2,0,1,1,295,33,0.3931,113.62,1,0,0,0
ORD_101_01356,PIN_031,Apparel,0,0.1875,0.19776119402985073,0.473,0.2,0,3,1,34,49,0.5222,64.38,1,0,0,0
ORD_101_01357,PIN_043,Home,0,0.34615384615384615,0.03017241379310345,-0.8655,0.25,0,2,2,195,93,0.0701,78.29,1,0,0,0
ORD_101_01358,PIN_067,Beauty,0,0.19444444444444445,0.02,4.0,1.3333,0,1,1,577,43,0.1038,125.98,1,0,0,0
ORD_101_01359,PIN_078,Beauty,0,0.2647058823529412,0.02,4.0,0.1667,0,6,1,388,38,0.1163,147.04,0,0,0,0
ORD_101_01360,PIN_007,Apparel,0,0.125,0.19776119402985073,1.1159,0.2,0,5,1,207,43,0.4757,16.18,0,0,0,0
ORD_101_01361,PIN_081,Electronics,1,0.375,0.5535911602209945,-0.9926,0.3333,0,5,1,48,66,0.2356,137.45,1,0,0,1
ORD_101_01362,PIN_041,Home,2,0.21875,0.03017241379310345,-1.7961,0.25,0,2,1,153,38,0.2928,83.57,0,0,0,0
ORD_101_01363,PIN_071,Electronics,0,0.43243243243243246,0.5535911602209945,-1.8665,0.3333,0,0,1,423,31,0.0532,124.77,1,0,0,0
ORD_101_01364,PIN_038,Apparel,0,0.14634146341463414,0.19776119402985073,2.7817,0.2,1,2,1,292,65,0.5716,65.42,0,0,0,0
ORD_101_01365,PIN_013,Electronics,0,0.16666666666666666,0.5535911602209945,-1.4057,0.3333,0,5,1,10,55,0.3008,49.1,0,0,0,0
ORD_101_01366,PIN_068,Electronics,0,0.225,0.5535911602209945,-1.4259,0.6667,0,3,1,28,51,0.2909,130.2,1,0,0,1
ORD_101_01367,PIN_045,Electronics,0,0.2777777777777778,0.5535911602209945,1.4647,0.3333,0,1,1,38,43,0.4411,96.7,0,0,0,0
ORD_101_01368,PIN_075,Home,0,0.26666666666666666,0.03017241379310345,3.1715,0.25,0,2,1,328,30,0.6629,133.35,0,0,0,0
ORD_101_01369,PIN_019,Apparel,0,0.13513513513513514,0.19776119402985073,4.0,0.2,0,3,1,88,33,0.4344,44.74,1,0,0,0
ORD_101_01370,PIN_029,Electronics,0,0.16666666666666666,0.5535911602209945,-0.8153,0.3333,0,3,1,157,46,0.4785,67.43,0,0,0,0
ORD_101_01371,PIN_080,Home,0,0.32,0.03017241379310345,-0.7862,0.25,1,3,1,816,43,0.1099,127.02,0,0,0,0
ORD_101_01372,PIN_064,Beauty,0,0.13157894736842105,0.02,-0.6719,0.3333,0,3,1,106,43,0.1238,124.37,0,0,0,0
ORD_101_01373,PIN_084,Home,2,0.28,0.03017241379310345,-0.2007,2.5,0,1,1,224,52,0.0525,152.27,1,0,0,0
ORD_101_01374,PIN_076,Apparel,1,0.4117647058823529,0.19776119402985073,-0.2837,0.4,0,2,1,428,39,0.2406,143.98,0,0,0,0
ORD_101_01375,PIN_074,Beauty,1,0.23076923076923078,0.02,0.1655,0.1667,0,4,1,286,46,0.2622,142.62,1,0,0,0
ORD_101_01376,PIN_012,Electronics,0,0.2571428571428571,0.5535911602209945,-1.6235,0.3333,0,5,1,56,67,0.3056,26.25,0,0,0,0
ORD_101_01377,PIN_064,Home,0,0.13157894736842105,0.03017241379310345,0.9432,0.25,0,2,1,1053,46,0.3696,117.35,1,0,0,0
ORD_101_01378,PIN_026,Apparel,1,0.1891891891891892,0.19776119402985073,-1.3126,0.2,1,5,1,100,36,0.0805,59.08,0,0,0,0
ORD_101_01379,PIN_089,Apparel,0,0.3888888888888889,0.19776119402985073,3.5095,0.2,0,1,1,435,34,0.1779,144.84,1,0,0,0
ORD_101_01380,PIN_057,Apparel,0,0.25,0.19776119402985073,-1.1667,0.4,1,1,1,332,49,0.6289,109.62,1,0,0,0
ORD_101_01381,PIN_074,Electronics,0,0.23076923076923078,0.5535911602209945,-1.6444,0.3333,0,2,1,600,59,0.4204,134.33,1,0,0,0
ORD_101_01382,PIN_036,Electronics,0,0.3,0.5535911602209945,-1.7532,0.3333,1,4,1,98,69,0.4208,76.55,1,0,0,1
ORD_101_01383,PIN_017,Apparel,0,0.24242424242424243,0.19776119402985073,-0.6845,0.4,0,1,2,382,68,0.0344,42.72,1,0,0,0
ORD_101_01384,PIN_065,Home,0,0.2619047619047619,0.03017241379310345,-0.4227,0.25,0,8,1,97,38,0.1276,116.31,0,0,0,0
ORD_101_01385,PIN_072,Apparel,0,0.3548387096774194,0.19776119402985073,3.8428,0.4,0,2,1,5,29,0.6607,129.64,0,0,0,0
ORD_101_01386,PIN_052,Books,0,0.2571428571428571,0.01764705882352941,4.0,0.5,0,3,3,32,34,0.1763,100.42,0,0,0,0
ORD_101_01387,PIN_019,Electronics,0,0.13513513513513514,0.5535911602209945,-1.3183,0.3333,0,6,1,343,73,0.2499,46.19,0,0,0,0
ORD_101_01388,PIN_050,Apparel,0,0.375,0.19776119402985073,0.0864,0.2,0,2,1,590,39,0.1604,102.75,0,0,0,0
ORD_101_01389,PIN_071,Electronics,0,0.43243243243243246,0.5535911602209945,-1.7954,0.3333,0,3,1,667,57,0.4958,139.97,0,0,0,0
ORD_101_01390,PIN_030,Books,0,0.09090909090909091,0.01764705882352941,-0.217,0.25,0,2,1,381,47,0.6513,65.35,1,0,0,0
ORD_101_01391,PIN_034,Electronics,0,0.22580645161290322,0.5535911602209945,-0.5812,1.3333,0,3,1,53,58,0.4291,68.43,0,0,0,0
ORD_101_01392,PIN_015,Apparel,0,0.1724137931034483,0.19776119402985073,-0.1911,0.2,0,1,1,114,51,0.3129,30.87,1,0,0,0
ORD_101_01393,PIN_048,Home,0,0.21621621621621623,0.03017241379310345,-1.284,0.25,0,3,1,208,33,0.3563,87.84,0,0,0,0
ORD_101_01394,PIN_035,Beauty,0,0.05714285714285714,0.02,-0.9462,0.1667,1,1,1,242,24,0.2832,73.31,0,0,0,0
ORD_101_01395,PIN_089,Books,0,0.3888888888888889,0.01764705882352941,1.7699,0.25,0,0,1,230,49,0.2271,150.15,1,0,0,0
ORD_101_01396,PIN_089,Apparel,1,0.3888888888888889,0.19776119402985073,4.0,0.8,1,2,1,200,50,0.3378,164.41,1,0,0,1
ORD_101_01397,PIN_007,Electronics,0,0.125,0.5535911602209945,-1.5078,2.0,0,2,1,216,54,0.2637,31.08,0,0,0,0
ORD_101_01398,PIN_083,Books,0,0.3404255319148936,0.01764705882352941,4.0,0.25,0,2,1,450,41,0.1766,150.95,0,0,0,0
ORD_101_01399,PIN_017,Apparel,0,0.24242424242424243,0.19776119402985073,0.5327,0.2,0,1,1,352,46,0.362,24.14,1,0,0,0
ORD_101_01400,PIN_009,Books,0,0.23684210526315788,0.01764705882352941,4.0,0.25,1,1,1,24,40,0.0024,25.89,0,0,0,0
ORD_101_01401,PIN_039,Electronics,0,0.2647058823529412,0.5535911602209945,2.3477,0.3333,0,2,1,110,53,0.6109,75.07,0,0,0,0
ORD_101_01402,PIN_001,Beauty,1,0.1282051282051282,0.02,0.2068,0.1667,0,3,1,103,84,0.2994,10.97,0,0,0,0
ORD_101_01403,PIN_036,Beauty,0,0.3,0.02,4.0,0.1667,1,1,1,239,64,0.2428,67.67,1,0,0,0
ORD_101_01404,PIN_018,Books,0,0.18421052631578946,0.01764705882352941,2.8166,0.25,1,3,1,223,58,0.4379,30.66,0,0,0,0
ORD_101_01405,PIN_024,Apparel,0,0.26666666666666666,0.19776119402985073,0.8725,0.2,0,3,1,269,46,0.4841,54.65,1,0,0,0
ORD_101_01406,PIN_012,Apparel,0,0.2571428571428571,0.19776119402985073,-1.5873,0.2,1,2,4,327,36,0.4378,25.56,0,0,0,0
ORD_101_01407,PIN_014,Home,0,0.20689655172413793,0.03017241379310345,-1.7898,0.25,0,3,1,130,39,0.4765,37.48,0,0,0,0
ORD_101_01408,PIN_010,Electronics,0,0.24444444444444444,0.5535911602209945,-1.7328,1.0,0,2,1,7,55,0.4149,26.79,1,0,0,1
ORD_101_01409,PIN_049,Home,0,0.23333333333333334,0.03017241379310345,-0.5056,0.25,0,5,1,266,28,0.3055,95.72,1,0,0,0
ORD_101_01410,PIN_077,Books,0,0.358974358974359,0.01764705882352941,4.0,0.25,0,2,1,529,40,0.3884,146.54,1,0,0,0
ORD_101_01411,PIN_025,Apparel,0,0.21052631578947367,0.19776119402985073,4.0,0.4,0,0,1,309,20,0.7747,66.68,0,0,0,0
ORD_101_01412,PIN_062,Apparel,0,0.4,0.19776119402985073,2.0094,0.2,0,4,1,223,22,0.0283,115.66,1,0,0,0
ORD_101_01413,PIN_070,Electronics,0,0.2682926829268293,0.5535911602209945,-0.1719,0.3333,0,3,1,127,47,0.1444,119.18,1,0,0,0
ORD_101_01414,PIN_083,Electronics,0,0.3404255319148936,0.5535911602209945,-1.6474,0.3333,0,2,1,41,11,0.1635,162.19,0,0,0,0
ORD_101_01415,PIN_090,Electronics,0,0.42424242424242425,0.5535911602209945,-1.192,3.3333,0,1,1,505,29,0.3022,177.76,0,0,0,0
ORD_101_01416,PIN_085,Apparel,0,0.25,0.19776119402985073,-1.3999,0.2,0,3,1,97,64,0.315,171.86,1,0,0,0
ORD_101_01417,PIN_035,Home,0,0.05714285714285714,0.03017241379310345,-1.4637,0.75,1,2,1,241,54,0.3379,73.9,1,0,0,0
ORD_101_01418,PIN_046,Home,0,0.23529411764705882,0.03017241379310345,-1.2021,0.5,0,3,1,764,48,0.4025,101.54,1,0,0,0
ORD_101_01419,PIN_009,Electronics,0,0.23684210526315788,0.5535911602209945,-1.6616,0.3333,1,2,1,443,36,0.0819,25.03,1,0,0,0
ORD_101_01420,PIN_040,Apparel,0,0.21428571428571427,0.19776119402985073,0.6715,0.6,0,2,2,81,50,0.2825,80.08,1,0,0,0
ORD_101_01421,PIN_040,Books,0,0.21428571428571427,0.01764705882352941,0.066,0.75,0,1,1,180,49,0.2311,81.94,1,0,0,0
ORD_101_01422,PIN_080,Apparel,0,0.32,0.19776119402985073,1.5269,0.2,0,2,1,169,29,0.1844,165.28,0,0,0,0
ORD_101_01423,PIN_017,Apparel,0,0.24242424242424243,0.19776119402985073,-1.1803,0.2,0,1,1,45,68,0.0469,36.05,0,0,0,0
ORD_101_01424,PIN_089,Beauty,0,0.3888888888888889,0.02,3.4629,1.6667,0,2,1,102,54,0.1688,155.96,1,0,0,0
ORD_101_01425,PIN_088,Home,0,0.29411764705882354,0.03017241379310345,-0.652,0.25,0,1,1,397,66,0.4614,161.33,0,0,0,0
ORD_101_01426,PIN_065,Apparel,0,0.2619047619047619,0.19776119402985073,-1.1551,0.2,1,2,1,29,65,0.2041,114.39,1,0,0,0
ORD_101_01427,PIN_073,Beauty,3,0.25,0.02,4.0,0.1667,0,3,1,527,50,0.5423,138.24,0,0,0,0
ORD_101_01428,PIN_058,Apparel,0,0.28125,0.19776119402985073,-0.5592,0.8,0,3,1,219,35,0.1988,112.78,0,0,0,0
ORD_101_01429,PIN_010,Electronics,0,0.24444444444444444,0.5535911602209945,-1.2892,0.6667,0,0,1,88,26,0.276,33.85,1,0,0,0
ORD_101_01430,PIN_049,Electronics,1,0.23333333333333334,0.5535911602209945,-1.6194,0.6667,1,2,2,520,40,0.6373,97.34,0,0,0,0
ORD_101_01431,PIN_010,Beauty,0,0.24444444444444444,0.02,2.7609,0.5,0,2,1,115,62,0.4147,25.7,1,0,0,0
ORD_101_01432,PIN_067,Electronics,0,0.19444444444444445,0.5535911602209945,-0.9171,1.0,0,2,1,128,107,0.1555,123.54,1,0,0,0
ORD_101_01433,PIN_047,Home,0,0.2727272727272727,0.03017241379310345,-0.5703,0.25,0,3,1,539,59,0.7961,78.2,0,0,0,0
ORD_101_01434,PIN_058,Apparel,1,0.28125,0.19776119402985073,-0.5788,0.6,0,6,1,509,47,0.2204,108.37,0,0,0,0
ORD_101_01435,PIN_046,Electronics,0,0.23529411764705882,0.5535911602209945,-1.7536,0.3333,0,3,1,33,67,0.4131,105.14,1,0,0,1
ORD_101_01436,PIN_083,Apparel,1,0.3404255319148936,0.19776119402985073,4.0,0.2,0,2,1,109,28,0.3323,158.83,1,0,0,1
ORD_101_01437,PIN_001,Books,0,0.1282051282051282,0.01764705882352941,0.7438,0.25,0,1,1,498,37,0.1471,23.58,0,0,0,0
ORD_101_01438,PIN_077,Beauty,0,0.358974358974359,0.02,4.0,0.1667,0,4,1,8,28,0.1694,143.23,1,0,0,0
ORD_101_01439,PIN_069,Apparel,2,0.25806451612903225,0.19776119402985073,-0.3085,0.2,0,3,1,135,33,0.459,120.33,0,0,0,0
ORD_101_01440,PIN_052,Home,1,0.2571428571428571,0.03017241379310345,-1.8296,0.25,0,4,1,135,67,0.3695,106.58,1,0,0,0
ORD_101_01441,PIN_042,Beauty,1,0.25,0.02,4.0,0.5,0,4,1,56,53,0.4006,72.86,0,0,0,0
ORD_101_01442,PIN_055,Apparel,0,0.19047619047619047,0.19776119402985073,0.5037,0.2,1,2,1,167,35,0.205,99.26,0,0,0,0
ORD_101_01443,PIN_021,Apparel,1,0.15151515151515152,0.19776119402985073,4.0,0.6,0,1,1,198,60,0.1398,47.25,1,0,0,0
ORD_101_01444,PIN_066,Electronics,0,0.34210526315789475,0.5535911602209945,-1.8735,0.3333,0,1,2,184,54,0.0991,113.78,0,0,0,0
ORD_101_01445,PIN_083,Electronics,0,0.3404255319148936,0.5535911602209945,-1.5381,0.3333,0,0,1,398,43,0.0943,150.87,0,0,0,0
ORD_101_01446,PIN_076,Apparel,1,0.4117647058823529,0.19776119402985073,-1.2242,0.2,0,5,1,64,73,0.4434,152.31,0,0,0,0
ORD_101_01447,PIN_064,Electronics,0,0.13157894736842105,0.5535911602209945,-0.4332,0.3333,0,3,1,703,30,0.1833,131.79,0,0,0,0
ORD_101_01448,PIN_027,Apparel,2,0.1875,0.19776119402985073,4.0,0.4,0,4,1,134,48,0.2374,64.29,1,0,0,1
ORD_101_01449,PIN_016,Apparel,0,0.20930232558139536,0.19776119402985073,0.1936,1.2,0,1,1,36,40,0.3923,39.54,1,0,0,0
ORD_101_01450,PIN_053,Beauty,0,0.22857142857142856,0.02,4.0,0.1667,1,4,1,1007,59,0.1626,95.47,1,0,0,0
ORD_101_01451,PIN_090,Apparel,0,0.42424242424242425,0.19776119402985073,4.0,0.4,0,4,2,101,37,0.2345,170.76,1,0,0,1
ORD_101_01452,PIN_025,Home,0,0.21052631578947367,0.03017241379310345,3.1588,0.25,0,2,1,691,30,0.3748,51.06,1,0,0,0
ORD_101_01453,PIN_008,Apparel,0,0.14285714285714285,0.19776119402985073,0.7281,0.2,0,2,1,1670,33,0.2123,34.86,0,0,0,0
ORD_101_01454,PIN_032,Electronics,0,0.11538461538461539,0.5535911602209945,-1.4727,0.3333,0,2,1,362,55,0.473,55.71,0,0,0,0
ORD_101_01455,PIN_009,Apparel,1,0.23684210526315788,0.19776119402985073,1.2685,0.2,0,1,1,290,79,0.2133,28.1,0,0,0,0
ORD_101_01456,PIN_064,Apparel,0,0.13157894736842105,0.19776119402985073,1.8572,0.4,0,4,1,62,51,0.2947,103.3,1,0,0,0
ORD_101_01457,PIN_077,Books,0,0.358974358974359,0.01764705882352941,0.9938,0.5,0,5,1,611,53,0.3179,144.86,0,0,0,0
ORD_101_01458,PIN_054,Home,0,0.34782608695652173,0.03017241379310345,-0.9098,0.25,0,2,1,251,36,0.2796,86.15,0,0,0,0
ORD_101_01459,PIN_049,Home,1,0.23333333333333334,0.03017241379310345,-1.5493,0.5,0,2,1,66,55,0.2726,100.58,1,0,0,0
ORD_101_01460,PIN_058,Apparel,0,0.28125,0.19776119402985073,2.0151,0.2,0,4,1,110,40,0.4647,117.26,1,0,0,1
ORD_101_01461,PIN_089,Books,0,0.3888888888888889,0.01764705882352941,4.0,0.25,0,1,1,265,43,0.0719,175.09,1,0,0,0
ORD_101_01462,PIN_083,Electronics,0,0.3404255319148936,0.5535911602209945,-0.1445,0.3333,0,1,1,18,52,0.1317,161.25,0,0,0,0
ORD_101_01463,PIN_081,Apparel,0,0.375,0.19776119402985073,-0.0109,0.2,0,3,1,127,41,0.1919,140.23,0,0,0,0
ORD_101_01464,PIN_013,Beauty,0,0.16666666666666666,0.02,-0.4379,0.1667,0,0,1,298,41,0.318,29.79,1,0,0,0
ORD_101_01465,PIN_004,Electronics,0,0.21212121212121213,0.5535911602209945,0.2974,0.3333,0,1,1,467,47,0.2178,24.32,1,0,0,0
ORD_101_01466,PIN_001,Apparel,0,0.1282051282051282,0.19776119402985073,-1.1917,0.2,0,3,1,1063,41,0.2817,15.45,1,0,0,0
ORD_101_01467,PIN_026,Home,0,0.1891891891891892,0.03017241379310345,-1.0451,0.25,0,0,1,404,52,0.0183,60.21,0,0,0,0
ORD_101_01468,PIN_022,Electronics,1,0.15384615384615385,0.5535911602209945,-1.7557,0.3333,0,2,1,386,58,0.478,52.44,1,0,0,1
ORD_101_01469,PIN_042,Apparel,0,0.25,0.19776119402985073,-0.3187,0.4,0,7,1,301,45,0.3071,76.4,1,0,0,0
ORD_101_01470,PIN_018,Home,7,0.18421052631578946,0.03017241379310345,-1.3214,0.25,0,4,1,599,22,0.1046,33.29,1,0,0,1
ORD_101_01471,PIN_001,Apparel,0,0.1282051282051282,0.19776119402985073,-1.5474,0.2,0,3,1,755,30,0.3985,7.51,0,0,0,0
ORD_101_01472,PIN_016,Home,0,0.20930232558139536,0.03017241379310345,2.789,0.25,1,4,1,1091,51,0.0395,38.24,0,0,0,0
ORD_101_01473,PIN_089,Apparel,0,0.3888888888888889,0.19776119402985073,-1.3076,1.8,0,1,1,75,32,0.0611,162.42,0,0,0,0
ORD_101_01474,PIN_076,Home,0,0.4117647058823529,0.03017241379310345,0.0264,0.25,0,1,1,564,38,0.2682,144.51,0,0,0,0
ORD_101_01475,PIN_042,Apparel,0,0.25,0.19776119402985073,2.6492,0.4,0,3,1,169,41,0.016,87.98,1,0,0,0
ORD_101_01476,PIN_077,Electronics,1,0.358974358974359,0.5535911602209945,1.0558,0.3333,0,8,1,650,46,0.3037,145.51,1,0,0,1
ORD_101_01477,PIN_069,Apparel,0,0.25806451612903225,0.19776119402985073,0.5621,0.2,1,4,1,63,61,0.4402,127.89,1,0,0,0
ORD_101_01478,PIN_018,Apparel,2,0.18421052631578946,0.19776119402985073,4.0,0.2,1,2,1,201,69,0.4686,34.43,1,0,0,1
ORD_101_01479,PIN_086,Apparel,0,0.3783783783783784,0.19776119402985073,-0.8289,0.4,0,1,1,71,69,0.3673,160.2,0,0,0,0
ORD_101_01480,PIN_041,Beauty,0,0.21875,0.02,4.0,0.1667,0,0,2,42,24,0.0751,87.79,1,0,0,0
ORD_101_01481,PIN_031,Apparel,0,0.1875,0.19776119402985073,-0.9956,0.2,0,4,1,171,54,0.3158,61.93,1,0,0,0
ORD_101_01482,PIN_039,Home,0,0.2647058823529412,0.03017241379310345,-0.1727,0.25,0,1,3,330,72,0.5314,73.99,0,0,0,0
ORD_101_01483,PIN_088,Electronics,0,0.29411764705882354,0.5535911602209945,-0.5579,0.6667,0,3,1,18,60,0.1633,140.83,1,0,0,1
ORD_101_01484,PIN_006,Apparel,0,0.23529411764705882,0.19776119402985073,-1.0166,0.2,0,1,1,124,65,0.1576,22.82,0,0,0,0
ORD_101_01485,PIN_045,Apparel,2,0.2777777777777778,0.19776119402985073,-1.4664,0.2,1,1,1,16,56,0.2126,88.34,1,0,0,1
ORD_101_01486,PIN_021,Home,0,0.15151515151515152,0.03017241379310345,-1.777,0.25,0,3,1,121,53,0.3438,53.7,0,0,0,0
ORD_101_01487,PIN_069,Electronics,0,0.25806451612903225,0.5535911602209945,-1.8347,0.3333,1,3,1,641,40,0.306,134.05,1,0,0,0
ORD_101_01488,PIN_071,Apparel,0,0.43243243243243246,0.19776119402985073,1.2797,0.2,0,5,1,581,14,0.1981,108.5,0,0,0,0
ORD_101_01489,PIN_067,Apparel,0,0.19444444444444445,0.19776119402985073,-0.8986,0.4,0,2,1,59,35,0.2976,117.16,0,0,0,0
ORD_101_01490,PIN_060,Apparel,0,0.25806451612903225,0.19776119402985073,-1.2698,0.4,0,4,1,529,59,0.1826,114.54,1,0,0,0
ORD_101_01491,PIN_002,Home,0,0.15,0.03017241379310345,-1.7847,0.25,0,2,1,41,36,0.1162,15.23,1,0,0,0
ORD_101_01492,PIN_049,Electronics,0,0.23333333333333334,0.5535911602209945,-1.8148,0.3333,0,3,1,116,60,0.1773,100.17,0,0,0,0
ORD_101_01493,PIN_014,Apparel,0,0.20689655172413793,0.19776119402985073,0.1529,0.2,0,3,1,301,50,0.1808,22.83,1,0,0,0
ORD_101_01494,PIN_070,Electronics,0,0.2682926829268293,0.5535911602209945,-0.8864,0.3333,0,3,1,0,28,0.337,142.78,1,0,0,1
ORD_101_01495,PIN_059,Home,0,0.21739130434782608,0.03017241379310345,0.2916,0.25,1,2,1,876,44,0.3688,114.04,1,0,0,0
ORD_101_01496,PIN_026,Electronics,0,0.1891891891891892,0.5535911602209945,-1.3278,0.3333,0,1,1,235,51,0.3461,47.59,0,0,0,0
ORD_101_01497,PIN_030,Apparel,0,0.09090909090909091,0.19776119402985073,0.0167,0.4,0,1,1,833,69,0.3948,58.66,1,0,0,0
ORD_101_01498,PIN_022,Apparel,0,0.15384615384615385,0.19776119402985073,-1.5404,0.2,0,2,1,519,38,0.2502,49.87,1,0,0,0
ORD_101_01499,PIN_043,Apparel,0,0.34615384615384615,0.19776119402985073,2.2924,0.2,0,1,1,59,28,0.2249,87.49,0,0,0,0
ORD_101_01500,PIN_072,Beauty,0,0.3548387096774194,0.02,-1.3337,0.1667,0,3,1,12,68,0.5411,130.66,1,0,0,0
ORD_101_01501,PIN_088,Home,0,0.29411764705882354,0.03017241379310345,-0.8069,0.25,0,2,1,74,69,0.4624,167.3,1,0,0,0
ORD_101_01502,PIN_040,Apparel,0,0.21428571428571427,0.19776119402985073,2.2308,0.2,0,5,1,236,55,0.2453,71.82,0,0,0,0
ORD_101_01503,PIN_087,Beauty,0,0.23333333333333334,0.02,2.445,0.1667,0,5,1,322,49,0.1232,163.62,0,0,0,0
ORD_101_01504,PIN_046,Apparel,0,0.23529411764705882,0.19776119402985073,3.0601,0.2,0,0,1,424,48,0.3278,79.23,0,0,0,0
ORD_101_01505,PIN_012,Books,0,0.2571428571428571,0.01764705882352941,1.4879,0.25,0,4,1,106,60,0.625,20.08,1,0,0,0
ORD_101_01506,PIN_035,Home,0,0.05714285714285714,0.03017241379310345,1.3349,0.25,0,3,1,996,50,0.139,81.09,1,0,0,0
ORD_101_01507,PIN_085,Electronics,0,0.25,0.5535911602209945,-1.1105,0.3333,0,2,1,614,40,0.6143,167.05,0,0,0,0
ORD_101_01508,PIN_081,Home,2,0.375,0.03017241379310345,2.9106,0.25,1,2,1,241,36,0.4743,146.46,1,0,0,1
ORD_101_01509,PIN_058,Apparel,0,0.28125,0.19776119402985073,2.2693,0.2,1,3,1,226,50,0.3434,113.43,0,0,0,0
ORD_101_01510,PIN_070,Beauty,0,0.2682926829268293,0.02,-1.2974,0.1667,0,2,1,388,75,0.1527,135.65,1,0,0,0
ORD_101_01511,PIN_063,Beauty,1,0.175,0.02,4.0,0.1667,0,1,1,168,52,0.4465,110.41,1,0,0,0
ORD_101_01512,PIN_078,Apparel,1,0.2647058823529412,0.19776119402985073,-0.7325,0.2,0,2,1,96,26,0.1531,138.27,1,0,0,1
ORD_101_01513,PIN_013,Home,0,0.16666666666666666,0.03017241379310345,2.4451,0.25,1,5,1,118,45,0.2026,27.06,1,0,0,0
ORD_101_01514,PIN_010,Apparel,2,0.24444444444444444,0.19776119402985073,-0.7083,0.2,1,2,1,1564,13,0.2674,16.03,0,0,0,0
ORD_101_01515,PIN_003,Apparel,0,0.275,0.19776119402985073,-1.4207,0.2,0,3,1,43,63,0.1547,8.38,0,0,0,0
ORD_101_01516,PIN_080,Books,0,0.32,0.01764705882352941,-0.6256,0.5,1,2,1,111,53,0.2988,146.6,1,0,0,0
ORD_101_01517,PIN_005,Electronics,2,0.06666666666666667,0.5535911602209945,-1.8055,0.3333,1,4,2,707,64,0.2174,31.77,1,0,0,1
ORD_101_01518,PIN_041,Electronics,0,0.21875,0.5535911602209945,-1.4687,0.3333,0,4,1,233,57,0.327,80.88,0,0,0,0
ORD_101_01519,PIN_010,Apparel,0,0.24444444444444444,0.19776119402985073,-1.3119,0.2,0,3,1,21,60,0.0606,12.68,1,0,0,0
ORD_101_01520,PIN_088,Apparel,0,0.29411764705882354,0.19776119402985073,4.0,0.6,1,4,1,569,54,0.5664,166.29,1,0,0,0
ORD_101_01521,PIN_066,Apparel,0,0.34210526315789475,0.19776119402985073,0.8425,0.2,0,3,1,55,48,0.4124,130.57,0,0,0,0
ORD_101_01522,PIN_004,Beauty,0,0.21212121212121213,0.02,0.3108,1.1667,0,2,1,93,63,0.1688,16.35,1,0,0,0
ORD_101_01523,PIN_024,Home,0,0.26666666666666666,0.03017241379310345,-0.3256,0.25,1,2,1,436,42,0.3507,33.12,1,0,0,0
ORD_101_01524,PIN_014,Books,0,0.20689655172413793,0.01764705882352941,4.0,0.75,0,0,1,2,38,0.1594,16.26,1,0,0,0
ORD_101_01525,PIN_074,Books,2,0.23076923076923078,0.01764705882352941,4.0,0.25,0,3,1,135,28,0.2334,136.4,0,0,0,0
ORD_101_01526,PIN_013,Home,0,0.16666666666666666,0.03017241379310345,-0.2237,0.25,0,0,1,104,85,0.1676,35.21,1,0,0,0
ORD_101_01527,PIN_062,Electronics,0,0.4,0.5535911602209945,-1.1946,1.3333,0,0,1,360,29,0.2149,123.84,0,0,0,0
ORD_101_01528,PIN_004,Apparel,0,0.21212121212121213,0.19776119402985073,-0.9036,0.2,0,2,1,1869,37,0.5209,8.87,1,0,0,0
ORD_101_01529,PIN_068,Home,0,0.225,0.03017241379310345,0.7778,0.25,0,3,1,362,41,0.1502,117.62,1,0,0,0
ORD_101_01530,PIN_073,Home,2,0.25,0.03017241379310345,-1.7914,0.25,0,3,1,123,76,0.4571,125.07,1,0,0,1
ORD_101_01531,PIN_079,Apparel,0,0.2571428571428571,0.19776119402985073,0.6798,0.4,0,1,2,83,13,0.2207,141.36,0,0,0,0
ORD_101_01532,PIN_008,Electronics,0,0.14285714285714285,0.5535911602209945,-1.83,0.3333,0,3,1,17,22,0.1422,21.29,0,0,0,0
ORD_101_01533,PIN_061,Electronics,1,0.45454545454545453,0.5535911602209945,-1.0564,0.3333,1,3,1,23,44,0.2305,106.43,0,0,0,0
ORD_101_01534,PIN_069,Apparel,0,0.25806451612903225,0.19776119402985073,-0.0216,0.2,1,0,1,211,35,0.3282,139.86,1,0,0,0
ORD_101_01535,PIN_016,Beauty,0,0.20930232558139536,0.02,4.0,0.1667,0,1,1,646,56,0.2401,36.94,1,0,0,0
ORD_101_01536,PIN_016,Books,0,0.20930232558139536,0.01764705882352941,2.8584,0.25,0,2,1,112,59,0.3104,35.52,1,0,0,0
ORD_101_01537,PIN_036,Apparel,1,0.3,0.19776119402985073,2.3971,0.4,0,0,2,487,75,0.2982,64.08,1,0,0,0
ORD_101_01538,PIN_071,Apparel,0,0.43243243243243246,0.19776119402985073,0.1362,0.2,1,3,1,696,50,0.1288,135.36,1,0,0,0
ORD_101_01539,PIN_034,Beauty,1,0.22580645161290322,0.02,-0.2432,0.1667,0,2,1,729,28,0.3578,63.51,0,0,0,0
ORD_101_01540,PIN_059,Apparel,0,0.21739130434782608,0.19776119402985073,-1.1861,0.2,0,2,1,473,61,0.5184,101.38,0,0,0,0
ORD_101_01541,PIN_031,Apparel,0,0.1875,0.19776119402985073,3.5736,0.2,0,1,1,164,40,0.261,61.57,0,0,0,0
ORD_101_01542,PIN_068,Electronics,0,0.225,0.5535911602209945,-1.3021,0.3333,0,4,1,543,30,0.3929,119.82,1,0,0,1
ORD_101_01543,PIN_005,Apparel,0,0.06666666666666667,0.19776119402985073,4.0,0.2,0,4,1,45,59,0.2456,19.64,0,0,0,0
ORD_101_01544,PIN_066,Beauty,0,0.34210526315789475,0.02,0.0601,0.1667,0,1,1,326,26,0.2575,122.12,0,0,0,0
ORD_101_01545,PIN_069,Apparel,0,0.25806451612903225,0.19776119402985073,4.0,0.2,0,3,1,254,72,0.1712,139.13,1,0,0,0
ORD_101_01546,PIN_018,Electronics,0,0.18421052631578946,0.5535911602209945,-1.3183,0.3333,0,2,1,262,81,0.2289,31.06,1,0,0,0
ORD_101_01547,PIN_021,Electronics,0,0.15151515151515152,0.5535911602209945,-1.3056,0.3333,1,4,1,95,38,0.2269,51.21,1,0,0,1
ORD_101_01548,PIN_035,Beauty,1,0.05714285714285714,0.02,1.8913,0.1667,0,3,1,217,61,0.1673,68.34,0,0,0,0
ORD_101_01549,PIN_023,Electronics,0,0.1875,0.5535911602209945,-1.8398,0.3333,0,3,1,75,20,0.3751,44.87,1,0,0,1
ORD_101_01550,PIN_003,Books,0,0.275,0.01764705882352941,1.7446,0.25,0,3,1,163,60,0.6134,10.66,1,0,0,0
ORD_101_01551,PIN_057,Electronics,0,0.25,0.5535911602209945,-0.7184,2.0,0,0,1,287,31,0.7573,110.03,1,0,0,1
ORD_101_01552,PIN_080,Apparel,0,0.32,0.19776119402985073,4.0,0.2,0,1,1,42,30,0.0766,138.22,0,0,0,0
ORD_101_01553,PIN_053,Beauty,0,0.22857142857142856,0.02,3.3596,0.1667,0,2,2,49,57,0.3831,87.07,1,0,0,0
ORD_101_01554,PIN_051,Apparel,0,0.375,0.19776119402985073,0.0321,0.4,0,2,1,169,54,0.3961,100.72,1,0,0,0
ORD_101_01555,PIN_055,Electronics,0,0.19047619047619047,0.5535911602209945,-1.4519,0.3333,0,2,1,365,65,0.211,96.82,0,0,0,0
ORD_101_01556,PIN_064,Electronics,0,0.13157894736842105,0.5535911602209945,-0.3018,0.3333,0,1,1,638,39,0.4593,127.13,1,0,0,0
ORD_101_01557,PIN_028,Home,0,0.0625,0.03017241379310345,-1.3901,2.5,0,1,3,574,42,0.1704,54.56,0,0,0,0
ORD_101_01558,PIN_012,Beauty,0,0.2571428571428571,0.02,4.0,0.1667,0,5,1,56,38,0.3519,29.73,1,0,0,0
ORD_101_01559,PIN_029,Apparel,1,0.16666666666666666,0.19776119402985073,4.0,0.4,0,1,1,16,24,0.2038,56.91,0,0,0,0
ORD_101_01560,PIN_054,Electronics,0,0.34782608695652173,0.5535911602209945,-0.6523,1.0,0,0,2,1028,47,0.0269,107.52,1,0,0,0
ORD_101_01561,PIN_038,Electronics,0,0.14634146341463414,0.5535911602209945,-1.7523,0.6667,0,2,1,270,33,0.4126,82.48,0,0,0,0
ORD_101_01562,PIN_010,Books,0,0.24444444444444444,0.01764705882352941,4.0,0.25,0,2,1,400,50,0.0819,24.98,1,0,0,0
ORD_101_01563,PIN_088,Beauty,0,0.29411764705882354,0.02,-0.4072,0.1667,0,4,1,1698,31,0.0436,152.56,0,0,0,0
ORD_101_01564,PIN_025,Beauty,0,0.21052631578947367,0.02,-0.1587,0.1667,0,2,1,80,47,0.2192,72.34,1,0,0,0
ORD_101_01565,PIN_039,Home,0,0.2647058823529412,0.03017241379310345,-0.761,0.25,1,3,1,169,42,0.7391,81.49,1,0,0,0
ORD_101_01566,PIN_054,Electronics,1,0.34782608695652173,0.5535911602209945,-1.3944,0.3333,0,0,1,779,35,0.1585,108.0,1,0,0,0
ORD_101_01567,PIN_039,Electronics,0,0.2647058823529412,0.5535911602209945,-1.9021,0.3333,1,2,1,179,28,0.1339,61.84,1,0,0,0
ORD_101_01568,PIN_059,Beauty,1,0.21739130434782608,0.02,0.1335,0.1667,0,1,1,33,53,0.1778,113.86,1,0,0,0
ORD_101_01569,PIN_040,Apparel,0,0.21428571428571427,0.19776119402985073,4.0,0.2,0,2,1,736,15,0.1121,82.97,0,0,0,0
ORD_101_01570,PIN_075,Electronics,0,0.26666666666666666,0.5535911602209945,-1.6331,0.3333,0,1,1,35,41,0.2943,140.09,1,0,0,1
ORD_101_01571,PIN_006,Beauty,0,0.23529411764705882,0.02,4.0,0.3333,0,1,1,431,39,0.1907,11.47,1,0,0,0
ORD_101_01572,PIN_033,Apparel,0,0.15151515151515152,0.19776119402985073,0.4586,0.2,0,2,1,371,29,0.1247,66.67,0,0,0,0
ORD_101_01573,PIN_022,Home,0,0.15384615384615385,0.03017241379310345,1.6115,0.25,1,3,1,114,46,0.2649,45.11,0,0,0,0
ORD_101_01574,PIN_040,Electronics,0,0.21428571428571427,0.5535911602209945,-1.7608,0.3333,0,0,1,64,40,0.2578,88.05,0,0,0,0
ORD_101_01575,PIN_035,Apparel,0,0.05714285714285714,0.19776119402985073,1.0629,0.4,1,0,1,472,55,0.1616,74.47,1,0,0,0
ORD_101_01576,PIN_081,Apparel,0,0.375,0.19776119402985073,-1.0365,0.2,0,2,1,97,34,0.3088,146.29,1,0,0,0
ORD_101_01577,PIN_088,Apparel,0,0.29411764705882354,0.19776119402985073,2.4844,0.2,0,2,1,171,51,0.104,169.36,0,0,0,0
ORD_101_01578,PIN_052,Apparel,1,0.2571428571428571,0.19776119402985073,-1.5151,0.2,1,4,1,199,53,0.1205,112.89,0,0,0,0
ORD_101_01579,PIN_087,Apparel,0,0.23333333333333334,0.19776119402985073,-1.3766,0.2,0,2,1,241,61,0.2661,147.45,1,0,0,0
ORD_101_01580,PIN_034,Beauty,0,0.22580645161290322,0.02,-0.5996,0.1667,1,2,1,153,43,0.1024,67.52,1,0,0,0
ORD_101_01581,PIN_089,Beauty,0,0.3888888888888889,0.02,4.0,0.1667,1,4,2,106,34,0.1664,168.88,0,0,0,0
ORD_101_01582,PIN_079,Electronics,0,0.2571428571428571,0.5535911602209945,-1.8878,0.3333,0,2,1,170,30,0.1605,142.16,0,0,0,0
ORD_101_01583,PIN_022,Books,0,0.15384615384615385,0.01764705882352941,3.7156,0.25,0,2,1,172,27,0.075,53.27,0,0,0,0
ORD_101_01584,PIN_015,Books,0,0.1724137931034483,0.01764705882352941,4.0,0.25,0,1,1,150,55,0.2611,46.2,0,0,0,0
ORD_101_01585,PIN_083,Electronics,0,0.3404255319148936,0.5535911602209945,-1.7221,1.3333,0,6,1,309,35,0.5624,147.21,1,0,0,1
ORD_101_01586,PIN_074,Home,0,0.23076923076923078,0.03017241379310345,2.2636,0.25,0,3,1,227,39,0.3274,141.92,1,0,0,0
ORD_101_01587,PIN_028,Apparel,0,0.0625,0.19776119402985073,-1.5324,0.2,0,0,1,125,63,0.2391,59.9,1,0,0,0
ORD_101_01588,PIN_026,Books,0,0.1891891891891892,0.01764705882352941,2.5575,0.25,0,0,1,201,37,0.3384,62.11,1,0,0,0
ORD_101_01589,PIN_060,Apparel,0,0.25806451612903225,0.19776119402985073,-0.1376,0.4,0,2,1,262,60,0.2139,105.18,0,0,0,0
ORD_101_01590,PIN_061,Apparel,0,0.45454545454545453,0.19776119402985073,4.0,0.2,0,4,1,18,32,0.0946,111.56,1,0,0,0
ORD_101_01591,PIN_041,Home,0,0.21875,0.03017241379310345,-1.6564,0.5,0,4,1,72,42,0.2004,97.01,0,0,0,0
ORD_101_01592,PIN_072,Electronics,0,0.3548387096774194,0.5535911602209945,-1.6894,1.0,0,6,1,29,47,0.1447,125.86,1,0,0,1
ORD_101_01593,PIN_022,Apparel,0,0.15384615384615385,0.19776119402985073,-1.618,0.2,0,4,1,526,46,0.4828,46.2,1,0,0,0
ORD_101_01594,PIN_054,Electronics,0,0.34782608695652173,0.5535911602209945,-0.4436,0.3333,0,1,1,110,43,0.2382,89.24,0,0,0,0
ORD_101_01595,PIN_087,Electronics,0,0.23333333333333334,0.5535911602209945,-1.8623,0.3333,0,3,1,658,46,0.036,146.73,1,0,0,0
ORD_101_01596,PIN_011,Electronics,0,0.10810810810810811,0.5535911602209945,-1.8836,0.3333,0,1,1,158,21,0.5832,15.13,0,0,0,0
ORD_101_01597,PIN_068,Books,0,0.225,0.01764705882352941,2.7081,0.5,1,4,1,337,35,0.2806,121.3,0,0,0,0
ORD_101_01598,PIN_082,Apparel,0,0.25,0.19776119402985073,-0.1158,0.6,0,1,1,169,33,0.2106,138.75,1,0,0,0
ORD_101_01599,PIN_038,Apparel,0,0.14634146341463414,0.19776119402985073,0.052,0.2,0,2,1,61,61,0.2416,80.95,1,0,0,0
ORD_101_01600,PIN_016,Home,0,0.20930232558139536,0.03017241379310345,-1.6834,0.25,0,2,1,496,55,0.1976,35.66,1,0,0,0
ORD_101_01601,PIN_090,Electronics,1,0.42424242424242425,0.5535911602209945,-1.8847,0.3333,1,1,1,143,55,0.0758,168.62,1,0,0,1
ORD_101_01602,PIN_060,Home,0,0.25806451612903225,0.03017241379310345,0.4495,0.25,0,2,1,294,46,0.5168,97.52,1,0,0,0
ORD_101_01603,PIN_033,Beauty,0,0.15151515151515152,0.02,4.0,0.1667,0,4,1,846,65,0.4539,78.78,1,0,0,0
ORD_101_01604,PIN_042,Apparel,1,0.25,0.19776119402985073,0.289,0.2,0,4,1,329,41,0.15,80.39,0,0,0,0
ORD_101_01605,PIN_056,Home,0,0.25,0.03017241379310345,1.0168,1.25,0,0,1,16,47,0.1298,99.57,1,0,0,0
ORD_101_01606,PIN_019,Apparel,0,0.13513513513513514,0.19776119402985073,0.5928,1.0,0,1,1,826,44,0.4527,51.38,1,0,0,0
ORD_101_01607,PIN_042,Apparel,0,0.25,0.19776119402985073,4.0,0.2,0,2,1,384,29,0.2103,87.62,0,0,0,0
ORD_101_01608,PIN_040,Apparel,0,0.21428571428571427,0.19776119402985073,4.0,0.2,0,1,1,69,10,0.3014,94.0,0,0,0,0
ORD_101_01609,PIN_070,Apparel,0,0.2682926829268293,0.19776119402985073,2.1425,2.0,0,3,1,256,51,0.2128,133.32,1,0,0,0
ORD_101_01610,PIN_010,Home,0,0.24444444444444444,0.03017241379310345,-1.6368,0.5,0,3,1,1018,35,0.1047,32.68,1,0,0,0
ORD_101_01611,PIN_067,Beauty,0,0.19444444444444445,0.02,-0.9757,0.1667,1,3,1,160,69,0.0847,134.53,1,0,0,0
ORD_101_01612,PIN_043,Home,0,0.34615384615384615,0.03017241379310345,-0.5768,0.25,1,5,1,118,32,0.341,77.95,1,0,0,0
ORD_101_01613,PIN_042,Apparel,0,0.25,0.19776119402985073,4.0,0.2,0,4,1,750,32,0.1277,79.87,0,0,0,0
ORD_101_01614,PIN_043,Books,1,0.34615384615384615,0.01764705882352941,4.0,0.25,0,3,1,182,45,0.2288,80.44,1,0,0,0
ORD_101_01615,PIN_019,Electronics,0,0.13513513513513514,0.5535911602209945,-1.4323,0.3333,0,3,1,186,43,0.5309,42.96,1,0,0,1
ORD_101_01616,PIN_002,Beauty,0,0.15,0.02,1.4877,0.1667,0,2,1,241,65,0.3915,8.67,1,0,0,0
ORD_101_01617,PIN_026,Beauty,0,0.1891891891891892,0.02,1.7696,0.5,0,4,2,48,45,0.1627,52.76,1,0,0,0
ORD_101_01618,PIN_070,Home,1,0.2682926829268293,0.03017241379310345,-1.3133,0.25,0,7,1,551,25,0.4077,127.09,1,0,0,0
ORD_101_01619,PIN_081,Books,0,0.375,0.01764705882352941,0.2183,0.25,0,1,1,350,65,0.2291,141.61,1,0,0,0
ORD_101_01620,PIN_075,Electronics,1,0.26666666666666666,0.5535911602209945,-1.7267,0.3333,1,1,1,281,24,0.2589,146.06,0,0,0,0
ORD_101_01621,PIN_006,Beauty,0,0.23529411764705882,0.02,2.5719,0.5,0,2,1,289,41,0.5535,36.02,1,0,0,0
ORD_101_01622,PIN_053,Apparel,0,0.22857142857142856,0.19776119402985073,3.5811,0.2,0,4,2,930,32,0.6209,88.0,1,0,0,1
ORD_101_01623,PIN_039,Beauty,0,0.2647058823529412,0.02,0.481,0.1667,0,1,1,105,42,0.4618,87.6,1,0,0,0
ORD_101_01624,PIN_088,Electronics,0,0.29411764705882354,0.5535911602209945,-0.0248,0.3333,0,2,1,172,27,0.2114,152.87,1,0,0,1
ORD_101_01625,PIN_029,Beauty,0,0.16666666666666666,0.02,1.1597,0.1667,1,4,1,68,27,0.0994,62.06,1,0,0,0
ORD_101_01626,PIN_075,Beauty,0,0.26666666666666666,0.02,-1.3959,0.1667,0,0,1,186,43,0.5888,124.56,1,0,0,0
ORD_101_01627,PIN_056,Electronics,0,0.25,0.5535911602209945,-1.0346,0.3333,0,0,1,242,57,0.2531,107.58,0,0,0,0
ORD_101_01628,PIN_087,Electronics,0,0.23333333333333334,0.5535911602209945,-1.7306,0.3333,0,4,1,73,76,0.5803,163.75,1,0,0,1
ORD_101_01629,PIN_025,Home,0,0.21052631578947367,0.03017241379310345,0.5102,0.25,1,2,1,252,37,0.439,53.1,0,0,0,0
ORD_101_01630,PIN_059,Home,0,0.21739130434782608,0.03017241379310345,0.1787,0.25,0,1,1,85,19,0.7236,104.32,1,0,0,0
ORD_101_01631,PIN_079,Electronics,0,0.2571428571428571,0.5535911602209945,-1.7278,0.3333,0,0,1,55,42,0.2007,143.68,0,0,0,0
ORD_101_01632,PIN_020,Home,0,0.2413793103448276,0.03017241379310345,-0.2123,0.5,0,2,1,40,55,0.2923,41.02,0,0,0,0
ORD_101_01633,PIN_029,Apparel,0,0.16666666666666666,0.19776119402985073,-0.8799,0.4,0,2,1,256,33,0.0854,54.08,0,0,0,0
ORD_101_01634,PIN_068,Electronics,0,0.225,0.5535911602209945,-1.2911,0.3333,0,3,1,111,42,0.3162,126.38,1,0,0,1
ORD_101_01635,PIN_027,Apparel,0,0.1875,0.19776119402985073,-0.2001,0.2,0,1,1,489,49,0.0455,60.75,0,0,0,0
ORD_101_01636,PIN_010,Beauty,1,0.24444444444444444,0.02,4.0,0.1667,0,5,1,101,35,0.5403,33.59,1,0,0,0
ORD_101_01637,PIN_035,Electronics,1,0.05714285714285714,0.5535911602209945,-1.9245,0.6667,0,1,1,86,10,0.3758,67.93,1,0,0,1
ORD_101_01638,PIN_072,Apparel,2,0.3548387096774194,0.19776119402985073,2.607,1.6,0,1,1,259,47,0.1255,127.43,1,0,0,1
ORD_101_01639,PIN_073,Apparel,0,0.25,0.19776119402985073,2.4633,0.2,0,1,1,101,42,0.2362,111.19,0,0,0,0
ORD_101_01640,PIN_024,Apparel,0,0.26666666666666666,0.19776119402985073,0.3434,0.2,0,4,1,95,34,0.0536,48.67,1,0,0,0
ORD_101_01641,PIN_054,Electronics,0,0.34782608695652173,0.5535911602209945,-1.5292,0.3333,0,2,1,518,60,0.3442,100.61,1,0,0,0
ORD_101_01642,PIN_057,Electronics,0,0.25,0.5535911602209945,-0.6367,1.0,0,3,1,80,34,0.0969,107.97,1,0,0,0
ORD_101_01643,PIN_024,Electronics,0,0.26666666666666666,0.5535911602209945,-0.4797,0.3333,0,1,1,300,61,0.3549,48.19,1,0,0,0
ORD_101_01644,PIN_048,Books,0,0.21621621621621623,0.01764705882352941,4.0,0.5,0,2,1,1382,31,0.2775,91.01,1,0,0,0
ORD_101_01645,PIN_042,Home,0,0.25,0.03017241379310345,3.1117,0.25,1,1,1,210,49,0.0767,76.46,1,0,0,0
ORD_101_01646,PIN_005,Electronics,0,0.06666666666666667,0.5535911602209945,-1.0444,0.3333,0,0,1,1248,24,0.1621,18.0,1,0,0,0
ORD_101_01647,PIN_053,Electronics,3,0.22857142857142856,0.5535911602209945,-1.4655,0.3333,0,2,1,285,42,0.5508,99.05,0,0,0,0
ORD_101_01648,PIN_035,Apparel,0,0.05714285714285714,0.19776119402985073,-0.8315,0.4,1,5,1,392,10,0.5826,65.15,0,0,0,0
ORD_101_01649,PIN_014,Beauty,0,0.20689655172413793,0.02,2.4419,0.1667,1,2,1,274,55,0.0743,27.2,0,0,0,0
ORD_101_01650,PIN_086,Apparel,0,0.3783783783783784,0.19776119402985073,0.5107,0.2,1,2,2,342,44,0.1959,152.56,0,0,0,0
ORD_101_01651,PIN_084,Electronics,0,0.28,0.5535911602209945,0.6829,0.6667,0,0,4,55,42,0.5417,157.74,0,0,0,0
ORD_101_01652,PIN_005,Books,0,0.06666666666666667,0.01764705882352941,0.8339,0.25,0,4,1,9,59,0.1789,13.47,1,0,0,0
ORD_101_01653,PIN_075,Electronics,0,0.26666666666666666,0.5535911602209945,-1.6462,0.3333,0,3,1,65,57,0.1276,138.29,1,0,0,0
ORD_101_01654,PIN_064,Beauty,0,0.13157894736842105,0.02,4.0,0.1667,0,2,1,203,55,0.3393,118.75,0,0,0,0
ORD_101_01655,PIN_005,Books,0,0.06666666666666667,0.01764705882352941,4.0,0.5,1,2,1,514,27,0.1764,13.61,1,0,0,0
ORD_101_01656,PIN_080,Home,0,0.32,0.03017241379310345,4.0,1.0,0,4,1,40,63,0.4721,156.7,1,0,0,0
ORD_101_01657,PIN_004,Home,0,0.21212121212121213,0.03017241379310345,0.7893,0.25,0,3,1,126,50,0.0826,17.12,0,0,0,0
ORD_101_01658,PIN_003,Apparel,0,0.275,0.19776119402985073,0.6392,0.2,0,1,1,480,29,0.3784,8.75,0,0,0,0
ORD_101_01659,PIN_075,Apparel,1,0.26666666666666666,0.19776119402985073,2.6995,0.2,0,1,1,920,28,0.2474,133.24,0,0,0,0
ORD_101_01660,PIN_051,Apparel,0,0.375,0.19776119402985073,2.1438,0.2,1,1,1,237,47,0.0474,100.73,1,0,0,0
ORD_101_01661,PIN_051,Electronics,0,0.375,0.5535911602209945,-0.4749,0.3333,0,5,1,111,33,0.0212,89.68,1,0,0,0
ORD_101_01662,PIN_019,Electronics,0,0.13513513513513514,0.5535911602209945,-1.8548,0.3333,0,0,1,479,57,0.235,53.8,1,0,0,0
ORD_101_01663,PIN_074,Home,1,0.23076923076923078,0.03017241379310345,-0.5272,1.5,0,4,1,305,30,0.2979,119.33,1,0,0,0
ORD_101_01664,PIN_068,Electronics,0,0.225,0.5535911602209945,-0.8359,0.6667,1,4,1,722,43,0.2897,138.64,1,0,0,0
ORD_101_01665,PIN_016,Apparel,0,0.20930232558139536,0.19776119402985073,1.1017,0.2,0,1,1,229,61,0.1726,25.81,0,0,0,0
ORD_101_01666,PIN_004,Books,0,0.21212121212121213,0.01764705882352941,4.0,0.25,0,2,1,345,32,0.1149,37.64,0,0,0,0
ORD_101_01667,PIN_004,Books,1,0.21212121212121213,0.01764705882352941,1.8133,0.25,0,3,1,102,30,0.1417,2.82,1,0,0,0
ORD_101_01668,PIN_047,Books,0,0.2727272727272727,0.01764705882352941,4.0,0.5,0,5,1,547,33,0.0814,86.0,1,0,0,0
ORD_101_01669,PIN_040,Apparel,0,0.21428571428571427,0.19776119402985073,0.0124,0.2,1,4,1,213,68,0.5536,78.7,1,0,0,0
ORD_101_01670,PIN_028,Apparel,0,0.0625,0.19776119402985073,-0.5158,0.2,1,2,1,202,76,0.1055,51.81,1,0,0,0
ORD_101_01671,PIN_010,Apparel,0,0.24444444444444444,0.19776119402985073,4.0,0.2,0,1,1,124,51,0.2834,23.94,0,0,0,0
ORD_101_01672,PIN_033,Apparel,0,0.15151515151515152,0.19776119402985073,1.7824,0.2,1,2,2,90,61,0.1193,66.81,1,0,0,0
ORD_101_01673,PIN_073,Apparel,3,0.25,0.19776119402985073,-0.748,0.2,0,3,1,105,48,0.485,142.63,0,0,0,0
ORD_101_01674,PIN_016,Electronics,5,0.20930232558139536,0.5535911602209945,-0.7241,0.6667,0,2,2,488,21,0.3278,41.24,0,0,0,0
ORD_101_01675,PIN_048,Electronics,0,0.21621621621621623,0.5535911602209945,-1.7358,0.3333,0,4,1,127,69,0.0754,91.19,1,0,0,0
ORD_101_01676,PIN_062,Electronics,0,0.4,0.5535911602209945,-1.7981,0.3333,0,1,1,329,32,0.154,127.74,0,0,0,0
ORD_101_01677,PIN_007,Home,0,0.125,0.03017241379310345,-0.6105,0.25,0,0,1,50,56,0.1565,17.79,0,0,0,0
ORD_101_01678,PIN_052,Home,0,0.2571428571428571,0.03017241379310345,-1.1587,0.25,0,1,1,190,52,0.2197,95.69,1,0,0,0
ORD_101_01679,PIN_079,Electronics,0,0.2571428571428571,0.5535911602209945,-1.5582,0.6667,0,2,1,268,38,0.4624,136.42,0,0,0,0
ORD_101_01680,PIN_064,Apparel,0,0.13157894736842105,0.19776119402985073,2.9402,0.2,0,0,1,74,33,0.5372,121.15,0,0,0,0
ORD_101_01681,PIN_006,Electronics,0,0.23529411764705882,0.5535911602209945,-1.7626,0.3333,0,6,1,251,14,0.4547,27.95,1,0,0,1
ORD_101_01682,PIN_008,Home,0,0.14285714285714285,0.03017241379310345,2.7152,0.25,0,5,1,583,29,0.4505,19.94,1,0,0,0
ORD_101_01683,PIN_078,Apparel,0,0.2647058823529412,0.19776119402985073,0.5027,0.2,1,2,1,125,61,0.3352,142.83,1,0,0,0
ORD_101_01684,PIN_071,Beauty,0,0.43243243243243246,0.02,3.7222,0.1667,1,3,1,209,32,0.1554,131.71,0,0,0,0
ORD_101_01685,PIN_015,Electronics,0,0.1724137931034483,0.5535911602209945,-1.7577,0.3333,0,4,1,12,22,0.1488,32.9,1,0,0,1
ORD_101_01686,PIN_018,Electronics,0,0.18421052631578946,0.5535911602209945,-1.5469,0.3333,0,3,1,40,52,0.2481,32.3,1,0,0,0
ORD_101_01687,PIN_016,Beauty,0,0.20930232558139536,0.02,0.6848,0.6667,1,3,1,3,60,0.0644,36.4,1,0,0,0
ORD_101_01688,PIN_036,Apparel,0,0.3,0.19776119402985073,-1.2123,0.2,0,2,1,206,74,0.1338,72.63,1,0,0,0
ORD_101_01689,PIN_061,Home,0,0.45454545454545453,0.03017241379310345,-1.725,0.25,1,1,1,273,48,0.3594,114.26,0,0,0,0
ORD_101_01690,PIN_065,Home,0,0.2619047619047619,0.03017241379310345,-0.6861,0.25,1,3,1,353,43,0.2555,119.1,0,0,0,0
ORD_101_01691,PIN_060,Home,0,0.25806451612903225,0.03017241379310345,-1.0774,0.25,1,3,1,854,35,0.251,117.55,0,0,0,0
ORD_101_01692,PIN_011,Home,0,0.10810810810810811,0.03017241379310345,-0.6857,0.25,0,2,1,207,28,0.3135,16.73,0,0,0,0
ORD_101_01693,PIN_065,Books,0,0.2619047619047619,0.01764705882352941,0.8035,0.5,0,5,1,899,39,0.0518,123.7,1,0,0,0
ORD_101_01694,PIN_074,Electronics,0,0.23076923076923078,0.5535911602209945,-1.0861,3.3333,0,5,1,100,27,0.1724,127.46,1,0,0,1
ORD_101_01695,PIN_002,Apparel,0,0.15,0.19776119402985073,4.0,0.2,0,3,1,133,53,0.0812,6.07,1,0,0,0
ORD_101_01696,PIN_083,Electronics,0,0.3404255319148936,0.5535911602209945,-0.7897,0.3333,1,1,2,661,54,0.2936,156.34,1,0,0,0
ORD_101_01697,PIN_026,Electronics,0,0.1891891891891892,0.5535911602209945,-1.7468,2.6667,0,1,1,142,26,0.4675,61.19,1,0,0,1
ORD_101_01698,PIN_018,Electronics,1,0.18421052631578946,0.5535911602209945,-1.5401,0.6667,0,3,1,298,62,0.4241,45.75,1,0,0,1
ORD_101_01699,PIN_054,Electronics,0,0.34782608695652173,0.5535911602209945,-1.9116,0.3333,0,2,1,74,46,0.0931,101.99,1,0,0,0
ORD_101_01700,PIN_069,Electronics,0,0.25806451612903225,0.5535911602209945,-1.3748,0.6667,0,2,1,10,34,0.5155,126.58,0,0,0,0
ORD_101_01701,PIN_069,Beauty,0,0.25806451612903225,0.02,-1.1389,0.1667,1,4,1,15,47,0.2262,136.28,1,0,0,0
ORD_101_01702,PIN_057,Beauty,0,0.25,0.02,4.0,0.1667,0,2,1,379,45,0.4449,116.74,1,0,0,0
ORD_101_01703,PIN_060,Apparel,0,0.25806451612903225,0.19776119402985073,-1.0451,0.2,1,1,2,332,23,0.0268,105.48,0,0,0,0
ORD_101_01704,PIN_084,Beauty,0,0.28,0.02,-1.2917,0.3333,0,3,1,27,40,0.1536,163.91,0,0,0,0
ORD_101_01705,PIN_001,Beauty,0,0.1282051282051282,0.02,-0.5009,1.6667,0,4,1,244,38,0.3728,7.86,0,0,0,0
ORD_101_01706,PIN_007,Electronics,0,0.125,0.5535911602209945,-1.5287,1.0,0,6,1,261,43,0.5924,34.11,1,0,0,1
ORD_101_01707,PIN_074,Apparel,0,0.23076923076923078,0.19776119402985073,-0.5405,0.2,0,4,1,126,60,0.201,139.6,0,0,0,0
ORD_101_01708,PIN_010,Apparel,0,0.24444444444444444,0.19776119402985073,3.2379,0.2,0,1,1,1032,29,0.3742,9.34,0,0,0,0
ORD_101_01709,PIN_046,Beauty,0,0.23529411764705882,0.02,0.6354,0.1667,0,1,1,371,63,0.3385,77.52,0,0,0,0
ORD_101_01710,PIN_074,Electronics,0,0.23076923076923078,0.5535911602209945,-0.9216,0.3333,0,2,1,53,48,0.2929,144.56,1,0,0,1
ORD_101_01711,PIN_054,Electronics,1,0.34782608695652173,0.5535911602209945,-1.5883,0.3333,0,4,1,494,70,0.4274,111.58,1,0,0,1
ORD_101_01712,PIN_013,Electronics,0,0.16666666666666666,0.5535911602209945,-1.9038,0.3333,0,2,1,29,39,0.2966,31.76,1,0,0,1
ORD_101_01713,PIN_070,Books,0,0.2682926829268293,0.01764705882352941,4.0,0.5,0,1,1,42,44,0.1164,127.11,0,0,0,0
ORD_101_01714,PIN_006,Apparel,0,0.23529411764705882,0.19776119402985073,0.6162,1.6,0,1,1,81,28,0.1502,29.72,1,0,0,0
ORD_101_01715,PIN_042,Electronics,0,0.25,0.5535911602209945,-0.8835,0.3333,0,1,1,50,41,0.6534,91.91,0,0,0,0
ORD_101_01716,PIN_010,Apparel,0,0.24444444444444444,0.19776119402985073,1.8517,0.2,0,2,2,120,18,0.4961,16.31,1,0,0,1
ORD_101_01717,PIN_049,Apparel,0,0.23333333333333334,0.19776119402985073,0.5402,0.2,1,2,1,85,54,0.3399,95.25,0,0,0,0
ORD_101_01718,PIN_055,Home,0,0.19047619047619047,0.03017241379310345,1.2512,0.5,0,4,1,369,34,0.1768,126.19,0,0,0,0
ORD_101_01719,PIN_034,Apparel,0,0.22580645161290322,0.19776119402985073,-1.4177,0.2,0,0,1,291,38,0.3231,73.38,0,0,0,0
ORD_101_01720,PIN_067,Electronics,0,0.19444444444444445,0.5535911602209945,-1.1887,0.6667,0,4,1,521,47,0.1765,116.78,0,0,0,0
ORD_101_01721,PIN_065,Electronics,0,0.2619047619047619,0.5535911602209945,-0.739,0.3333,0,4,1,598,44,0.4646,96.69,0,0,0,0
ORD_101_01722,PIN_056,Electronics,0,0.25,0.5535911602209945,-1.5525,1.0,0,2,1,250,51,0.3953,116.4,0,0,0,0
ORD_101_01723,PIN_079,Electronics,0,0.2571428571428571,0.5535911602209945,-1.6651,0.6667,0,0,1,120,52,0.5245,142.22,0,0,0,0
ORD_101_01724,PIN_053,Electronics,0,0.22857142857142856,0.5535911602209945,-0.1727,0.3333,1,0,1,164,50,0.1917,86.7,1,0,0,0
ORD_101_01725,PIN_041,Electronics,1,0.21875,0.5535911602209945,-1.4917,0.6667,1,4,1,31,17,0.3569,71.91,0,0,0,0
ORD_101_01726,PIN_071,Apparel,0,0.43243243243243246,0.19776119402985073,3.0621,2.0,1,1,1,136,35,0.3734,115.14,1,0,0,0
ORD_101_01727,PIN_038,Electronics,0,0.14634146341463414,0.5535911602209945,-1.3803,0.3333,0,3,1,14,58,0.6653,65.93,1,0,0,1
ORD_101_01728,PIN_044,Electronics,0,0.21428571428571427,0.5535911602209945,-0.8857,0.3333,1,2,1,534,33,0.341,71.89,1,0,0,0
ORD_101_01729,PIN_004,Apparel,0,0.21212121212121213,0.19776119402985073,4.0,0.2,1,4,1,46,51,0.2637,7.9,0,0,0,0
ORD_101_01730,PIN_056,Electronics,0,0.25,0.5535911602209945,-1.6138,0.3333,1,0,1,58,66,0.2313,107.83,1,0,0,0
ORD_101_01731,PIN_002,Home,0,0.15,0.03017241379310345,-0.3883,0.25,0,1,1,75,35,0.408,19.63,0,0,0,0
ORD_101_01732,PIN_039,Electronics,0,0.2647058823529412,0.5535911602209945,-1.7956,0.3333,0,3,1,136,46,0.2345,55.66,0,0,0,0
ORD_101_01733,PIN_066,Books,0,0.34210526315789475,0.01764705882352941,4.0,2.5,0,2,1,293,59,0.3812,110.18,0,0,0,0
ORD_101_01734,PIN_075,Beauty,0,0.26666666666666666,0.02,4.0,0.1667,1,4,1,119,63,0.1902,121.82,1,0,0,0
ORD_101_01735,PIN_037,Apparel,0,0.21875,0.19776119402985073,0.1033,0.2,1,4,1,551,43,0.0693,73.02,0,0,0,0
ORD_101_01736,PIN_057,Electronics,0,0.25,0.5535911602209945,-1.1655,0.6667,0,3,1,673,51,0.1495,99.13,1,0,0,0
ORD_101_01737,PIN_076,Electronics,0,0.4117647058823529,0.5535911602209945,-0.5894,0.6667,0,3,1,230,52,0.4346,144.82,1,0,0,1
ORD_101_01738,PIN_004,Apparel,0,0.21212121212121213,0.19776119402985073,1.9121,0.2,0,5,1,116,52,0.2585,26.03,0,0,0,0
ORD_101_01739,PIN_016,Electronics,0,0.20930232558139536,0.5535911602209945,-1.9234,0.3333,1,3,1,410,32,0.1504,44.9,1,0,0,0
ORD_101_01740,PIN_052,Apparel,0,0.2571428571428571,0.19776119402985073,0.7704,0.2,1,4,1,227,52,0.4572,97.44,1,0,0,0
ORD_101_01741,PIN_065,Electronics,0,0.2619047619047619,0.5535911602209945,-1.4722,0.6667,0,1,3,119,52,0.1852,133.29,0,0,0,0
ORD_101_01742,PIN_062,Beauty,0,0.4,0.02,4.0,0.1667,0,0,1,379,30,0.2189,105.15,1,0,0,0
ORD_101_01743,PIN_085,Electronics,0,0.25,0.5535911602209945,-1.1766,1.0,0,1,1,252,38,0.6002,149.83,1,0,0,1
ORD_101_01744,PIN_076,Home,0,0.4117647058823529,0.03017241379310345,-0.3248,0.25,0,3,1,185,10,0.5407,140.02,1,0,0,0
ORD_101_01745,PIN_055,Home,0,0.19047619047619047,0.03017241379310345,0.7505,2.5,0,2,1,22,42,0.0898,97.52,0,0,0,0
ORD_101_01746,PIN_055,Electronics,0,0.19047619047619047,0.5535911602209945,-1.877,0.3333,0,1,1,306,68,0.2943,94.0,1,0,0,0
ORD_101_01747,PIN_016,Electronics,0,0.20930232558139536,0.5535911602209945,-0.9621,0.6667,0,1,1,492,64,0.5597,56.7,0,0,0,0
ORD_101_01748,PIN_035,Electronics,0,0.05714285714285714,0.5535911602209945,-1.6089,0.3333,0,2,1,958,38,0.298,65.74,1,0,0,0
ORD_101_01749,PIN_045,Apparel,1,0.2777777777777778,0.19776119402985073,2.6057,0.2,0,2,1,206,21,0.3627,79.44,1,0,0,1
ORD_101_01750,PIN_032,Beauty,0,0.11538461538461539,0.02,4.0,0.3333,1,3,1,266,56,0.2677,66.48,1,0,0,0
ORD_101_01751,PIN_011,Home,1,0.10810810810810811,0.03017241379310345,0.6329,0.25,0,2,2,199,41,0.2285,15.47,1,0,0,0
ORD_101_01752,PIN_037,Electronics,0,0.21875,0.5535911602209945,-1.8269,0.3333,0,4,1,363,44,0.1671,64.71,1,0,0,0
ORD_101_01753,PIN_077,Apparel,0,0.358974358974359,0.19776119402985073,-0.9922,0.2,0,0,1,354,52,0.1076,141.0,0,0,0,0
ORD_101_01754,PIN_090,Apparel,0,0.42424242424242425,0.19776119402985073,0.842,0.2,0,1,1,93,41,0.3425,163.32,0,0,0,0
ORD_101_01755,PIN_022,Apparel,0,0.15384615384615385,0.19776119402985073,0.1987,0.2,1,5,1,272,41,0.3405,50.74,0,0,0,0
ORD_101_01756,PIN_008,Books,0,0.14285714285714285,0.01764705882352941,4.0,0.25,0,2,1,355,52,0.2687,34.38,1,0,0,0
ORD_101_01757,PIN_086,Beauty,0,0.3783783783783784,0.02,4.0,0.3333,1,4,1,640,50,0.0485,156.22,1,0,0,0
ORD_101_01758,PIN_085,Home,0,0.25,0.03017241379310345,-0.2964,0.25,1,2,1,138,48,0.1005,149.69,0,0,0,0
ORD_101_01759,PIN_061,Apparel,0,0.45454545454545453,0.19776119402985073,-0.6615,0.2,0,3,1,581,11,0.1584,112.32,0,0,0,0
ORD_101_01760,PIN_007,Apparel,0,0.125,0.19776119402985073,-0.9894,0.2,0,3,1,461,45,0.0922,22.05,1,0,0,0
ORD_101_01761,PIN_069,Books,1,0.25806451612903225,0.01764705882352941,4.0,0.25,0,2,1,817,17,0.4282,128.74,0,0,0,0
ORD_101_01762,PIN_030,Electronics,0,0.09090909090909091,0.5535911602209945,-1.7157,0.3333,0,1,1,341,10,0.3483,40.27,1,0,0,0
ORD_101_01763,PIN_015,Electronics,0,0.1724137931034483,0.5535911602209945,-1.4663,0.3333,0,5,1,197,57,0.3535,38.3,1,0,0,1
ORD_101_01764,PIN_077,Home,0,0.358974358974359,0.03017241379310345,1.2479,0.25,0,4,1,270,70,0.3896,137.16,1,0,0,0
ORD_101_01765,PIN_047,Electronics,0,0.2727272727272727,0.5535911602209945,-1.6909,0.3333,0,3,1,126,37,0.3615,79.88,1,0,0,1
ORD_101_01766,PIN_054,Apparel,1,0.34782608695652173,0.19776119402985073,1.7716,0.4,1,3,1,103,24,0.2587,114.77,1,0,0,1
ORD_101_01767,PIN_047,Electronics,0,0.2727272727272727,0.5535911602209945,-0.7266,0.6667,0,2,1,177,36,0.22,95.56,0,0,0,0
ORD_101_01768,PIN_063,Electronics,0,0.175,0.5535911602209945,-1.6061,2.0,0,1,1,131,59,0.2122,122.82,0,0,0,0
ORD_101_01769,PIN_010,Home,0,0.24444444444444444,0.03017241379310345,-1.0207,0.25,0,5,1,533,66,0.4377,32.43,1,0,0,0
ORD_101_01770,PIN_002,Home,0,0.15,0.03017241379310345,-0.9193,0.25,0,2,2,30,52,0.3725,7.73,0,0,0,0
ORD_101_01771,PIN_077,Beauty,0,0.358974358974359,0.02,-1.1486,0.1667,0,5,1,101,37,0.0812,130.72,1,0,0,0
ORD_101_01772,PIN_034,Beauty,0,0.22580645161290322,0.02,0.4016,0.3333,0,3,1,319,61,0.5044,59.35,1,0,0,0
ORD_101_01773,PIN_017,Electronics,1,0.24242424242424243,0.5535911602209945,-1.4377,0.3333,0,2,1,329,27,0.4501,33.04,1,0,0,1
ORD_101_01774,PIN_054,Apparel,0,0.34782608695652173,0.19776119402985073,3.6464,0.2,1,5,1,377,57,0.1767,106.18,1,0,0,0
ORD_101_01775,PIN_004,Home,0,0.21212121212121213,0.03017241379310345,-1.6796,0.25,0,1,1,346,48,0.1875,19.46,1,0,0,0
ORD_101_01776,PIN_003,Apparel,0,0.275,0.19776119402985073,-0.7901,0.2,0,2,1,1091,32,0.3849,21.11,1,0,0,0
ORD_101_01777,PIN_031,Home,0,0.1875,0.03017241379310345,-0.2657,0.25,0,2,1,88,51,0.3827,59.74,1,0,0,0
ORD_101_01778,PIN_019,Books,0,0.13513513513513514,0.01764705882352941,-0.9952,0.75,0,3,1,19,53,0.3277,57.52,1,0,0,0
ORD_101_01779,PIN_057,Electronics,0,0.25,0.5535911602209945,-1.752,1.0,0,1,1,414,50,0.1275,110.51,0,0,0,0
ORD_101_01780,PIN_016,Electronics,0,0.20930232558139536,0.5535911602209945,-1.7407,0.3333,0,3,2,29,29,0.1232,42.37,0,0,0,0
ORD_101_01781,PIN_064,Electronics,0,0.13157894736842105,0.5535911602209945,-1.7793,0.3333,1,2,1,101,40,0.4815,108.14,1,0,0,1
ORD_101_01782,PIN_075,Electronics,0,0.26666666666666666,0.5535911602209945,-1.6773,0.3333,0,2,1,653,17,0.1899,123.53,1,0,0,0
ORD_101_01783,PIN_033,Electronics,1,0.15151515151515152,0.5535911602209945,-0.5407,0.3333,0,5,1,274,68,0.3626,60.02,0,0,0,0
ORD_101_01784,PIN_015,Electronics,0,0.1724137931034483,0.5535911602209945,-1.9309,0.3333,0,2,1,63,84,0.3214,38.67,1,0,0,0
ORD_101_01785,PIN_034,Beauty,1,0.22580645161290322,0.02,-0.5939,0.1667,1,1,2,60,42,0.2834,65.76,0,0,0,0
ORD_101_01786,PIN_072,Apparel,0,0.3548387096774194,0.19776119402985073,3.6454,1.4,0,2,1,121,65,0.1665,133.67,1,0,0,0
ORD_101_01787,PIN_085,Apparel,1,0.25,0.19776119402985073,0.231,0.2,0,4,1,227,29,0.3554,149.32,0,0,0,0
ORD_101_01788,PIN_043,Apparel,2,0.34615384615384615,0.19776119402985073,-1.13,1.4,1,3,1,285,44,0.08,78.44,1,0,0,1
ORD_101_01789,PIN_026,Books,1,0.1891891891891892,0.01764705882352941,4.0,0.25,0,2,1,575,39,0.2475,67.01,1,0,0,0
ORD_101_01790,PIN_083,Beauty,0,0.3404255319148936,0.02,1.116,0.1667,1,1,1,189,50,0.2332,147.48,1,0,0,0
ORD_101_01791,PIN_026,Apparel,0,0.1891891891891892,0.19776119402985073,4.0,0.4,0,5,1,1,34,0.0416,57.8,0,0,0,0
ORD_101_01792,PIN_006,Apparel,0,0.23529411764705882,0.19776119402985073,4.0,0.4,1,5,1,1848,38,0.3486,29.5,1,0,0,0
ORD_101_01793,PIN_038,Apparel,0,0.14634146341463414,0.19776119402985073,-0.3861,0.2,0,2,1,26,19,0.464,71.73,0,0,0,0
ORD_101_01794,PIN_041,Electronics,0,0.21875,0.5535911602209945,-1.1087,0.3333,0,6,1,610,31,0.285,80.01,1,0,0,0
ORD_101_01795,PIN_077,Beauty,0,0.358974358974359,0.02,4.0,0.1667,1,1,2,957,69,0.1492,144.08,1,0,0,0
ORD_101_01796,PIN_031,Electronics,0,0.1875,0.5535911602209945,-1.486,0.3333,0,1,1,683,43,0.3843,63.95,0,0,0,0
ORD_101_01797,PIN_012,Electronics,0,0.2571428571428571,0.5535911602209945,-1.8371,0.3333,0,3,1,390,31,0.2442,21.57,1,0,0,0
ORD_101_01798,PIN_079,Apparel,1,0.2571428571428571,0.19776119402985073,0.9863,0.2,0,3,1,877,62,0.4549,146.54,1,0,0,0
ORD_101_01799,PIN_074,Books,1,0.23076923076923078,0.01764705882352941,1.1173,0.25,0,2,1,41,51,0.6878,128.18,1,0,0,1
ORD_101_01800,PIN_076,Electronics,0,0.4117647058823529,0.5535911602209945,0.3924,0.6667,0,1,1,359,13,0.28,148.85,1,0,0,1
ORD_101_01801,PIN_081,Beauty,0,0.375,0.02,0.6546,0.1667,0,3,1,276,62,0.1481,144.43,1,0,0,0
ORD_101_01802,PIN_016,Apparel,0,0.20930232558139536,0.19776119402985073,-1.5925,0.4,0,2,1,211,55,0.6588,31.71,0,0,0,0
ORD_101_01803,PIN_017,Electronics,0,0.24242424242424243,0.5535911602209945,-1.6604,0.6667,1,2,1,391,49,0.602,32.17,1,0,0,1
ORD_101_01804,PIN_054,Electronics,0,0.34782608695652173,0.5535911602209945,-1.7534,1.3333,1,2,1,62,42,0.2259,96.33,1,0,0,1
ORD_101_01805,PIN_060,Home,0,0.25806451612903225,0.03017241379310345,-0.9098,0.25,0,1,1,359,48,0.0905,99.13,1,0,0,0
ORD_101_01806,PIN_042,Books,0,0.25,0.01764705882352941,4.0,0.25,0,3,1,378,77,0.3175,69.49,1,0,0,0
ORD_101_01807,PIN_073,Beauty,0,0.25,0.02,4.0,0.5,0,2,1,60,36,0.0624,139.0,0,0,0,0
ORD_101_01808,PIN_042,Books,1,0.25,0.01764705882352941,4.0,0.25,0,5,1,72,32,0.4439,86.65,1,0,0,0
ORD_101_01809,PIN_065,Books,0,0.2619047619047619,0.01764705882352941,4.0,0.25,0,2,1,565,33,0.1535,129.21,0,0,0,0
ORD_101_01810,PIN_055,Electronics,0,0.19047619047619047,0.5535911602209945,-1.8407,3.3333,0,5,1,57,39,0.2001,86.64,0,0,0,0
ORD_101_01811,PIN_045,Electronics,0,0.2777777777777778,0.5535911602209945,0.1939,0.6667,0,0,1,505,35,0.0975,103.89,0,0,0,0
ORD_101_01812,PIN_086,Electronics,1,0.3783783783783784,0.5535911602209945,-1.4327,0.3333,0,0,1,11,12,0.2324,151.75,1,0,0,1
ORD_101_01813,PIN_038,Apparel,0,0.14634146341463414,0.19776119402985073,-0.4785,0.2,1,1,1,734,61,0.2344,47.91,1,0,0,0
ORD_101_01814,PIN_045,Home,1,0.2777777777777778,0.03017241379310345,0.8679,0.25,0,4,1,74,38,0.3472,98.93,0,0,0,0
ORD_101_01815,PIN_028,Electronics,1,0.0625,0.5535911602209945,-1.9324,0.6667,0,1,1,295,61,0.6246,60.93,0,0,0,0
ORD_101_01816,PIN_023,Apparel,0,0.1875,0.19776119402985073,4.0,0.2,0,0,1,117,54,0.399,41.86,1,0,0,0
ORD_101_01817,PIN_039,Electronics,0,0.2647058823529412,0.5535911602209945,0.3959,0.3333,0,4,2,200,54,0.2728,53.84,1,0,0,1
ORD_101_01818,PIN_081,Apparel,0,0.375,0.19776119402985073,4.0,0.2,0,4,1,861,37,0.2464,141.73,1,0,0,0
ORD_101_01819,PIN_002,Home,0,0.15,0.03017241379310345,3.8533,0.25,0,3,1,99,15,0.4313,5.79,1,0,0,0
ORD_101_01820,PIN_090,Apparel,0,0.42424242424242425,0.19776119402985073,1.0454,0.2,1,3,1,0,33,0.2204,170.53,1,0,0,0
ORD_101_01821,PIN_050,Home,0,0.375,0.03017241379310345,0.5692,0.5,0,1,1,45,37,0.0878,90.59,0,0,0,0
ORD_101_01822,PIN_051,Home,0,0.375,0.03017241379310345,-1.62,0.75,0,1,1,236,30,0.3501,96.82,1,0,0,0
ORD_101_01823,PIN_078,Home,0,0.2647058823529412,0.03017241379310345,-1.1816,0.25,0,2,1,361,38,0.157,151.35,1,0,0,0
ORD_101_01824,PIN_002,Home,0,0.15,0.03017241379310345,0.0277,0.25,1,2,1,709,51,0.4553,20.72,0,0,0,0
ORD_101_01825,PIN_065,Electronics,0,0.2619047619047619,0.5535911602209945,-0.973,0.3333,0,1,1,176,43,0.3102,127.9,0,0,0,0
ORD_101_01826,PIN_058,Home,0,0.28125,0.03017241379310345,-0.5783,0.5,1,2,1,517,43,0.2469,115.13,1,0,0,0
ORD_101_01827,PIN_035,Books,0,0.05714285714285714,0.01764705882352941,0.163,0.25,0,4,1,322,42,0.3067,73.44,1,0,0,0
ORD_101_01828,PIN_021,Electronics,0,0.15151515151515152,0.5535911602209945,-1.3578,0.3333,0,2,1,251,42,0.2014,40.63,1,0,0,0
ORD_101_01829,PIN_059,Electronics,0,0.21739130434782608,0.5535911602209945,-1.92,0.3333,0,3,1,78,68,0.0172,111.94,0,0,0,0
ORD_101_01830,PIN_019,Home,0,0.13513513513513514,0.03017241379310345,2.3488,0.25,0,2,1,154,58,0.333,41.35,1,0,0,0
ORD_101_01831,PIN_011,Beauty,2,0.10810810810810811,0.02,4.0,0.1667,0,5,1,185,62,0.0869,30.05,1,0,0,0
ORD_101_01832,PIN_046,Electronics,0,0.23529411764705882,0.5535911602209945,-1.4628,0.3333,0,2,1,217,24,0.2449,92.58,1,0,0,1
ORD_101_01833,PIN_036,Home,0,0.3,0.03017241379310345,-1.555,0.25,0,0,1,293,52,0.3587,85.77,0,0,0,0
ORD_101_01834,PIN_062,Electronics,0,0.4,0.5535911602209945,-1.5664,0.3333,1,2,1,98,44,0.3194,109.66,1,0,0,1
ORD_101_01835,PIN_066,Electronics,0,0.34210526315789475,0.5535911602209945,-1.2818,0.3333,1,2,1,510,42,0.306,111.89,1,0,0,0
ORD_101_01836,PIN_022,Apparel,0,0.15384615384615385,0.19776119402985073,2.6761,0.2,1,2,1,385,59,0.2006,52.22,1,0,0,0
ORD_101_01837,PIN_086,Electronics,0,0.3783783783783784,0.5535911602209945,-1.8918,1.6667,0,3,1,779,18,0.1669,160.85,0,0,0,0
ORD_101_01838,PIN_083,Home,0,0.3404255319148936,0.03017241379310345,-0.5262,0.75,0,2,1,206,71,0.4581,167.15,1,0,0,0
ORD_101_01839,PIN_070,Home,0,0.2682926829268293,0.03017241379310345,0.4444,0.5,0,1,2,515,29,0.0838,127.15,1,0,0,0
ORD_101_01840,PIN_031,Electronics,0,0.1875,0.5535911602209945,-1.4555,0.3333,0,1,1,204,37,0.1042,43.47,1,0,0,0
ORD_101_01841,PIN_047,Apparel,0,0.2727272727272727,0.19776119402985073,3.5422,0.2,0,3,1,150,33,0.3369,91.51,1,0,0,0
ORD_101_01842,PIN_065,Home,0,0.2619047619047619,0.03017241379310345,0.8065,0.25,0,2,1,198,10,0.052,123.78,1,0,0,0
ORD_101_01843,PIN_087,Electronics,0,0.23333333333333334,0.5535911602209945,-1.9042,0.3333,0,2,1,183,56,0.2043,171.61,1,0,0,0
ORD_101_01844,PIN_030,Home,0,0.09090909090909091,0.03017241379310345,3.2674,0.5,0,4,1,419,50,0.2045,65.52,0,0,0,0
ORD_101_01845,PIN_052,Beauty,0,0.2571428571428571,0.02,4.0,0.1667,0,1,1,267,43,0.0472,95.82,0,0,0,0
ORD_101_01846,PIN_038,Home,0,0.14634146341463414,0.03017241379310345,-1.7702,0.25,0,2,1,2,23,0.2267,63.52,1,0,0,0
ORD_101_01847,PIN_032,Electronics,1,0.11538461538461539,0.5535911602209945,-0.3967,0.3333,1,2,1,131,60,0.2307,58.1,0,0,0,0
ORD_101_01848,PIN_084,Beauty,0,0.28,0.02,-1.1527,0.1667,0,1,1,97,24,0.3085,157.27,0,0,0,0
ORD_101_01849,PIN_020,Home,0,0.2413793103448276,0.03017241379310345,-0.2648,0.25,0,3,1,75,27,0.5348,48.49,1,0,0,0
ORD_101_01850,PIN_015,Electronics,0,0.1724137931034483,0.5535911602209945,-0.8806,0.3333,0,1,1,231,35,0.1771,37.94,1,0,0,0
ORD_101_01851,PIN_009,Electronics,2,0.23684210526315788,0.5535911602209945,-1.3667,0.3333,0,3,1,181,44,0.4483,15.79,1,0,0,1
ORD_101_01852,PIN_043,Electronics,0,0.34615384615384615,0.5535911602209945,-1.2634,0.3333,0,2,1,145,18,0.4029,78.97,1,0,0,1
ORD_101_01853,PIN_084,Beauty,0,0.28,0.02,-1.4897,0.1667,0,4,1,96,62,0.3622,145.01,1,0,0,0
ORD_101_01854,PIN_081,Books,0,0.375,0.01764705882352941,0.2813,0.75,1,5,1,349,50,0.752,143.37,0,0,0,0
ORD_101_01855,PIN_031,Home,0,0.1875,0.03017241379310345,-1.6145,0.25,0,1,1,77,33,0.3392,56.65,0,0,0,0
ORD_101_01856,PIN_076,Apparel,0,0.4117647058823529,0.19776119402985073,-1.4663,0.2,0,1,1,653,46,0.4319,130.93,0,0,0,0
ORD_101_01857,PIN_020,Home,0,0.2413793103448276,0.03017241379310345,-0.7514,0.25,0,0,1,279,24,0.1893,46.34,1,0,0,0
ORD_101_01858,PIN_022,Electronics,0,0.15384615384615385,0.5535911602209945,-1.8445,0.3333,1,7,1,152,38,0.1772,52.64,1,0,0,1
ORD_101_01859,PIN_006,Apparel,0,0.23529411764705882,0.19776119402985073,-1.3525,0.2,0,1,1,793,61,0.1698,32.68,1,0,0,0
ORD_101_01860,PIN_081,Electronics,0,0.375,0.5535911602209945,-1.4221,0.3333,0,4,1,219,84,0.3779,166.73,1,0,0,1
ORD_101_01861,PIN_041,Electronics,0,0.21875,0.5535911602209945,-1.6782,0.3333,0,2,1,219,37,0.1208,67.26,1,0,0,0
ORD_101_01862,PIN_012,Apparel,0,0.2571428571428571,0.19776119402985073,-1.5433,0.4,0,2,1,429,42,0.138,33.82,1,0,0,0
ORD_101_01863,PIN_009,Apparel,0,0.23684210526315788,0.19776119402985073,4.0,0.4,0,1,1,114,57,0.0977,43.6,1,0,0,0
ORD_101_01864,PIN_078,Books,0,0.2647058823529412,0.01764705882352941,0.4575,0.25,0,1,2,759,57,0.6145,146.9,0,0,0,0
ORD_101_01865,PIN_082,Electronics,0,0.25,0.5535911602209945,-1.2187,0.3333,0,1,1,9,10,0.1562,163.73,1,0,0,1
ORD_101_01866,PIN_085,Beauty,1,0.25,0.02,0.9906,0.1667,0,4,2,272,19,0.1454,153.88,1,0,0,0
ORD_101_01867,PIN_073,Apparel,1,0.25,0.19776119402985073,2.7023,0.2,0,0,1,161,34,0.5095,157.38,0,0,0,0
ORD_101_01868,PIN_022,Apparel,0,0.15384615384615385,0.19776119402985073,4.0,0.2,0,1,1,90,54,0.7196,54.52,0,0,0,0
ORD_101_01869,PIN_018,Electronics,0,0.18421052631578946,0.5535911602209945,-1.0864,0.3333,0,1,1,564,66,0.2071,47.52,0,0,0,0
ORD_101_01870,PIN_068,Electronics,0,0.225,0.5535911602209945,-1.8891,0.3333,0,3,1,29,64,0.1441,126.22,1,0,0,0
ORD_101_01871,PIN_008,Home,0,0.14285714285714285,0.03017241379310345,-0.1058,0.5,0,1,1,111,47,0.5197,20.31,1,0,0,0
ORD_101_01872,PIN_013,Apparel,0,0.16666666666666666,0.19776119402985073,3.7026,0.2,1,2,1,64,42,0.4085,30.22,0,0,0,0
ORD_101_01873,PIN_064,Apparel,0,0.13157894736842105,0.19776119402985073,-1.3729,0.2,0,1,1,101,31,0.0383,120.99,1,0,0,0
ORD_101_01874,PIN_046,Apparel,0,0.23529411764705882,0.19776119402985073,0.0003,0.2,0,5,1,429,38,0.0715,95.89,1,0,0,0
ORD_101_01875,PIN_030,Electronics,0,0.09090909090909091,0.5535911602209945,-0.9267,0.3333,0,2,1,711,53,0.0881,45.72,0,0,0,0
ORD_101_01876,PIN_038,Apparel,0,0.14634146341463414,0.19776119402985073,-0.5467,0.2,0,2,1,22,25,0.2451,79.51,1,0,0,0
ORD_101_01877,PIN_088,Apparel,0,0.29411764705882354,0.19776119402985073,0.0168,0.4,0,0,1,236,43,0.3402,167.93,1,0,0,0
ORD_101_01878,PIN_042,Apparel,0,0.25,0.19776119402985073,3.5602,0.2,0,4,1,28,52,0.3613,66.24,1,0,0,0
ORD_101_01879,PIN_017,Apparel,3,0.24242424242424243,0.19776119402985073,1.228,0.2,0,1,1,147,40,0.1258,34.52,1,0,0,1
ORD_101_01880,PIN_061,Apparel,0,0.45454545454545453,0.19776119402985073,-0.9076,0.2,0,1,1,243,41,0.4192,108.08,1,0,0,0
ORD_101_01881,PIN_016,Apparel,1,0.20930232558139536,0.19776119402985073,3.7687,0.2,1,2,2,951,18,0.3889,32.51,1,0,0,1
ORD_101_01882,PIN_064,Apparel,0,0.13157894736842105,0.19776119402985073,4.0,0.2,0,3,1,359,25,0.161,115.55,1,0,0,0
ORD_101_01883,PIN_028,Apparel,0,0.0625,0.19776119402985073,2.0548,0.2,0,3,1,68,39,0.2811,56.04,0,0,0,0
ORD_101_01884,PIN_068,Apparel,0,0.225,0.19776119402985073,0.9515,0.2,0,2,1,565,55,0.5407,120.38,0,0,0,0
ORD_101_01885,PIN_062,Apparel,2,0.4,0.19776119402985073,-0.4959,0.2,0,3,1,356,28,0.4857,110.7,1,0,0,1
ORD_101_01886,PIN_072,Beauty,0,0.3548387096774194,0.02,4.0,0.1667,1,2,1,66,50,0.2019,128.97,1,0,0,0
ORD_101_01887,PIN_059,Books,0,0.21739130434782608,0.01764705882352941,4.0,0.25,0,2,1,611,57,0.3552,108.57,0,0,0,0
ORD_101_01888,PIN_074,Apparel,0,0.23076923076923078,0.19776119402985073,2.1713,0.6,0,7,1,674,42,0.2383,139.52,0,0,0,0
ORD_101_01889,PIN_028,Electronics,0,0.0625,0.5535911602209945,-1.8168,0.3333,0,6,1,602,25,0.3451,49.81,0,0,0,0
ORD_101_01890,PIN_068,Beauty,1,0.225,0.02,0.8219,0.1667,1,2,1,472,55,0.2531,127.57,0,0,0,0
ORD_101_01891,PIN_052,Electronics,0,0.2571428571428571,0.5535911602209945,-1.5947,0.6667,0,2,1,423,52,0.5029,90.29,1,0,0,1
ORD_101_01892,PIN_008,Apparel,0,0.14285714285714285,0.19776119402985073,0.1327,0.2,1,1,1,138,47,0.1391,14.22,0,0,0,0
ORD_101_01893,PIN_064,Electronics,0,0.13157894736842105,0.5535911602209945,-0.161,0.3333,0,1,1,162,62,0.2152,111.22,1,0,0,0
ORD_101_01894,PIN_073,Electronics,0,0.25,0.5535911602209945,-1.2544,0.3333,0,2,1,288,61,0.2225,122.46,1,0,0,0
ORD_101_01895,PIN_071,Books,0,0.43243243243243246,0.01764705882352941,4.0,0.25,0,2,1,126,25,0.2483,133.5,0,0,0,0
ORD_101_01896,PIN_078,Apparel,1,0.2647058823529412,0.19776119402985073,4.0,0.2,0,2,1,661,57,0.1864,154.32,0,0,0,0
ORD_101_01897,PIN_018,Electronics,0,0.18421052631578946,0.5535911602209945,-1.7496,0.3333,0,2,1,645,15,0.2109,41.23,1,0,0,0
ORD_101_01898,PIN_019,Apparel,0,0.13513513513513514,0.19776119402985073,1.3734,0.2,0,1,1,449,58,0.0679,55.43,1,0,0,0
ORD_101_01899,PIN_062,Beauty,1,0.4,0.02,3.3675,1.3333,1,4,1,890,56,0.2025,113.54,1,0,0,0
ORD_101_01900,PIN_082,Apparel,0,0.25,0.19776119402985073,-0.6407,0.2,0,4,1,355,67,0.2757,158.47,1,0,0,0
ORD_101_01901,PIN_002,Apparel,1,0.15,0.19776119402985073,4.0,0.2,0,2,2,66,47,0.1459,15.46,1,0,0,1
ORD_101_01902,PIN_070,Electronics,0,0.2682926829268293,0.5535911602209945,-1.551,0.3333,0,2,1,42,39,0.1908,116.47,1,0,0,1
ORD_101_01903,PIN_033,Apparel,0,0.15151515151515152,0.19776119402985073,-1.0955,0.2,0,2,1,30,13,0.2452,78.28,0,0,0,0
ORD_101_01904,PIN_033,Apparel,0,0.15151515151515152,0.19776119402985073,-1.3262,1.0,0,3,1,113,18,0.2714,71.32,1,0,0,0
ORD_101_01905,PIN_006,Home,0,0.23529411764705882,0.03017241379310345,1.467,0.75,0,2,1,104,38,0.3115,20.64,0,0,0,0
ORD_101_01906,PIN_015,Apparel,0,0.1724137931034483,0.19776119402985073,4.0,0.2,0,2,1,147,54,0.0865,37.08,1,0,0,0
ORD_101_01907,PIN_069,Home,0,0.25806451612903225,0.03017241379310345,4.0,0.5,0,4,1,154,40,0.4658,121.6,0,0,0,0
ORD_101_01908,PIN_045,Apparel,0,0.2777777777777778,0.19776119402985073,1.8761,0.2,0,4,1,49,43,0.2847,77.16,0,0,0,0
ORD_101_01909,PIN_038,Electronics,0,0.14634146341463414,0.5535911602209945,-0.7641,0.3333,0,2,2,58,29,0.2851,82.39,1,0,0,1
ORD_101_01910,PIN_045,Home,0,0.2777777777777778,0.03017241379310345,1.2662,0.25,1,5,1,500,65,0.2164,85.55,1,0,0,0
ORD_101_01911,PIN_046,Apparel,0,0.23529411764705882,0.19776119402985073,-0.3965,0.2,1,2,1,264,44,0.3,89.84,0,0,0,0
ORD_101_01912,PIN_062,Home,0,0.4,0.03017241379310345,2.5885,0.25,0,3,1,244,69,0.5369,127.13,0,0,0,0
ORD_101_01913,PIN_027,Electronics,0,0.1875,0.5535911602209945,-1.4781,0.3333,0,1,1,13,24,0.4562,51.7,0,0,0,0
ORD_101_01914,PIN_038,Apparel,0,0.14634146341463414,0.19776119402985073,-0.5018,0.2,1,3,1,353,20,0.1543,69.96,1,0,0,0
ORD_101_01915,PIN_015,Apparel,0,0.1724137931034483,0.19776119402985073,0.431,0.2,0,4,1,239,45,0.2701,24.83,0,0,0,0
ORD_101_01916,PIN_069,Home,0,0.25806451612903225,0.03017241379310345,-1.1952,0.5,0,3,1,43,43,0.4293,140.55,1,0,0,0
ORD_101_01917,PIN_072,Electronics,1,0.3548387096774194,0.5535911602209945,-1.2594,0.3333,1,4,1,27,53,0.2474,121.63,1,0,0,1
ORD_101_01918,PIN_065,Apparel,0,0.2619047619047619,0.19776119402985073,4.0,0.6,0,2,1,218,27,0.1141,128.04,0,0,0,0
ORD_101_01919,PIN_054,Apparel,1,0.34782608695652173,0.19776119402985073,3.3289,0.4,0,4,1,64,35,0.5887,108.05,1,0,0,1
ORD_101_01920,PIN_088,Apparel,0,0.29411764705882354,0.19776119402985073,2.6763,0.2,1,0,1,657,45,0.0289,167.01,0,0,0,0
ORD_101_01921,PIN_049,Apparel,2,0.23333333333333334,0.19776119402985073,-0.7374,0.2,0,2,1,231,53,0.0634,105.52,1,0,0,1
ORD_101_01922,PIN_054,Apparel,0,0.34782608695652173,0.19776119402985073,0.1944,0.2,1,0,1,133,70,0.4293,106.78,1,0,0,0
ORD_101_01923,PIN_073,Apparel,0,0.25,0.19776119402985073,0.1942,0.2,0,1,1,36,73,0.0861,124.65,0,0,0,0
ORD_101_01924,PIN_020,Apparel,0,0.2413793103448276,0.19776119402985073,2.3974,0.2,0,2,1,241,40,0.3982,39.03,0,0,0,0
ORD_101_01925,PIN_030,Home,0,0.09090909090909091,0.03017241379310345,-1.3399,0.25,0,3,1,327,35,0.2385,64.16,1,0,0,0
ORD_101_01926,PIN_011,Electronics,0,0.10810810810810811,0.5535911602209945,-1.1468,0.3333,1,1,2,739,31,0.1352,38.04,0,0,0,0
ORD_101_01927,PIN_019,Electronics,0,0.13513513513513514,0.5535911602209945,0.5483,0.3333,0,4,1,298,44,0.1148,46.16,1,0,0,0
ORD_101_01928,PIN_039,Apparel,0,0.2647058823529412,0.19776119402985073,4.0,0.2,0,1,1,93,63,0.3195,81.75,1,0,0,0
ORD_101_01929,PIN_068,Apparel,0,0.225,0.19776119402985073,3.8892,0.2,0,0,1,32,35,0.2535,127.32,1,0,0,0
ORD_101_01930,PIN_084,Books,0,0.28,0.01764705882352941,4.0,0.25,0,3,1,186,44,0.1996,151.78,1,0,0,0
ORD_101_01931,PIN_074,Apparel,0,0.23076923076923078,0.19776119402985073,-1.6528,1.2,0,5,1,488,35,0.4451,129.95,0,0,0,0
ORD_101_01932,PIN_090,Books,0,0.42424242424242425,0.01764705882352941,4.0,0.5,1,0,1,6,29,0.0751,163.4,0,0,0,0
ORD_101_01933,PIN_042,Home,0,0.25,0.03017241379310345,1.8417,0.25,0,1,1,44,35,0.5612,89.35,1,0,0,0
ORD_101_01934,PIN_057,Apparel,0,0.25,0.19776119402985073,-0.8573,0.4,0,3,1,142,40,0.3165,110.12,1,0,0,0
ORD_101_01935,PIN_044,Beauty,0,0.21428571428571427,0.02,0.9958,0.1667,0,3,1,415,72,0.3248,79.53,1,0,0,0
ORD_101_01936,PIN_027,Apparel,3,0.1875,0.19776119402985073,-1.5175,0.2,0,2,1,69,80,0.2538,68.68,1,0,0,1
ORD_101_01937,PIN_082,Electronics,0,0.25,0.5535911602209945,-1.5822,0.3333,0,3,1,151,42,0.1287,150.27,1,0,0,1
ORD_101_01938,PIN_071,Electronics,0,0.43243243243243246,0.5535911602209945,-1.314,0.3333,0,6,1,0,42,0.3062,134.06,0,0,0,0
ORD_101_01939,PIN_075,Electronics,0,0.26666666666666666,0.5535911602209945,-1.1239,0.3333,0,1,1,220,51,0.0861,131.74,0,0,0,0
ORD_101_01940,PIN_012,Electronics,0,0.2571428571428571,0.5535911602209945,-1.5395,0.3333,1,3,1,34,53,0.2063,26.82,0,0,0,0
ORD_101_01941,PIN_012,Apparel,0,0.2571428571428571,0.19776119402985073,-0.6798,0.2,0,3,1,108,33,0.1806,35.14,0,0,0,0
ORD_101_01942,PIN_004,Electronics,1,0.21212121212121213,0.5535911602209945,-1.521,0.3333,1,1,1,25,41,0.4424,21.69,0,0,0,0
ORD_101_01943,PIN_055,Electronics,0,0.19047619047619047,0.5535911602209945,-1.6083,0.3333,1,0,1,315,53,0.3456,103.52,1,0,0,0
ORD_101_01944,PIN_072,Home,0,0.3548387096774194,0.03017241379310345,3.2735,0.25,1,2,1,41,38,0.1406,145.23,1,0,0,0
ORD_101_01945,PIN_050,Electronics,0,0.375,0.5535911602209945,-0.6909,0.6667,0,3,1,224,23,0.7703,100.45,0,0,0,0
ORD_101_01946,PIN_058,Electronics,0,0.28125,0.5535911602209945,-1.3457,0.3333,0,0,1,391,52,0.2649,113.17,1,0,0,0
ORD_101_01947,PIN_060,Electronics,0,0.25806451612903225,0.5535911602209945,-1.1406,0.3333,0,2,1,123,28,0.3595,130.36,1,0,0,1
ORD_101_01948,PIN_080,Apparel,0,0.32,0.19776119402985073,4.0,0.2,0,1,1,938,39,0.1157,130.92,1,0,0,0
ORD_101_01949,PIN_047,Books,0,0.2727272727272727,0.01764705882352941,4.0,0.75,1,1,1,35,21,0.2066,78.2,1,0,0,0
ORD_101_01950,PIN_060,Electronics,0,0.25806451612903225,0.5535911602209945,-1.5582,0.6667,0,3,1,79,54,0.0969,117.29,0,0,0,0
ORD_101_01951,PIN_009,Apparel,0,0.23684210526315788,0.19776119402985073,2.6781,0.2,0,0,1,21,35,0.1448,32.45,1,0,0,0
ORD_101_01952,PIN_021,Electronics,0,0.15151515151515152,0.5535911602209945,-1.5902,0.3333,0,1,2,49,40,0.2446,40.59,0,0,0,0
ORD_101_01953,PIN_066,Books,1,0.34210526315789475,0.01764705882352941,2.4688,0.25,0,5,2,64,74,0.3918,123.34,1,0,0,1
ORD_101_01954,PIN_066,Electronics,1,0.34210526315789475,0.5535911602209945,-1.5969,1.0,0,5,1,525,45,0.2498,127.38,1,0,0,1
ORD_101_01955,PIN_015,Apparel,0,0.1724137931034483,0.19776119402985073,-1.2151,1.6,0,3,2,673,53,0.1574,40.21,1,0,0,0
ORD_101_01956,PIN_029,Beauty,0,0.16666666666666666,0.02,4.0,0.1667,0,3,1,104,31,0.7501,54.08,0,0,0,0
ORD_101_01957,PIN_052,Beauty,0,0.2571428571428571,0.02,4.0,0.1667,0,3,1,301,69,0.1774,95.77,0,0,0,0
ORD_101_01958,PIN_086,Electronics,0,0.3783783783783784,0.5535911602209945,-1.0923,3.3333,0,0,1,3,59,0.2407,152.44,1,0,0,0
ORD_101_01959,PIN_057,Books,0,0.25,0.01764705882352941,4.0,1.0,1,1,1,689,32,0.1607,91.98,1,0,0,0
ORD_101_01960,PIN_017,Home,0,0.24242424242424243,0.03017241379310345,2.8814,0.25,0,2,1,49,49,0.3086,39.53,1,0,0,0
ORD_101_01961,PIN_053,Electronics,1,0.22857142857142856,0.5535911602209945,-1.8557,0.6667,0,0,1,21,72,0.1594,97.98,1,0,0,0
ORD_101_01962,PIN_021,Books,0,0.15151515151515152,0.01764705882352941,0.044,0.25,0,2,2,230,63,0.4504,46.49,1,0,0,0
ORD_101_01963,PIN_075,Home,0,0.26666666666666666,0.03017241379310345,1.5668,0.25,0,5,1,138,18,0.2382,134.52,1,0,0,0
ORD_101_01964,PIN_052,Apparel,1,0.2571428571428571,0.19776119402985073,2.4444,0.2,0,4,2,254,69,0.4711,99.94,1,0,0,1
ORD_101_01965,PIN_016,Home,0,0.20930232558139536,0.03017241379310345,-0.5622,0.25,0,2,1,77,25,0.3583,40.87,0,0,0,0
ORD_101_01966,PIN_040,Apparel,0,0.21428571428571427,0.19776119402985073,-1.4792,0.2,1,3,1,381,49,0.0809,73.45,1,0,0,0
ORD_101_01967,PIN_079,Beauty,0,0.2571428571428571,0.02,-0.7472,0.3333,0,0,1,547,38,0.1131,145.75,1,0,0,0
ORD_101_01968,PIN_069,Electronics,0,0.25806451612903225,0.5535911602209945,-1.7144,0.6667,0,2,1,69,10,0.5365,118.45,1,0,0,1
ORD_101_01969,PIN_063,Apparel,0,0.175,0.19776119402985073,-0.8436,0.2,0,3,1,458,10,0.0815,134.87,1,0,0,0
ORD_101_01970,PIN_035,Apparel,0,0.05714285714285714,0.19776119402985073,0.133,0.2,0,1,1,98,74,0.2635,69.71,1,0,0,0
ORD_101_01971,PIN_076,Home,0,0.4117647058823529,0.03017241379310345,0.4625,0.75,0,2,1,147,47,0.2052,138.1,0,0,0,0
ORD_101_01972,PIN_061,Electronics,0,0.45454545454545453,0.5535911602209945,-0.8694,0.3333,0,4,2,27,39,0.0952,121.39,1,0,0,1
ORD_101_01973,PIN_053,Apparel,0,0.22857142857142856,0.19776119402985073,4.0,1.2,0,3,1,476,62,0.4752,97.62,1,0,0,0
ORD_101_01974,PIN_056,Apparel,0,0.25,0.19776119402985073,1.3529,0.2,1,8,1,51,31,0.097,106.74,1,0,0,0
ORD_101_01975,PIN_002,Home,0,0.15,0.03017241379310345,0.436,0.25,0,0,1,430,46,0.3438,14.59,1,0,0,0
ORD_101_01976,PIN_014,Electronics,0,0.20689655172413793,0.5535911602209945,-0.5889,0.3333,0,2,1,783,26,0.4576,26.37,1,0,0,0
ORD_101_01977,PIN_012,Beauty,0,0.2571428571428571,0.02,4.0,0.1667,0,4,1,667,73,0.1772,30.73,0,0,0,0
ORD_101_01978,PIN_001,Apparel,0,0.1282051282051282,0.19776119402985073,-0.8918,0.2,1,3,1,57,22,0.2714,21.56,1,0,0,0
ORD_101_01979,PIN_075,Apparel,0,0.26666666666666666,0.19776119402985073,0.698,0.2,0,2,1,589,41,0.5122,133.63,1,0,0,0
ORD_101_01980,PIN_033,Electronics,0,0.15151515151515152,0.5535911602209945,-1.5448,0.3333,0,4,1,240,88,0.4036,60.78,0,0,0,0
ORD_101_01981,PIN_021,Books,0,0.15151515151515152,0.01764705882352941,4.0,0.25,0,5,1,104,68,0.1002,43.58,1,0,0,0
ORD_101_01982,PIN_076,Apparel,0,0.4117647058823529,0.19776119402985073,-1.0884,0.4,0,4,1,355,31,0.2903,138.16,1,0,0,0
ORD_101_01983,PIN_025,Apparel,0,0.21052631578947367,0.19776119402985073,0.2074,0.2,1,6,1,289,73,0.3506,48.73,0,0,0,0
ORD_101_01984,PIN_016,Books,0,0.20930232558139536,0.01764705882352941,4.0,0.25,1,0,1,390,52,0.0818,48.37,0,0,0,0
ORD_101_01985,PIN_050,Apparel,0,0.375,0.19776119402985073,4.0,0.2,1,5,1,540,35,0.1751,99.23,0,0,0,0
ORD_101_01986,PIN_072,Apparel,0,0.3548387096774194,0.19776119402985073,-1.197,0.2,0,4,1,838,31,0.132,133.53,1,0,0,0
ORD_101_01987,PIN_026,Electronics,0,0.1891891891891892,0.5535911602209945,-1.7248,0.3333,0,3,1,242,28,0.2668,45.82,0,0,0,0
ORD_101_01988,PIN_019,Home,0,0.13513513513513514,0.03017241379310345,-1.3693,0.25,0,3,1,42,15,0.1545,45.31,0,0,0,0
ORD_101_01989,PIN_056,Apparel,0,0.25,0.19776119402985073,-1.1297,0.2,0,3,1,183,27,0.0825,99.59,0,0,0,0
ORD_101_01990,PIN_047,Apparel,0,0.2727272727272727,0.19776119402985073,4.0,0.2,0,3,1,801,29,0.2551,88.21,0,0,0,0
ORD_101_01991,PIN_042,Electronics,0,0.25,0.5535911602209945,0.9381,1.3333,0,1,1,782,40,0.025,78.15,0,0,0,0
ORD_101_01992,PIN_089,Electronics,0,0.3888888888888889,0.5535911602209945,-0.5671,0.6667,0,2,2,299,56,0.4187,160.51,0,0,0,0
ORD_101_01993,PIN_039,Electronics,0,0.2647058823529412,0.5535911602209945,-1.3179,0.3333,0,3,1,747,61,0.2216,62.74,1,0,0,0
ORD_101_01994,PIN_027,Home,1,0.1875,0.03017241379310345,-1.1376,0.25,0,2,1,348,59,0.2695,66.68,1,0,0,0
ORD_101_01995,PIN_080,Books,0,0.32,0.01764705882352941,4.0,0.25,0,3,1,9,48,0.0935,147.26,1,0,0,0
ORD_101_01996,PIN_042,Electronics,1,0.25,0.5535911602209945,-0.802,0.3333,0,1,1,112,43,0.1438,67.5,1,0,0,1
ORD_101_01997,PIN_070,Electronics,0,0.2682926829268293,0.5535911602209945,-1.3345,0.3333,0,5,1,69,10,0.5735,129.2,1,0,0,1
ORD_101_01998,PIN_079,Electronics,1,0.2571428571428571,0.5535911602209945,-1.0209,0.6667,1,0,1,231,56,0.0821,154.27,0,0,0,0
ORD_101_01999,PIN_021,Apparel,0,0.15151515151515152,0.19776119402985073,0.0404,0.4,0,3,1,1109,34,0.2409,48.52,0,0,0,0
ORD_101_02000,PIN_078,Electronics,0,0.2647058823529412,0.5535911602209945,-1.505,0.3333,0,2,2,228,48,0.672,149.13,0,0,0,0
ORD_101_02001,PIN_026,Electronics,0,0.1891891891891892,0.5535911602209945,-0.6308,0.3333,0,4,1,117,23,0.1264,48.22,0,0,0,0
ORD_101_02002,PIN_042,Apparel,0,0.25,0.19776119402985073,-1.1688,0.2,0,1,1,630,54,0.1973,75.45,0,0,0,0
ORD_101_02003,PIN_079,Apparel,0,0.2571428571428571,0.19776119402985073,-0.9475,0.2,0,1,1,258,49,0.3788,131.95,1,0,0,0
ORD_101_02004,PIN_007,Apparel,0,0.125,0.19776119402985073,0.7724,0.2,0,1,1,259,45,0.0906,14.15,1,0,0,0
ORD_101_02005,PIN_036,Home,0,0.3,0.03017241379310345,-1.2377,0.25,0,1,1,82,44,0.2717,74.21,1,0,0,0
ORD_101_02006,PIN_047,Apparel,0,0.2727272727272727,0.19776119402985073,-1.0583,0.2,0,5,1,101,39,0.0463,76.74,0,0,0,0
ORD_101_02007,PIN_018,Beauty,0,0.18421052631578946,0.02,0.2231,0.1667,0,5,1,23,65,0.2323,41.69,0,0,0,0
ORD_101_02008,PIN_019,Apparel,0,0.13513513513513514,0.19776119402985073,4.0,0.2,0,5,1,62,49,0.3562,42.06,0,0,0,0
ORD_101_02009,PIN_067,Apparel,0,0.19444444444444445,0.19776119402985073,-0.9771,0.4,0,4,1,1547,48,0.3684,135.36,1,0,0,0
ORD_101_02010,PIN_089,Electronics,0,0.3888888888888889,0.5535911602209945,-0.8995,0.3333,0,2,1,802,46,0.2014,158.69,1,0,0,0
ORD_101_02011,PIN_051,Apparel,0,0.375,0.19776119402985073,3.1437,0.4,0,3,1,355,21,0.1361,88.6,0,0,0,0
ORD_101_02012,PIN_001,Home,0,0.1282051282051282,0.03017241379310345,1.5696,0.25,0,0,1,223,33,0.6142,25.0,1,0,0,0
ORD_101_02013,PIN_024,Apparel,0,0.26666666666666666,0.19776119402985073,0.0185,0.2,1,5,1,222,29,0.2842,48.37,1,0,0,0
ORD_101_02014,PIN_014,Apparel,0,0.20689655172413793,0.19776119402985073,-0.6985,0.2,1,3,1,5,45,0.3658,34.2,0,0,0,0
ORD_101_02015,PIN_015,Electronics,0,0.1724137931034483,0.5535911602209945,-1.7793,0.3333,0,3,1,204,38,0.1899,27.05,0,0,0,0
ORD_101_02016,PIN_053,Apparel,0,0.22857142857142856,0.19776119402985073,-0.494,0.2,0,6,1,86,44,0.1011,100.52,1,0,0,0
ORD_101_02017,PIN_030,Home,0,0.09090909090909091,0.03017241379310345,-1.1525,0.25,0,0,1,38,82,0.4372,46.45,1,0,0,0
ORD_101_02018,PIN_010,Apparel,1,0.24444444444444444,0.19776119402985073,-1.1988,0.2,0,1,1,907,58,0.5025,9.83,0,0,0,0
ORD_101_02019,PIN_026,Home,0,0.1891891891891892,0.03017241379310345,-0.333,0.75,0,3,1,200,39,0.3089,54.83,1,0,0,0
ORD_101_02020,PIN_066,Apparel,0,0.34210526315789475,0.19776119402985073,4.0,0.2,0,2,1,401,30,0.3155,114.44,1,0,0,0
ORD_101_02021,PIN_007,Books,0,0.125,0.01764705882352941,4.0,0.25,0,3,1,74,52,0.0868,32.55,0,0,0,0
ORD_101_02022,PIN_076,Apparel,0,0.4117647058823529,0.19776119402985073,4.0,0.2,0,2,1,212,60,0.1744,141.71,1,0,0,0
ORD_101_02023,PIN_086,Apparel,0,0.3783783783783784,0.19776119402985073,-0.9828,0.2,0,2,1,227,36,0.155,172.09,0,0,0,0
ORD_101_02024,PIN_051,Beauty,2,0.375,0.02,4.0,0.1667,0,1,1,124,25,0.2645,100.63,1,0,0,0
ORD_101_02025,PIN_041,Electronics,0,0.21875,0.5535911602209945,-1.0114,0.3333,0,3,1,306,24,0.1334,73.97,1,0,0,0
ORD_101_02026,PIN_017,Apparel,0,0.24242424242424243,0.19776119402985073,4.0,0.2,0,1,1,599,31,0.0179,54.78,0,0,0,0
ORD_101_02027,PIN_055,Books,0,0.19047619047619047,0.01764705882352941,4.0,0.25,0,3,1,696,59,0.6631,98.9,1,0,0,0
ORD_101_02028,PIN_002,Books,0,0.15,0.01764705882352941,3.7786,0.25,0,2,1,198,47,0.6439,7.66,1,0,0,0
ORD_101_02029,PIN_068,Apparel,0,0.225,0.19776119402985073,4.0,0.2,0,2,1,182,50,0.4512,125.32,0,0,0,0
ORD_101_02030,PIN_025,Apparel,0,0.21052631578947367,0.19776119402985073,-0.5008,0.4,0,1,1,350,41,0.4896,50.79,0,0,0,0
ORD_101_02031,PIN_015,Beauty,0,0.1724137931034483,0.02,-0.7659,0.1667,0,0,1,996,47,0.478,41.41,0,0,0,0
ORD_101_02032,PIN_033,Apparel,0,0.15151515151515152,0.19776119402985073,0.0619,0.2,0,3,1,541,45,0.2177,67.61,1,0,0,0
ORD_101_02033,PIN_085,Electronics,0,0.25,0.5535911602209945,-1.4793,0.3333,0,2,1,146,42,0.5246,151.13,0,0,0,0
ORD_101_02034,PIN_053,Electronics,0,0.22857142857142856,0.5535911602209945,-1.847,0.3333,0,3,2,560,47,0.5264,98.98,1,0,0,1
ORD_101_02035,PIN_082,Books,0,0.25,0.01764705882352941,1.6797,0.25,0,2,1,43,35,0.106,152.42,1,0,0,0
ORD_101_02036,PIN_030,Beauty,0,0.09090909090909091,0.02,0.3235,0.5,1,3,1,165,35,0.5274,36.5,1,0,0,0
ORD_101_02037,PIN_002,Beauty,0,0.15,0.02,4.0,0.1667,0,1,1,31,39,0.6466,17.6,1,0,0,0
ORD_101_02038,PIN_064,Home,1,0.13157894736842105,0.03017241379310345,-1.7423,0.25,0,3,1,405,80,0.2597,116.96,1,0,0,0
ORD_101_02039,PIN_032,Electronics,0,0.11538461538461539,0.5535911602209945,-1.8581,0.3333,0,7,1,164,78,0.0822,56.84,1,0,0,0
ORD_101_02040,PIN_028,Apparel,0,0.0625,0.19776119402985073,-0.7789,0.2,0,1,1,126,66,0.2253,56.41,1,0,0,0
ORD_101_02041,PIN_047,Books,0,0.2727272727272727,0.01764705882352941,-0.3687,0.25,0,1,1,320,28,0.2387,80.99,1,0,0,0
ORD_101_02042,PIN_015,Apparel,1,0.1724137931034483,0.19776119402985073,1.8392,0.2,0,1,1,256,18,0.0889,42.11,1,0,0,0
ORD_101_02043,PIN_067,Electronics,0,0.19444444444444445,0.5535911602209945,-1.8513,0.3333,0,2,1,316,36,0.1807,120.33,1,0,0,0
ORD_101_02044,PIN_029,Apparel,0,0.16666666666666666,0.19776119402985073,0.0165,0.4,0,4,1,23,63,0.0939,73.49,1,0,0,0
ORD_101_02045,PIN_049,Apparel,0,0.23333333333333334,0.19776119402985073,-1.3954,0.2,0,3,1,181,59,0.5559,84.08,0,0,0,0
ORD_101_02046,PIN_017,Books,0,0.24242424242424243,0.01764705882352941,4.0,0.5,1,1,1,301,59,0.111,44.87,1,0,0,0
ORD_101_02047,PIN_085,Electronics,0,0.25,0.5535911602209945,0.2213,1.0,0,1,1,72,62,0.2687,168.44,0,0,0,0
ORD_101_02048,PIN_045,Home,0,0.2777777777777778,0.03017241379310345,0.2435,0.25,1,1,1,472,42,0.1601,91.09,1,0,0,0
ORD_101_02049,PIN_084,Apparel,0,0.28,0.19776119402985073,4.0,0.2,0,2,1,697,29,0.6088,149.93,1,0,0,0
ORD_101_02050,PIN_053,Apparel,0,0.22857142857142856,0.19776119402985073,-1.595,0.2,0,3,1,80,26,0.1095,106.06,0,0,0,0
ORD_101_02051,PIN_083,Electronics,0,0.3404255319148936,0.5535911602209945,-1.8216,0.6667,1,2,1,139,73,0.1892,159.5,0,0,0,0
ORD_101_02052,PIN_065,Books,0,0.2619047619047619,0.01764705882352941,0.0795,0.5,0,5,1,564,41,0.628,132.97,0,0,0,0
ORD_101_02053,PIN_007,Apparel,0,0.125,0.19776119402985073,0.4774,0.2,0,2,1,24,30,0.0993,27.96,0,0,0,0
ORD_101_02054,PIN_008,Books,0,0.14285714285714285,0.01764705882352941,4.0,0.25,1,2,1,184,45,0.167,8.89,1,0,0,0
ORD_101_02055,PIN_052,Apparel,2,0.2571428571428571,0.19776119402985073,4.0,0.4,0,2,1,530,49,0.3156,97.24,1,0,0,1
ORD_101_02056,PIN_072,Books,0,0.3548387096774194,0.01764705882352941,3.5136,0.25,0,3,1,45,43,0.1628,123.39,1,0,0,0
ORD_101_02057,PIN_024,Apparel,1,0.26666666666666666,0.19776119402985073,0.7916,0.2,0,4,1,1199,48,0.1285,38.43,0,0,0,0
ORD_101_02058,PIN_064,Apparel,1,0.13157894736842105,0.19776119402985073,0.049,0.2,0,1,1,642,23,0.343,127.05,1,0,0,0
ORD_101_02059,PIN_065,Beauty,0,0.2619047619047619,0.02,4.0,0.1667,1,5,1,473,61,0.372,133.42,0,0,0,0
ORD_101_02060,PIN_013,Apparel,0,0.16666666666666666,0.19776119402985073,3.3985,0.2,1,2,1,97,25,0.1664,32.95,0,0,0,0
ORD_101_02061,PIN_033,Beauty,0,0.15151515151515152,0.02,4.0,0.1667,0,2,1,572,49,0.1682,62.75,1,0,0,0
ORD_101_02062,PIN_039,Home,0,0.2647058823529412,0.03017241379310345,-1.2881,0.25,0,2,2,50,48,0.2966,82.14,1,0,0,0
ORD_101_02063,PIN_079,Apparel,0,0.2571428571428571,0.19776119402985073,-1.4288,0.6,0,0,1,250,59,0.2954,143.23,0,0,0,0
ORD_101_02064,PIN_085,Apparel,0,0.25,0.19776119402985073,2.0071,0.2,1,4,1,699,33,0.5849,145.32,1,0,0,0
ORD_101_02065,PIN_042,Apparel,0,0.25,0.19776119402985073,1.5239,0.2,0,2,1,221,20,0.2139,71.46,1,0,0,0
ORD_101_02066,PIN_028,Electronics,0,0.0625,0.5535911602209945,-1.7785,0.6667,1,1,1,363,53,0.3192,53.15,0,0,0,0
ORD_101_02067,PIN_058,Books,0,0.28125,0.01764705882352941,0.2542,0.25,0,1,1,335,53,0.5015,99.81,0,0,0,0
ORD_101_02068,PIN_017,Electronics,0,0.24242424242424243,0.5535911602209945,-0.5748,0.3333,0,7,1,631,31,0.0832,28.73,1,0,0,0
ORD_101_02069,PIN_009,Apparel,0,0.23684210526315788,0.19776119402985073,-1.6056,0.2,0,5,1,7,54,0.3604,20.24,1,0,0,0
ORD_101_02070,PIN_025,Home,0,0.21052631578947367,0.03017241379310345,-0.869,0.75,1,7,1,72,53,0.1227,74.76,0,0,0,0
ORD_101_02071,PIN_015,Home,0,0.1724137931034483,0.03017241379310345,0.527,0.25,0,3,1,129,53,0.0401,28.65,1,0,0,0
ORD_101_02072,PIN_064,Apparel,0,0.13157894736842105,0.19776119402985073,1.7156,0.2,0,1,1,898,35,0.0683,123.7,0,0,0,0
ORD_101_02073,PIN_036,Home,0,0.3,0.03017241379310345,1.709,0.25,0,5,1,52,51,0.3253,85.59,1,0,0,0
ORD_101_02074,PIN_072,Electronics,2,0.3548387096774194,0.5535911602209945,1.0458,0.3333,0,6,2,575,54,0.0885,149.8,1,0,0,1
ORD_101_02075,PIN_059,Apparel,0,0.21739130434782608,0.19776119402985073,-0.1729,0.2,0,1,1,240,55,0.1275,113.05,0,0,0,0
ORD_101_02076,PIN_069,Electronics,0,0.25806451612903225,0.5535911602209945,-1.6878,0.3333,1,1,1,16,13,0.5649,120.28,1,0,0,1
ORD_101_02077,PIN_075,Home,0,0.26666666666666666,0.03017241379310345,-1.4401,0.25,0,2,1,36,43,0.4232,133.41,1,0,0,0
ORD_101_02078,PIN_067,Electronics,0,0.19444444444444445,0.5535911602209945,-1.0805,0.3333,0,1,2,66,34,0.2125,132.27,1,0,0,1
ORD_101_02079,PIN_058,Home,3,0.28125,0.03017241379310345,-0.6978,0.25,1,3,1,114,56,0.7834,113.62,1,0,0,1
ORD_101_02080,PIN_039,Apparel,2,0.2647058823529412,0.19776119402985073,2.0643,0.2,1,2,1,55,63,0.1027,77.74,1,0,0,1
ORD_101_02081,PIN_079,Apparel,0,0.2571428571428571,0.19776119402985073,3.9647,0.2,0,4,1,208,51,0.4242,145.31,0,0,0,0
ORD_101_02082,PIN_032,Electronics,1,0.11538461538461539,0.5535911602209945,-1.9112,0.3333,0,2,1,351,40,0.4142,69.92,0,0,0,0
ORD_101_02083,PIN_077,Beauty,0,0.358974358974359,0.02,4.0,0.1667,1,2,3,203,52,0.1081,136.2,0,0,0,0
ORD_101_02084,PIN_022,Beauty,0,0.15384615384615385,0.02,2.0596,0.6667,0,0,1,265,49,0.2712,57.13,1,0,0,0
ORD_101_02085,PIN_001,Books,0,0.1282051282051282,0.01764705882352941,4.0,0.25,0,3,1,318,46,0.3885,19.28,1,0,0,0
ORD_101_02086,PIN_073,Home,0,0.25,0.03017241379310345,0.021,0.25,1,1,1,314,44,0.24,140.15,0,0,0,0
ORD_101_02087,PIN_090,Beauty,0,0.42424242424242425,0.02,-1.047,0.3333,1,5,1,196,63,0.2157,151.17,1,0,0,0
ORD_101_02088,PIN_086,Electronics,0,0.3783783783783784,0.5535911602209945,-1.62,0.3333,0,1,1,686,29,0.205,169.6,0,0,0,0
ORD_101_02089,PIN_018,Apparel,0,0.18421052631578946,0.19776119402985073,0.6175,0.2,1,1,1,941,31,0.1111,46.81,0,0,0,0
ORD_101_02090,PIN_078,Home,0,0.2647058823529412,0.03017241379310345,-0.5428,0.25,0,1,1,366,43,0.4048,141.33,1,0,0,0
ORD_101_02091,PIN_063,Electronics,0,0.175,0.5535911602209945,-1.7603,0.3333,0,7,1,156,37,0.2637,123.53,0,0,0,0
ORD_101_02092,PIN_080,Home,0,0.32,0.03017241379310345,-1.2419,0.25,1,1,1,512,22,0.2648,161.39,0,0,0,0
ORD_101_02093,PIN_061,Electronics,0,0.45454545454545453,0.5535911602209945,-1.7067,0.3333,0,0,2,510,55,0.5605,111.52,1,0,0,1
ORD_101_02094,PIN_001,Beauty,0,0.1282051282051282,0.02,0.7522,0.5,1,0,1,61,42,0.4698,21.7,1,0,0,0
ORD_101_02095,PIN_048,Home,1,0.21621621621621623,0.03017241379310345,-0.1401,0.25,1,2,1,899,46,0.2077,83.05,0,0,0,0
ORD_101_02096,PIN_028,Apparel,0,0.0625,0.19776119402985073,4.0,0.2,0,2,1,372,56,0.4842,61.7,0,0,0,0
ORD_101_02097,PIN_046,Beauty,0,0.23529411764705882,0.02,4.0,0.1667,1,2,1,30,28,0.406,82.79,0,0,0,0
ORD_101_02098,PIN_030,Electronics,0,0.09090909090909091,0.5535911602209945,-1.4978,0.6667,0,3,1,410,54,0.213,65.82,1,0,0,0
ORD_101_02099,PIN_021,Books,0,0.15151515151515152,0.01764705882352941,-0.7332,0.25,0,2,1,6,39,0.2502,40.96,1,0,0,0
ORD_101_02100,PIN_050,Apparel,0,0.375,0.19776119402985073,-0.7764,0.4,1,4,1,141,59,0.329,94.51,0,0,0,0
ORD_101_02101,PIN_033,Home,0,0.15151515151515152,0.03017241379310345,0.9315,0.25,1,0,1,11,43,0.1318,58.45,1,0,0,0
ORD_101_02102,PIN_058,Electronics,1,0.28125,0.5535911602209945,-1.8544,0.6667,0,3,2,128,33,0.3437,113.44,0,0,0,0
ORD_101_02103,PIN_054,Apparel,0,0.34782608695652173,0.19776119402985073,2.2222,0.8,1,4,1,39,21,0.4279,99.28,0,0,0,0
ORD_101_02104,PIN_037,Beauty,0,0.21875,0.02,-0.7383,0.1667,0,1,2,466,41,0.0441,87.51,1,0,0,0
ORD_101_02105,PIN_056,Beauty,0,0.25,0.02,0.0082,0.1667,0,0,2,68,10,0.267,106.27,1,0,0,0
ORD_101_02106,PIN_035,Apparel,0,0.05714285714285714,0.19776119402985073,-1.3153,0.2,1,4,1,58,45,0.3139,69.38,1,0,0,0
ORD_101_02107,PIN_039,Apparel,0,0.2647058823529412,0.19776119402985073,-0.5473,0.2,0,4,1,292,30,0.558,77.45,1,0,0,1
ORD_101_02108,PIN_048,Apparel,0,0.21621621621621623,0.19776119402985073,0.5929,0.2,1,1,1,418,47,0.5494,92.51,1,0,0,0
ORD_101_02109,PIN_061,Books,0,0.45454545454545453,0.01764705882352941,-0.2137,1.0,0,2,1,113,45,0.2424,116.96,0,0,0,0
ORD_101_02110,PIN_040,Apparel,0,0.21428571428571427,0.19776119402985073,2.6521,0.2,0,4,1,229,58,0.3476,79.51,0,0,0,0
ORD_101_02111,PIN_073,Apparel,0,0.25,0.19776119402985073,2.4418,0.2,0,1,1,483,45,0.4553,144.84,1,0,0,0
ORD_101_02112,PIN_056,Books,1,0.25,0.01764705882352941,1.5607,0.25,0,1,1,182,72,0.2801,106.57,1,0,0,0
ORD_101_02113,PIN_018,Apparel,1,0.18421052631578946,0.19776119402985073,-0.1343,0.8,0,3,1,462,41,0.0652,46.12,0,0,0,0
ORD_101_02114,PIN_041,Home,0,0.21875,0.03017241379310345,2.3911,0.25,0,1,1,302,34,0.5945,87.31,0,0,0,0
ORD_101_02115,PIN_002,Beauty,2,0.15,0.02,-0.0174,0.1667,1,6,1,173,40,0.1193,16.0,0,0,0,0
ORD_101_02116,PIN_004,Beauty,1,0.21212121212121213,0.02,4.0,0.1667,1,0,1,124,64,0.5393,25.73,0,0,0,0
ORD_101_02117,PIN_068,Electronics,0,0.225,0.5535911602209945,-1.6399,0.3333,1,4,1,281,45,0.3091,128.17,1,0,0,1
ORD_101_02118,PIN_019,Books,1,0.13513513513513514,0.01764705882352941,4.0,0.25,0,0,1,281,57,0.3141,26.23,0,0,0,0
ORD_101_02119,PIN_084,Electronics,1,0.28,0.5535911602209945,-1.8905,0.6667,0,2,1,53,40,0.5606,152.99,1,0,0,1
ORD_101_02120,PIN_047,Apparel,0,0.2727272727272727,0.19776119402985073,1.0355,0.2,1,1,1,350,52,0.1363,98.35,1,0,0,0
ORD_101_02121,PIN_049,Home,2,0.23333333333333334,0.03017241379310345,-0.9991,0.25,1,3,1,208,52,0.1788,95.15,0,0,0,0
ORD_101_02122,PIN_059,Electronics,0,0.21739130434782608,0.5535911602209945,-1.9102,0.6667,0,4,1,487,41,0.2748,111.11,1,0,0,0
ORD_101_02123,PIN_035,Electronics,0,0.05714285714285714,0.5535911602209945,-1.496,0.3333,0,0,1,69,56,0.0637,73.55,1,0,0,0
ORD_101_02124,PIN_069,Books,0,0.25806451612903225,0.01764705882352941,4.0,0.25,0,4,1,55,78,0.2294,115.66,0,0,0,0
ORD_101_02125,PIN_081,Apparel,0,0.375,0.19776119402985073,2.6082,0.2,0,2,1,82,54,0.2365,146.38,1,0,0,0
ORD_101_02126,PIN_030,Home,0,0.09090909090909091,0.03017241379310345,-1.6135,0.25,0,6,1,1,59,0.3898,67.54,1,0,0,0
ORD_101_02127,PIN_045,Home,0,0.2777777777777778,0.03017241379310345,-1.0596,0.5,1,3,1,60,58,0.2514,86.18,0,0,0,0
ORD_101_02128,PIN_088,Apparel,0,0.29411764705882354,0.19776119402985073,-1.0731,0.2,1,0,1,384,38,0.2411,167.83,1,0,0,0
ORD_101_02129,PIN_041,Books,2,0.21875,0.01764705882352941,3.3794,1.75,0,2,1,850,23,0.2698,76.22,1,0,0,0
ORD_101_02130,PIN_075,Home,0,0.26666666666666666,0.03017241379310345,0.2079,0.25,1,3,1,603,35,0.6597,136.21,0,0,0,0
ORD_101_02131,PIN_085,Home,1,0.25,0.03017241379310345,-0.0273,0.25,1,2,1,734,52,0.1952,159.45,1,0,0,0
ORD_101_02132,PIN_050,Apparel,1,0.375,0.19776119402985073,4.0,0.2,0,6,1,123,55,0.3939,86.64,1,0,0,1
ORD_101_02133,PIN_007,Electronics,0,0.125,0.5535911602209945,-0.4212,0.3333,0,1,3,33,33,0.115,29.37,0,0,0,0
ORD_101_02134,PIN_072,Home,0,0.3548387096774194,0.03017241379310345,3.6215,0.25,0,1,2,196,24,0.0967,128.8,0,0,0,0
ORD_101_02135,PIN_059,Electronics,0,0.21739130434782608,0.5535911602209945,-1.7961,0.3333,0,1,1,432,14,0.6159,127.29,0,0,0,0
ORD_101_02136,PIN_054,Beauty,3,0.34782608695652173,0.02,0.1179,0.1667,1,2,1,560,61,0.2286,102.28,1,0,0,0
ORD_101_02137,PIN_011,Beauty,0,0.10810810810810811,0.02,-1.1069,0.5,0,3,1,58,69,0.4391,24.85,0,0,0,0
ORD_101_02138,PIN_008,Electronics,0,0.14285714285714285,0.5535911602209945,-1.1302,0.3333,0,2,1,604,31,0.4766,26.13,0,0,0,0
ORD_101_02139,PIN_062,Apparel,0,0.4,0.19776119402985073,2.2532,0.2,1,0,1,45,41,0.2989,115.41,0,0,0,0
ORD_101_02140,PIN_057,Apparel,0,0.25,0.19776119402985073,-0.2938,0.6,0,2,2,883,45,0.5078,108.01,1,0,0,0
ORD_101_02141,PIN_003,Apparel,0,0.275,0.19776119402985073,-0.0572,0.2,0,2,1,24,41,0.2801,6.11,0,0,0,0
ORD_101_02142,PIN_061,Apparel,0,0.45454545454545453,0.19776119402985073,0.3825,0.4,0,0,1,56,33,0.3092,104.72,0,0,0,0
ORD_101_02143,PIN_034,Books,0,0.22580645161290322,0.01764705882352941,-0.1387,0.25,0,4,1,100,19,0.2528,63.37,1,0,0,0
ORD_101_02144,PIN_048,Electronics,0,0.21621621621621623,0.5535911602209945,-1.2146,0.3333,0,6,1,361,52,0.3724,87.31,1,0,0,1
ORD_101_02145,PIN_037,Beauty,1,0.21875,0.02,-1.2387,0.1667,1,3,1,94,33,0.3628,82.52,0,0,0,0
ORD_101_02146,PIN_071,Electronics,0,0.43243243243243246,0.5535911602209945,-0.3575,0.6667,0,2,1,196,51,0.1876,117.31,1,0,0,0
ORD_101_02147,PIN_033,Books,1,0.15151515151515152,0.01764705882352941,-0.7793,0.25,0,2,1,216,46,0.6706,68.83,1,0,0,0
ORD_101_02148,PIN_082,Apparel,0,0.25,0.19776119402985073,1.7531,0.2,0,1,1,138,62,0.4511,154.91,0,0,0,0
ORD_101_02149,PIN_061,Apparel,0,0.45454545454545453,0.19776119402985073,0.9761,0.2,0,3,1,24,51,0.1694,106.2,0,0,0,0
ORD_101_02150,PIN_040,Electronics,0,0.21428571428571427,0.5535911602209945,-1.7161,0.3333,0,3,1,340,70,0.5137,73.01,1,0,0,1
ORD_101_02151,PIN_074,Electronics,0,0.23076923076923078,0.5535911602209945,-0.457,0.3333,0,2,1,74,49,0.3564,145.97,1,0,0,1
ORD_101_02152,PIN_054,Books,0,0.34782608695652173,0.01764705882352941,-0.7955,0.25,0,0,1,81,32,0.2134,95.02,0,0,0,0
ORD_101_02153,PIN_007,Apparel,0,0.125,0.19776119402985073,-1.2969,0.2,0,3,1,372,40,0.1597,16.84,1,0,0,0
ORD_101_02154,PIN_015,Electronics,0,0.1724137931034483,0.5535911602209945,0.0238,0.3333,0,1,1,148,27,0.4192,29.18,1,0,0,1
ORD_101_02155,PIN_016,Electronics,1,0.20930232558139536,0.5535911602209945,-1.2654,0.6667,1,1,1,82,69,0.252,39.03,0,0,0,0
ORD_101_02156,PIN_090,Books,0,0.42424242424242425,0.01764705882352941,4.0,0.25,0,5,2,129,51,0.4339,167.08,0,0,0,0
ORD_101_02157,PIN_016,Apparel,0,0.20930232558139536,0.19776119402985073,2.5116,0.2,0,5,1,88,62,0.264,28.39,0,0,0,0
ORD_101_02158,PIN_087,Electronics,0,0.23333333333333334,0.5535911602209945,-0.9381,0.3333,0,2,1,489,46,0.4923,162.98,0,0,0,0
ORD_101_02159,PIN_086,Apparel,1,0.3783783783783784,0.19776119402985073,-0.7194,0.2,0,2,2,4,56,0.2668,168.99,1,0,0,1
ORD_101_02160,PIN_083,Books,1,0.3404255319148936,0.01764705882352941,4.0,0.25,0,2,1,44,47,0.3311,157.73,1,0,0,0
ORD_101_02161,PIN_049,Apparel,1,0.23333333333333334,0.19776119402985073,0.9027,0.2,1,2,1,302,43,0.3258,88.07,1,0,0,1
ORD_101_02162,PIN_066,Apparel,0,0.34210526315789475,0.19776119402985073,3.1429,0.2,0,2,1,164,56,0.1905,129.59,1,0,0,0
ORD_101_02163,PIN_082,Apparel,2,0.25,0.19776119402985073,-1.2353,0.2,1,2,1,87,21,0.2066,148.32,1,0,0,1
ORD_101_02164,PIN_020,Electronics,0,0.2413793103448276,0.5535911602209945,-1.438,0.3333,1,3,1,15,43,0.2677,52.5,0,0,0,0
ORD_101_02165,PIN_077,Apparel,0,0.358974358974359,0.19776119402985073,-1.4037,0.6,1,2,1,587,32,0.1804,148.66,0,0,0,0
ORD_101_02166,PIN_026,Apparel,0,0.1891891891891892,0.19776119402985073,4.0,0.2,0,3,1,383,11,0.0968,58.65,1,0,0,0
ORD_101_02167,PIN_044,Beauty,0,0.21428571428571427,0.02,-1.4515,0.1667,0,0,1,7,69,0.4252,76.21,1,0,0,0
ORD_101_02168,PIN_030,Apparel,0,0.09090909090909091,0.19776119402985073,4.0,0.2,0,0,1,354,53,0.199,59.14,1,0,0,0
ORD_101_02169,PIN_070,Home,0,0.2682926829268293,0.03017241379310345,1.9246,0.25,0,1,1,213,19,0.0539,137.49,0,0,0,0
ORD_101_02170,PIN_076,Apparel,0,0.4117647058823529,0.19776119402985073,-0.4491,0.2,0,3,1,79,38,0.5981,147.0,1,0,0,1
ORD_101_02171,PIN_044,Electronics,0,0.21428571428571427,0.5535911602209945,-0.661,1.0,0,7,1,115,42,0.2377,93.27,1,0,0,1
ORD_101_02172,PIN_084,Apparel,0,0.28,0.19776119402985073,2.3677,0.4,0,4,1,919,57,0.0926,166.77,1,0,0,0
ORD_101_02173,PIN_076,Apparel,0,0.4117647058823529,0.19776119402985073,-1.6018,0.2,0,3,1,16,31,0.2372,146.83,1,0,0,0
ORD_101_02174,PIN_028,Beauty,0,0.0625,0.02,3.1299,0.1667,0,2,2,592,31,0.1951,46.86,0,0,0,0
ORD_101_02175,PIN_037,Books,0,0.21875,0.01764705882352941,4.0,2.0,0,2,1,93,37,0.093,68.23,0,0,0,0
ORD_101_02176,PIN_006,Apparel,0,0.23529411764705882,0.19776119402985073,1.7164,0.2,0,4,2,70,29,0.5042,17.04,1,0,0,1
ORD_101_02177,PIN_063,Electronics,1,0.175,0.5535911602209945,-0.526,0.6667,0,2,1,1671,22,0.2675,113.7,1,0,0,0
ORD_101_02178,PIN_044,Apparel,1,0.21428571428571427,0.19776119402985073,2.9689,0.2,0,1,1,574,42,0.245,81.42,1,0,0,0
ORD_101_02179,PIN_081,Apparel,0,0.375,0.19776119402985073,-0.402,0.6,0,2,1,163,30,0.3526,146.82,1,0,0,0
ORD_101_02180,PIN_021,Home,1,0.15151515151515152,0.03017241379310345,-1.7419,0.25,0,1,1,2,31,0.2287,49.98,1,0,0,0
ORD_101_02181,PIN_016,Electronics,0,0.20930232558139536,0.5535911602209945,-1.1999,0.6667,0,1,2,16,11,0.1537,24.71,1,0,0,1
ORD_101_02182,PIN_021,Apparel,0,0.15151515151515152,0.19776119402985073,3.4199,0.2,1,4,1,4,22,0.3523,46.44,1,0,0,0
ORD_101_02183,PIN_038,Books,0,0.14634146341463414,0.01764705882352941,-0.8433,0.25,0,4,1,572,51,0.2941,72.6,1,0,0,0
ORD_101_02184,PIN_063,Apparel,0,0.175,0.19776119402985073,0.7662,0.2,0,2,1,126,36,0.4727,123.22,1,0,0,0
ORD_101_02185,PIN_085,Beauty,0,0.25,0.02,0.729,0.1667,0,2,1,122,55,0.4914,162.42,0,0,0,0
ORD_101_02186,PIN_064,Apparel,0,0.13157894736842105,0.19776119402985073,4.0,0.2,0,3,1,4,37,0.3574,115.88,1,0,0,0
ORD_101_02187,PIN_085,Electronics,0,0.25,0.5535911602209945,-1.8791,0.3333,0,1,1,76,33,0.1186,152.53,1,0,0,0
ORD_101_02188,PIN_059,Electronics,0,0.21739130434782608,0.5535911602209945,-1.805,0.3333,0,0,1,544,64,0.3945,104.13,1,0,0,0
ORD_101_02189,PIN_039,Electronics,0,0.2647058823529412,0.5535911602209945,-1.8342,0.6667,0,3,1,388,31,0.3003,76.91,1,0,0,0
ORD_101_02190,PIN_062,Electronics,0,0.4,0.5535911602209945,-0.7915,0.3333,1,2,1,245,32,0.1541,103.35,1,0,0,0
ORD_101_02191,PIN_063,Electronics,0,0.175,0.5535911602209945,-1.1419,0.3333,0,3,1,101,28,0.1398,125.47,1,0,0,1
ORD_101_02192,PIN_055,Electronics,0,0.19047619047619047,0.5535911602209945,-1.8645,0.3333,0,2,1,295,53,0.401,101.94,0,0,0,0
ORD_101_02193,PIN_012,Apparel,0,0.2571428571428571,0.19776119402985073,2.1194,0.2,0,3,1,110,45,0.4389,40.55,1,0,0,0
ORD_101_02194,PIN_061,Apparel,0,0.45454545454545453,0.19776119402985073,-1.4879,0.2,0,4,1,258,26,0.4126,102.62,1,0,0,0
ORD_101_02195,PIN_074,Home,0,0.23076923076923078,0.03017241379310345,0.3226,0.25,1,5,1,178,56,0.4472,131.17,1,0,0,0
ORD_101_02196,PIN_006,Apparel,0,0.23529411764705882,0.19776119402985073,-1.0644,0.2,0,4,1,539,72,0.2327,12.94,0,0,0,0
ORD_101_02197,PIN_079,Apparel,0,0.2571428571428571,0.19776119402985073,-1.328,0.2,0,3,1,240,48,0.4221,140.37,0,0,0,0
ORD_101_02198,PIN_028,Electronics,1,0.0625,0.5535911602209945,-1.6425,0.3333,0,1,1,457,40,0.386,55.33,0,0,0,0
ORD_101_02199,PIN_029,Electronics,0,0.16666666666666666,0.5535911602209945,-1.833,0.3333,0,1,1,614,37,0.3294,57.88,0,0,0,0
ORD_101_02200,PIN_060,Electronics,1,0.25806451612903225,0.5535911602209945,-0.523,0.3333,0,4,1,54,23,0.406,116.7,0,0,0,0
ORD_101_02201,PIN_071,Apparel,0,0.43243243243243246,0.19776119402985073,0.0115,0.2,0,1,1,899,75,0.2881,112.71,1,0,0,0
ORD_101_02202,PIN_077,Home,0,0.358974358974359,0.03017241379310345,-1.7769,0.25,0,2,1,4,37,0.0825,145.68,0,0,0,0
ORD_101_02203,PIN_023,Electronics,0,0.1875,0.5535911602209945,-1.6127,0.6667,1,1,1,909,10,0.5238,48.83,0,0,0,0
ORD_101_02204,PIN_062,Electronics,0,0.4,0.5535911602209945,-1.0461,0.6667,1,4,1,108,59,0.6367,104.91,1,0,0,1
ORD_101_02205,PIN_086,Electronics,0,0.3783783783783784,0.5535911602209945,-0.1662,0.3333,0,1,1,41,59,0.5235,163.93,1,0,0,1
ORD_101_02206,PIN_083,Books,0,0.3404255319148936,0.01764705882352941,4.0,1.0,0,0,1,874,43,0.6298,127.83,1,0,0,0
ORD_101_02207,PIN_062,Electronics,0,0.4,0.5535911602209945,-1.6928,0.3333,1,1,1,62,38,0.2867,113.47,0,0,0,0
ORD_101_02208,PIN_082,Home,0,0.25,0.03017241379310345,0.3116,0.25,1,4,1,135,41,0.3008,142.72,1,0,0,0
ORD_101_02209,PIN_039,Apparel,0,0.2647058823529412,0.19776119402985073,1.7926,0.2,1,4,1,127,31,0.3834,76.83,0,0,0,0
ORD_101_02210,PIN_011,Electronics,0,0.10810810810810811,0.5535911602209945,-1.8831,0.6667,1,1,2,12,61,0.3115,25.65,0,0,0,0
ORD_101_02211,PIN_009,Beauty,1,0.23684210526315788,0.02,-0.4211,0.6667,0,2,1,424,64,0.2371,30.95,1,0,0,0
ORD_101_02212,PIN_031,Electronics,0,0.1875,0.5535911602209945,-1.5336,0.3333,1,1,1,67,71,0.0394,54.03,1,0,0,0
ORD_101_02213,PIN_011,Electronics,0,0.10810810810810811,0.5535911602209945,-1.241,0.6667,0,2,1,164,51,0.2721,18.64,1,0,0,0
ORD_101_02214,PIN_012,Apparel,0,0.2571428571428571,0.19776119402985073,0.7684,0.2,1,2,1,106,50,0.2316,30.01,1,0,0,0
ORD_101_02215,PIN_051,Home,0,0.375,0.03017241379310345,-1.45,0.25,1,1,1,261,22,0.3065,102.84,1,0,0,0
ORD_101_02216,PIN_005,Electronics,0,0.06666666666666667,0.5535911602209945,-1.7119,0.3333,0,3,2,511,24,0.2486,28.21,1,0,0,1
ORD_101_02217,PIN_068,Apparel,0,0.225,0.19776119402985073,-0.2674,0.2,1,1,1,53,52,0.3264,129.04,1,0,0,0
ORD_101_02218,PIN_012,Electronics,4,0.2571428571428571,0.5535911602209945,-1.2236,1.6667,0,2,1,120,59,0.1289,30.72,1,0,0,1
ORD_101_02219,PIN_047,Beauty,0,0.2727272727272727,0.02,1.3727,0.3333,0,2,1,1028,52,0.3474,79.35,0,0,0,0
ORD_101_02220,PIN_067,Electronics,0,0.19444444444444445,0.5535911602209945,-0.7369,0.3333,0,3,1,279,45,0.342,121.86,1,0,0,1
ORD_101_02221,PIN_042,Electronics,0,0.25,0.5535911602209945,-0.0597,0.6667,1,2,1,624,43,0.5381,82.71,0,0,0,0
ORD_101_02222,PIN_060,Apparel,0,0.25806451612903225,0.19776119402985073,2.9354,0.2,0,1,1,164,50,0.3401,119.54,1,0,0,0
ORD_101_02223,PIN_058,Apparel,0,0.28125,0.19776119402985073,4.0,0.4,0,4,1,534,26,0.4616,103.87,0,0,0,0
ORD_101_02224,PIN_072,Apparel,2,0.3548387096774194,0.19776119402985073,-0.3753,0.2,0,4,1,508,44,0.2151,138.13,0,0,0,0
ORD_101_02225,PIN_051,Home,0,0.375,0.03017241379310345,-1.1922,0.25,0,4,1,92,57,0.1776,93.56,1,0,0,0
ORD_101_02226,PIN_041,Electronics,1,0.21875,0.5535911602209945,-1.1875,2.0,1,1,1,19,35,0.3423,80.28,1,0,0,1
ORD_101_02227,PIN_061,Apparel,0,0.45454545454545453,0.19776119402985073,1.0049,0.2,0,2,2,102,46,0.3141,119.56,0,0,0,0
ORD_101_02228,PIN_001,Books,0,0.1282051282051282,0.01764705882352941,-0.7439,0.25,0,5,1,39,32,0.227,1.0,0,0,0,0
ORD_101_02229,PIN_075,Apparel,0,0.26666666666666666,0.19776119402985073,1.4082,0.2,0,2,2,315,33,0.2211,134.8,1,0,0,0
ORD_101_02230,PIN_077,Electronics,1,0.358974358974359,0.5535911602209945,-1.4658,0.3333,0,3,1,312,26,0.2811,149.97,1,0,0,1
ORD_101_02231,PIN_021,Home,0,0.15151515151515152,0.03017241379310345,0.3508,0.25,0,6,1,557,60,0.1508,52.11,1,0,0,0
ORD_101_02232,PIN_078,Apparel,0,0.2647058823529412,0.19776119402985073,-1.6201,1.4,0,2,1,52,77,0.3392,152.14,0,0,0,0
ORD_101_02233,PIN_069,Beauty,0,0.25806451612903225,0.02,0.2867,0.3333,0,4,1,338,42,0.4453,124.5,1,0,0,0
ORD_101_02234,PIN_079,Electronics,0,0.2571428571428571,0.5535911602209945,-1.6846,0.6667,1,1,1,43,22,0.173,166.84,0,0,0,0
ORD_101_02235,PIN_086,Books,1,0.3783783783783784,0.01764705882352941,1.3871,1.5,0,3,1,188,26,0.2374,171.59,0,0,0,0
ORD_101_02236,PIN_009,Apparel,1,0.23684210526315788,0.19776119402985073,-1.1465,0.2,0,1,1,167,65,0.6146,25.5,1,0,0,1
ORD_101_02237,PIN_032,Books,0,0.11538461538461539,0.01764705882352941,4.0,0.25,0,1,1,36,35,0.3983,66.31,1,0,0,0
ORD_101_02238,PIN_051,Apparel,0,0.375,0.19776119402985073,-0.9831,0.2,0,3,1,87,45,0.3242,112.43,1,0,0,0
ORD_101_02239,PIN_054,Apparel,1,0.34782608695652173,0.19776119402985073,4.0,0.2,0,0,1,62,42,0.1579,100.42,1,0,0,0
ORD_101_02240,PIN_082,Apparel,0,0.25,0.19776119402985073,-0.9534,1.6,0,2,1,268,18,0.2744,139.45,1,0,0,0
ORD_101_02241,PIN_061,Apparel,0,0.45454545454545453,0.19776119402985073,1.949,0.2,0,1,1,37,35,0.492,109.86,0,0,0,0
ORD_101_02242,PIN_050,Apparel,0,0.375,0.19776119402985073,-0.5956,0.2,0,3,1,133,51,0.2479,89.55,0,0,0,0
ORD_101_02243,PIN_063,Electronics,0,0.175,0.5535911602209945,-1.4676,0.3333,0,5,1,541,40,0.2388,113.64,1,0,0,0
ORD_101_02244,PIN_084,Beauty,0,0.28,0.02,4.0,0.1667,0,1,2,164,43,0.4497,144.55,0,0,0,0
ORD_101_02245,PIN_038,Electronics,0,0.14634146341463414,0.5535911602209945,-1.8525,0.3333,0,4,1,19,60,0.2045,76.7,1,0,0,1
ORD_101_02246,PIN_013,Beauty,0,0.16666666666666666,0.02,0.2256,0.1667,1,4,1,543,17,0.3777,27.04,1,0,0,0
ORD_101_02247,PIN_033,Apparel,0,0.15151515151515152,0.19776119402985073,1.5838,0.2,0,2,1,508,52,0.2725,65.03,1,0,0,0
ORD_101_02248,PIN_030,Beauty,0,0.09090909090909091,0.02,3.0494,0.1667,1,3,2,32,52,0.1397,56.95,1,0,0,0
ORD_101_02249,PIN_049,Home,0,0.23333333333333334,0.03017241379310345,-0.4277,1.75,0,3,1,39,47,0.7191,98.87,1,0,0,0
ORD_101_02250,PIN_042,Beauty,0,0.25,0.02,1.1873,0.1667,1,2,1,64,49,0.2735,76.94,0,0,0,0
ORD_101_02251,PIN_084,Apparel,0,0.28,0.19776119402985073,1.9135,0.2,1,5,1,2,55,0.1289,160.66,1,0,0,0
ORD_101_02252,PIN_076,Home,0,0.4117647058823529,0.03017241379310345,-1.3619,0.25,0,0,1,364,60,0.1759,155.53,0,0,0,0
ORD_101_02253,PIN_048,Apparel,0,0.21621621621621623,0.19776119402985073,0.0466,0.6,0,2,1,405,63,0.4904,90.0,1,0,0,0
ORD_101_02254,PIN_086,Electronics,1,0.3783783783783784,0.5535911602209945,-1.8788,0.6667,1,2,1,27,32,0.279,148.02,0,0,0,0
ORD_101_02255,PIN_028,Books,0,0.0625,0.01764705882352941,-0.0057,0.25,0,4,1,228,42,0.1491,59.85,1,0,0,0
ORD_101_02256,PIN_078,Electronics,1,0.2647058823529412,0.5535911602209945,-1.9042,0.6667,1,6,1,88,43,0.1624,142.59,1,0,0,1
ORD_101_02257,PIN_076,Apparel,0,0.4117647058823529,0.19776119402985073,0.4656,0.2,0,3,1,246,56,0.358,136.77,1,0,0,0
ORD_101_02258,PIN_035,Beauty,0,0.05714285714285714,0.02,0.8991,0.1667,1,2,1,45,34,0.2709,70.42,1,0,0,0
ORD_101_02259,PIN_009,Apparel,0,0.23684210526315788,0.19776119402985073,4.0,0.4,1,4,1,571,56,0.2382,36.05,1,0,0,0
ORD_101_02260,PIN_074,Electronics,1,0.23076923076923078,0.5535911602209945,-1.0153,0.3333,0,2,1,74,59,0.4495,142.34,1,0,0,1
ORD_101_02261,PIN_031,Books,0,0.1875,0.01764705882352941,-0.8363,0.5,0,1,1,557,55,0.403,66.21,1,0,0,0
ORD_101_02262,PIN_043,Home,0,0.34615384615384615,0.03017241379310345,-1.6082,0.25,0,4,1,40,25,0.45,92.06,1,0,0,0
ORD_101_02263,PIN_080,Books,0,0.32,0.01764705882352941,4.0,0.25,0,5,1,785,32,0.2262,137.34,0,0,0,0
ORD_101_02264,PIN_062,Books,0,0.4,0.01764705882352941,4.0,0.25,0,0,1,586,26,0.1352,107.16,0,0,0,0
ORD_101_02265,PIN_086,Apparel,0,0.3783783783783784,0.19776119402985073,-0.005,0.2,0,1,1,93,51,0.2332,178.56,1,0,0,0
ORD_101_02266,PIN_029,Books,0,0.16666666666666666,0.01764705882352941,1.9577,0.25,0,4,1,564,33,0.5256,68.68,0,0,0,0
ORD_101_02267,PIN_006,Home,0,0.23529411764705882,0.03017241379310345,-1.2267,0.25,0,2,1,48,47,0.0961,2.68,0,0,0,0
ORD_101_02268,PIN_024,Electronics,0,0.26666666666666666,0.5535911602209945,-0.8939,0.3333,0,3,1,169,55,0.3738,48.5,1,0,0,1
ORD_101_02269,PIN_058,Apparel,0,0.28125,0.19776119402985073,4.0,0.2,0,3,1,170,36,0.3845,113.05,1,0,0,0
ORD_101_02270,PIN_075,Home,0,0.26666666666666666,0.03017241379310345,-1.4858,0.25,0,1,2,153,47,0.2423,134.38,1,0,0,0
ORD_101_02271,PIN_017,Books,0,0.24242424242424243,0.01764705882352941,-0.7083,0.5,0,1,1,350,54,0.1824,47.51,0,0,0,0
ORD_101_02272,PIN_007,Home,0,0.125,0.03017241379310345,-0.8572,2.5,0,1,1,214,33,0.5696,37.24,0,0,0,0
ORD_101_02273,PIN_015,Apparel,0,0.1724137931034483,0.19776119402985073,3.6765,0.8,1,2,1,378,62,0.5099,23.68,0,0,0,0
ORD_101_02274,PIN_081,Home,0,0.375,0.03017241379310345,0.8481,0.25,0,3,1,471,49,0.0919,138.05,0,0,0,0
ORD_101_02275,PIN_010,Apparel,0,0.24444444444444444,0.19776119402985073,3.7399,0.4,0,2,1,146,23,0.2497,21.02,1,0,0,0
ORD_101_02276,PIN_046,Home,0,0.23529411764705882,0.03017241379310345,-0.4538,1.75,0,4,1,48,77,0.5124,87.9,0,0,0,0
ORD_101_02277,PIN_016,Electronics,2,0.20930232558139536,0.5535911602209945,-1.7515,0.3333,1,2,1,469,40,0.4678,37.12,1,0,0,1
ORD_101_02278,PIN_040,Electronics,0,0.21428571428571427,0.5535911602209945,1.3158,0.3333,0,1,2,129,66,0.0956,79.19,0,0,0,0
ORD_101_02279,PIN_031,Electronics,0,0.1875,0.5535911602209945,-0.5387,0.3333,0,2,1,182,58,0.4492,49.41,1,0,0,1
ORD_101_02280,PIN_073,Beauty,0,0.25,0.02,-0.8528,0.1667,0,2,1,14,61,0.2048,122.96,1,0,0,0
ORD_101_02281,PIN_018,Books,0,0.18421052631578946,0.01764705882352941,4.0,0.25,1,4,1,207,41,0.1389,37.28,0,0,0,0
ORD_101_02282,PIN_038,Electronics,0,0.14634146341463414,0.5535911602209945,-1.2362,0.3333,0,1,1,71,67,0.4922,92.34,1,0,0,1
ORD_101_02283,PIN_056,Apparel,2,0.25,0.19776119402985073,-1.652,0.2,0,2,1,77,25,0.6135,109.99,1,0,0,1
ORD_101_02284,PIN_045,Beauty,0,0.2777777777777778,0.02,-0.231,0.1667,0,2,1,129,44,0.0725,91.03,0,0,0,0
ORD_101_02285,PIN_014,Home,0,0.20689655172413793,0.03017241379310345,-0.0609,0.25,0,1,1,172,39,0.0805,28.97,1,0,0,0
ORD_101_02286,PIN_081,Electronics,0,0.375,0.5535911602209945,0.5383,0.3333,0,1,1,128,24,0.1788,147.21,1,0,0,0
ORD_101_02287,PIN_022,Home,0,0.15384615384615385,0.03017241379310345,-0.9956,0.25,0,3,1,0,77,0.3256,59.26,0,0,0,0
ORD_101_02288,PIN_059,Apparel,0,0.21739130434782608,0.19776119402985073,1.7217,1.6,1,1,1,203,60,0.26,102.73,1,0,0,0
ORD_101_02289,PIN_007,Beauty,0,0.125,0.02,4.0,0.1667,0,3,1,244,44,0.4294,23.65,1,0,0,0
ORD_101_02290,PIN_062,Beauty,0,0.4,0.02,1.4306,0.3333,1,2,1,138,77,0.2497,128.33,1,0,0,0
ORD_101_02291,PIN_042,Electronics,2,0.25,0.5535911602209945,-1.232,0.3333,1,1,1,896,20,0.275,77.16,1,0,0,1
ORD_101_02292,PIN_019,Beauty,0,0.13513513513513514,0.02,3.0977,0.1667,0,1,1,585,48,0.0762,36.26,1,0,0,0
ORD_101_02293,PIN_018,Apparel,0,0.18421052631578946,0.19776119402985073,4.0,0.2,0,3,1,1,38,0.433,31.67,1,0,0,0
ORD_101_02294,PIN_035,Electronics,0,0.05714285714285714,0.5535911602209945,-1.891,0.3333,0,1,1,1250,82,0.3572,73.57,1,0,0,0
ORD_101_02295,PIN_028,Home,0,0.0625,0.03017241379310345,-0.3392,0.25,0,1,3,556,18,0.0653,51.26,1,0,0,0
ORD_101_02296,PIN_086,Electronics,0,0.3783783783783784,0.5535911602209945,-1.5075,0.3333,0,2,1,454,42,0.4174,152.83,0,0,0,0
ORD_101_02297,PIN_089,Electronics,0,0.3888888888888889,0.5535911602209945,-0.9778,1.0,1,2,1,330,24,0.2197,163.04,0,0,0,0
ORD_101_02298,PIN_036,Electronics,1,0.3,0.5535911602209945,-0.55,1.0,0,1,1,145,61,0.4775,76.71,1,0,0,1
ORD_101_02299,PIN_040,Books,1,0.21428571428571427,0.01764705882352941,-0.9815,0.25,0,1,1,507,23,0.3187,70.95,1,0,0,0
ORD_101_02300,PIN_039,Books,0,0.2647058823529412,0.01764705882352941,1.3471,0.25,0,2,1,717,34,0.6358,75.17,0,0,0,0
ORD_101_02301,PIN_008,Books,0,0.14285714285714285,0.01764705882352941,0.9256,0.25,0,1,1,343,16,0.0436,23.14,1,0,0,0
ORD_101_02302,PIN_052,Electronics,0,0.2571428571428571,0.5535911602209945,-1.6647,0.3333,1,2,1,721,63,0.1588,94.56,1,0,0,0
ORD_101_02303,PIN_069,Beauty,0,0.25806451612903225,0.02,-0.7364,0.5,0,3,1,410,39,0.1077,130.25,1,0,0,0
ORD_101_02304,PIN_021,Home,0,0.15151515151515152,0.03017241379310345,-1.3293,0.25,0,3,1,274,46,0.171,46.18,1,0,0,0
ORD_101_02305,PIN_047,Apparel,0,0.2727272727272727,0.19776119402985073,0.4982,0.2,1,1,1,414,54,0.3105,88.33,0,0,0,0
ORD_101_02306,PIN_023,Electronics,0,0.1875,0.5535911602209945,-1.8971,0.6667,0,1,1,1398,61,0.1005,44.63,0,0,0,0
ORD_101_02307,PIN_057,Apparel,2,0.25,0.19776119402985073,-0.8777,0.2,1,3,1,169,48,0.5384,89.01,0,0,0,0
ORD_101_02308,PIN_041,Electronics,0,0.21875,0.5535911602209945,-1.3149,0.3333,1,2,1,371,65,0.3397,81.92,1,0,0,0
ORD_101_02309,PIN_003,Apparel,0,0.275,0.19776119402985073,-1.5148,0.2,0,5,1,403,45,0.0612,10.54,0,0,0,0
ORD_101_02310,PIN_007,Books,0,0.125,0.01764705882352941,4.0,0.25,0,3,1,223,29,0.5426,26.51,1,0,0,0
ORD_101_02311,PIN_054,Books,0,0.34782608695652173,0.01764705882352941,3.1871,0.25,0,5,1,74,55,0.2373,115.3,0,0,0,0
ORD_101_02312,PIN_027,Apparel,0,0.1875,0.19776119402985073,0.207,0.2,0,2,1,268,24,0.2756,54.4,1,0,0,0
ORD_101_02313,PIN_090,Apparel,0,0.42424242424242425,0.19776119402985073,4.0,0.2,0,4,1,149,28,0.2344,161.2,1,0,0,0
ORD_101_02314,PIN_076,Home,0,0.4117647058823529,0.03017241379310345,-1.4883,0.5,0,0,1,197,41,0.2842,150.94,0,0,0,0
ORD_101_02315,PIN_057,Electronics,0,0.25,0.5535911602209945,-1.3692,3.3333,0,2,1,88,55,0.0151,107.6,1,0,0,0
ORD_101_02316,PIN_048,Apparel,1,0.21621621621621623,0.19776119402985073,4.0,0.2,0,1,2,63,67,0.4676,88.0,0,0,0,0
ORD_101_02317,PIN_021,Apparel,0,0.15151515151515152,0.19776119402985073,0.947,0.4,0,4,1,303,11,0.3682,48.5,0,0,0,0
ORD_101_02318,PIN_028,Beauty,0,0.0625,0.02,4.0,1.6667,0,0,1,211,84,0.312,50.23,0,0,0,0
ORD_101_02319,PIN_035,Apparel,0,0.05714285714285714,0.19776119402985073,1.6262,0.2,0,4,1,73,51,0.3518,80.71,1,0,0,0
ORD_101_02320,PIN_013,Home,0,0.16666666666666666,0.03017241379310345,1.1016,0.25,0,2,1,60,68,0.1015,26.51,0,0,0,0
ORD_101_02321,PIN_064,Electronics,0,0.13157894736842105,0.5535911602209945,-1.7003,0.3333,0,4,1,74,50,0.3214,110.29,1,0,0,1
ORD_101_02322,PIN_087,Books,0,0.23333333333333334,0.01764705882352941,1.4076,0.25,0,1,1,345,26,0.1749,164.1,0,0,0,0
ORD_101_02323,PIN_045,Home,0,0.2777777777777778,0.03017241379310345,-0.9536,1.25,0,2,1,68,49,0.6723,93.12,1,0,0,0
ORD_101_02324,PIN_085,Apparel,0,0.25,0.19776119402985073,-0.4227,0.2,0,1,1,260,56,0.3661,164.11,0,0,0,0
ORD_101_02325,PIN_090,Beauty,0,0.42424242424242425,0.02,0.2268,0.1667,0,3,1,172,48,0.1283,177.9,1,0,0,0
ORD_101_02326,PIN_028,Electronics,0,0.0625,0.5535911602209945,-1.59,0.3333,0,4,1,557,37,0.1708,65.81,1,0,0,0
ORD_101_02327,PIN_039,Beauty,0,0.2647058823529412,0.02,0.1444,1.0,1,3,1,525,53,0.2908,76.92,1,0,0,0
ORD_101_02328,PIN_031,Electronics,0,0.1875,0.5535911602209945,-1.4563,0.3333,0,2,1,504,55,0.2487,57.09,1,0,0,0
ORD_101_02329,PIN_070,Home,1,0.2682926829268293,0.03017241379310345,1.6938,0.5,1,4,1,1557,46,0.0914,129.23,1,0,0,0
ORD_101_02330,PIN_054,Books,0,0.34782608695652173,0.01764705882352941,4.0,0.5,0,1,1,265,44,0.3639,96.85,1,0,0,0
ORD_101_02331,PIN_057,Apparel,1,0.25,0.19776119402985073,1.1504,0.2,0,2,1,659,23,0.2112,104.0,1,0,0,0
ORD_101_02332,PIN_062,Electronics,0,0.4,0.5535911602209945,-1.2714,0.3333,1,4,1,299,46,0.3309,121.14,1,0,0,1
ORD_101_02333,PIN_024,Home,0,0.26666666666666666,0.03017241379310345,-1.4609,0.25,0,4,1,995,39,0.2957,30.67,0,0,0,0
ORD_101_02334,PIN_056,Apparel,0,0.25,0.19776119402985073,2.5864,0.4,0,3,1,225,72,0.1027,106.18,1,0,0,0
ORD_101_02335,PIN_012,Apparel,2,0.2571428571428571,0.19776119402985073,0.8384,0.2,0,2,2,271,42,0.6643,26.23,0,0,0,0
ORD_101_02336,PIN_082,Electronics,0,0.25,0.5535911602209945,-1.2354,0.3333,0,2,1,89,45,0.3055,146.49,0,0,0,0
ORD_101_02337,PIN_032,Apparel,0,0.11538461538461539,0.19776119402985073,-1.1618,0.2,0,4,1,482,28,0.2533,68.35,1,0,0,0
ORD_101_02338,PIN_090,Beauty,0,0.42424242424242425,0.02,1.4496,0.1667,1,0,1,211,75,0.2825,168.98,0,0,0,0
ORD_101_02339,PIN_003,Electronics,0,0.275,0.5535911602209945,-1.5271,1.3333,0,1,1,159,40,0.5481,28.52,1,0,0,1
ORD_101_02340,PIN_043,Apparel,1,0.34615384615384615,0.19776119402985073,-1.5656,0.2,0,3,1,89,35,0.4718,78.58,1,0,0,1
ORD_101_02341,PIN_036,Books,0,0.3,0.01764705882352941,4.0,2.5,1,2,1,1073,16,0.0883,78.28,1,0,0,0
ORD_101_02342,PIN_041,Apparel,0,0.21875,0.19776119402985073,-0.2431,0.2,0,5,1,75,28,0.4862,85.41,1,0,0,1
ORD_101_02343,PIN_077,Home,1,0.358974358974359,0.03017241379310345,-1.3302,0.25,1,4,1,558,16,0.2371,131.0,1,0,0,0
ORD_101_02344,PIN_014,Books,0,0.20689655172413793,0.01764705882352941,0.8464,0.5,0,3,2,142,21,0.2225,38.16,1,0,0,0
ORD_101_02345,PIN_067,Books,0,0.19444444444444445,0.01764705882352941,4.0,1.0,0,3,2,214,38,0.0918,120.95,1,0,0,0
ORD_101_02346,PIN_019,Beauty,1,0.13513513513513514,0.02,-0.7958,1.6667,0,5,1,164,59,0.2318,44.66,1,0,0,0
ORD_101_02347,PIN_022,Apparel,0,0.15384615384615385,0.19776119402985073,4.0,0.2,0,4,1,163,81,0.1723,38.37,1,0,0,0
ORD_101_02348,PIN_072,Home,0,0.3548387096774194,0.03017241379310345,-1.1521,0.25,0,1,1,164,70,0.1606,129.66,1,0,0,0
ORD_101_02349,PIN_073,Beauty,1,0.25,0.02,-1.2911,0.1667,1,3,1,109,49,0.1222,134.42,1,0,0,0
ORD_101_02350,PIN_026,Books,0,0.1891891891891892,0.01764705882352941,4.0,0.5,1,0,1,303,32,0.1886,57.82,1,0,0,0
ORD_101_02351,PIN_014,Electronics,0,0.20689655172413793,0.5535911602209945,-1.6029,0.6667,0,3,1,12,57,0.5875,24.79,0,0,0,0
ORD_101_02352,PIN_009,Apparel,3,0.23684210526315788,0.19776119402985073,-0.9117,0.2,0,1,1,200,70,0.2622,24.04,1,0,0,1
ORD_101_02353,PIN_025,Apparel,0,0.21052631578947367,0.19776119402985073,-1.3122,0.4,0,4,1,957,51,0.6613,48.51,1,0,0,0
ORD_101_02354,PIN_017,Books,0,0.24242424242424243,0.01764705882352941,1.5698,0.25,0,2,1,430,28,0.548,31.39,0,0,0,0
ORD_101_02355,PIN_085,Books,0,0.25,0.01764705882352941,4.0,0.25,0,6,1,112,59,0.2424,145.87,1,0,0,0
ORD_101_02356,PIN_045,Books,0,0.2777777777777778,0.01764705882352941,4.0,0.25,1,3,1,1676,13,0.3283,96.13,1,0,0,0
ORD_101_02357,PIN_010,Electronics,0,0.24444444444444444,0.5535911602209945,-1.9216,0.3333,1,2,1,7,30,0.3819,21.79,1,0,0,1
ORD_101_02358,PIN_034,Electronics,0,0.22580645161290322,0.5535911602209945,-0.8656,0.3333,0,6,1,60,60,0.5523,75.5,1,0,0,1
ORD_101_02359,PIN_034,Beauty,2,0.22580645161290322,0.02,1.1456,0.1667,1,5,1,92,12,0.1744,72.62,1,0,0,1
ORD_101_02360,PIN_001,Apparel,1,0.1282051282051282,0.19776119402985073,-0.3727,0.2,0,3,1,277,28,0.4337,9.69,1,0,0,1
ORD_101_02361,PIN_067,Electronics,0,0.19444444444444445,0.5535911602209945,-1.2621,0.3333,0,5,1,216,46,0.2015,118.01,1,0,0,1
ORD_101_02362,PIN_066,Apparel,0,0.34210526315789475,0.19776119402985073,-0.1061,0.2,0,0,1,140,33,0.3342,119.12,1,0,0,0
ORD_101_02363,PIN_057,Electronics,1,0.25,0.5535911602209945,-1.359,0.3333,1,4,1,541,27,0.132,93.01,1,0,0,1
ORD_101_02364,PIN_040,Electronics,0,0.21428571428571427,0.5535911602209945,-1.8782,0.3333,0,5,1,119,43,0.451,87.21,0,0,0,0
ORD_101_02365,PIN_084,Apparel,0,0.28,0.19776119402985073,-0.4488,0.2,0,4,1,1074,35,0.5578,136.93,0,0,0,0
ORD_101_02366,PIN_051,Beauty,1,0.375,0.02,4.0,0.1667,0,3,1,745,52,0.742,112.11,1,0,0,0
ORD_101_02367,PIN_013,Apparel,0,0.16666666666666666,0.19776119402985073,-0.8504,0.2,0,4,1,35,34,0.3266,38.74,1,0,0,0
ORD_101_02368,PIN_037,Apparel,0,0.21875,0.19776119402985073,3.4431,0.2,0,4,1,205,52,0.487,76.17,1,0,0,0
ORD_101_02369,PIN_038,Home,0,0.14634146341463414,0.03017241379310345,-1.5847,0.25,0,0,1,198,40,0.0816,74.21,1,0,0,0
ORD_101_02370,PIN_027,Books,0,0.1875,0.01764705882352941,4.0,0.25,0,2,1,182,43,0.2097,74.98,1,0,0,0
ORD_101_02371,PIN_063,Apparel,0,0.175,0.19776119402985073,-1.5687,0.2,0,6,1,89,33,0.2761,108.47,1,0,0,0
ORD_101_02372,PIN_041,Home,1,0.21875,0.03017241379310345,-0.8765,0.25,0,0,1,326,35,0.2809,72.86,1,0,0,0
ORD_101_02373,PIN_044,Electronics,0,0.21428571428571427,0.5535911602209945,-1.7909,0.3333,0,4,2,564,49,0.088,82.15,1,0,0,0
ORD_101_02374,PIN_005,Apparel,0,0.06666666666666667,0.19776119402985073,2.7574,0.2,0,4,1,246,49,0.2177,3.84,1,0,0,0
ORD_101_02375,PIN_020,Books,0,0.2413793103448276,0.01764705882352941,-0.855,0.5,0,2,1,239,53,0.463,37.75,0,0,0,0
ORD_101_02376,PIN_080,Electronics,0,0.32,0.5535911602209945,-1.3465,0.3333,0,4,1,162,28,0.0799,147.53,0,0,0,0
ORD_101_02377,PIN_060,Apparel,0,0.25806451612903225,0.19776119402985073,-0.86,0.6,0,1,1,795,80,0.1274,123.62,0,0,0,0
ORD_101_02378,PIN_028,Apparel,1,0.0625,0.19776119402985073,-1.075,0.4,0,4,1,100,46,0.165,53.23,0,0,0,0
ORD_101_02379,PIN_047,Apparel,0,0.2727272727272727,0.19776119402985073,1.4312,0.6,1,4,1,49,42,0.5037,72.19,1,0,0,1
ORD_101_02380,PIN_005,Electronics,0,0.06666666666666667,0.5535911602209945,-1.849,0.3333,0,3,1,341,47,0.3773,9.71,0,0,0,0
ORD_101_02381,PIN_028,Electronics,0,0.0625,0.5535911602209945,-1.5189,0.3333,0,0,1,704,33,0.121,52.88,1,0,0,0
ORD_101_02382,PIN_062,Electronics,2,0.4,0.5535911602209945,-0.8786,0.3333,0,5,1,1418,48,0.3907,112.45,1,0,0,1
ORD_101_02383,PIN_037,Apparel,0,0.21875,0.19776119402985073,3.5024,0.2,1,3,1,227,52,0.2465,72.52,1,0,0,0
ORD_101_02384,PIN_028,Home,0,0.0625,0.03017241379310345,2.9338,0.25,0,2,1,1109,29,0.0478,64.3,1,0,0,0
ORD_101_02385,PIN_066,Beauty,0,0.34210526315789475,0.02,1.0919,0.1667,0,3,1,45,32,0.4095,124.97,1,0,0,0
ORD_101_02386,PIN_044,Apparel,0,0.21428571428571427,0.19776119402985073,4.0,0.4,0,0,1,39,42,0.0675,86.47,1,0,0,0
ORD_101_02387,PIN_061,Electronics,0,0.45454545454545453,0.5535911602209945,-1.7098,0.6667,1,2,1,74,53,0.2035,109.26,0,0,0,0
ORD_101_02388,PIN_069,Books,0,0.25806451612903225,0.01764705882352941,1.0452,0.75,0,2,1,611,47,0.3266,116.61,0,0,0,0
ORD_101_02389,PIN_032,Electronics,3,0.11538461538461539,0.5535911602209945,-1.3387,0.3333,0,0,1,436,14,0.1119,55.13,0,0,0,0
ORD_101_02390,PIN_071,Electronics,1,0.43243243243243246,0.5535911602209945,-1.2044,0.3333,0,3,1,284,45,0.2785,126.49,1,0,0,1
ORD_101_02391,PIN_040,Home,0,0.21428571428571427,0.03017241379310345,-0.8224,0.25,0,0,1,536,61,0.2685,76.83,0,0,0,0
ORD_101_02392,PIN_049,Electronics,1,0.23333333333333334,0.5535911602209945,-1.3832,0.3333,0,1,1,363,26,0.4321,94.15,0,0,0,0
ORD_101_02393,PIN_043,Electronics,0,0.34615384615384615,0.5535911602209945,-1.8819,0.3333,0,2,1,197,54,0.2806,83.36,1,0,0,0
ORD_101_02394,PIN_085,Electronics,0,0.25,0.5535911602209945,-1.4461,1.0,0,3,1,653,57,0.3136,161.34,1,0,0,0
ORD_101_02395,PIN_070,Books,0,0.2682926829268293,0.01764705882352941,4.0,0.25,0,1,1,943,63,0.6013,123.63,0,0,0,0
ORD_101_02396,PIN_061,Electronics,0,0.45454545454545453,0.5535911602209945,-1.4867,0.3333,1,1,1,92,56,0.5166,115.37,1,0,0,1
ORD_101_02397,PIN_043,Home,0,0.34615384615384615,0.03017241379310345,-1.7224,0.25,0,1,1,789,25,0.1227,84.18,1,0,0,0
ORD_101_02398,PIN_058,Beauty,0,0.28125,0.02,2.6582,0.1667,0,2,1,1753,55,0.3742,109.01,1,0,0,0
ORD_101_02399,PIN_086,Beauty,0,0.3783783783783784,0.02,-0.1029,0.1667,1,3,1,86,40,0.1657,167.25,1,0,0,0
ORD_101_02400,PIN_081,Apparel,1,0.375,0.19776119402985073,-1.23,0.2,0,4,1,177,52,0.0944,140.76,1,0,0,0
ORD_101_02401,PIN_034,Electronics,0,0.22580645161290322,0.5535911602209945,-1.7785,0.3333,0,4,1,23,73,0.4423,79.07,1,0,0,1
ORD_101_02402,PIN_042,Apparel,0,0.25,0.19776119402985073,-1.431,0.2,0,4,1,146,45,0.0696,82.26,1,0,0,0
ORD_101_02403,PIN_067,Books,0,0.19444444444444445,0.01764705882352941,4.0,0.25,0,2,1,20,75,0.3315,117.17,0,0,0,0
ORD_101_02404,PIN_032,Electronics,0,0.11538461538461539,0.5535911602209945,-1.8834,0.6667,0,2,1,248,43,0.2426,59.74,1,0,0,0
ORD_101_02405,PIN_037,Home,2,0.21875,0.03017241379310345,-1.3548,0.25,0,1,1,38,74,0.4454,66.49,1,0,0,0
ORD_101_02406,PIN_090,Home,0,0.42424242424242425,0.03017241379310345,0.3466,0.25,0,2,1,41,45,0.2017,145.13,1,0,0,0
ORD_101_02407,PIN_084,Home,0,0.28,0.03017241379310345,-1.3159,1.0,0,4,1,81,39,0.2441,148.88,1,0,0,0
ORD_101_02408,PIN_026,Books,0,0.1891891891891892,0.01764705882352941,4.0,0.25,0,4,1,296,44,0.3091,60.09,0,0,0,0
ORD_101_02409,PIN_030,Apparel,0,0.09090909090909091,0.19776119402985073,-0.4001,0.4,0,1,1,676,41,0.383,56.85,0,0,0,0
ORD_101_02410,PIN_044,Books,0,0.21428571428571427,0.01764705882352941,4.0,0.25,1,2,1,352,71,0.0367,80.53,1,0,0,0
ORD_101_02411,PIN_048,Electronics,1,0.21621621621621623,0.5535911602209945,-1.8917,0.3333,1,1,1,485,22,0.5337,101.56,1,0,0,1
ORD_101_02412,PIN_076,Electronics,0,0.4117647058823529,0.5535911602209945,-1.1439,0.3333,0,5,1,85,37,0.4875,137.82,1,0,0,1
ORD_101_02413,PIN_010,Home,0,0.24444444444444444,0.03017241379310345,-1.2593,0.5,0,3,1,45,47,0.1318,19.42,0,0,0,0
ORD_101_02414,PIN_043,Home,0,0.34615384615384615,0.03017241379310345,-1.3418,0.25,0,3,1,85,37,0.4297,75.32,0,0,0,0
ORD_101_02415,PIN_049,Electronics,0,0.23333333333333334,0.5535911602209945,-1.6471,0.3333,0,5,1,348,60,0.3143,78.95,1,0,0,0
ORD_101_02416,PIN_056,Beauty,0,0.25,0.02,1.0431,0.1667,0,1,1,155,41,0.0805,100.96,0,0,0,0
ORD_101_02417,PIN_006,Electronics,0,0.23529411764705882,0.5535911602209945,-1.8217,0.3333,0,4,2,540,21,0.154,23.3,1,0,0,1
ORD_101_02418,PIN_018,Home,0,0.18421052631578946,0.03017241379310345,-1.4359,0.25,0,4,1,222,68,0.7036,38.65,1,0,0,0
ORD_101_02419,PIN_018,Beauty,1,0.18421052631578946,0.02,-1.2763,0.1667,0,2,2,133,41,0.0816,23.32,1,0,0,0
ORD_101_02420,PIN_023,Electronics,1,0.1875,0.5535911602209945,-0.4875,0.3333,0,2,1,48,24,0.3614,48.65,0,0,0,0
ORD_101_02421,PIN_078,Apparel,0,0.2647058823529412,0.19776119402985073,-1.4436,0.2,0,4,1,668,25,0.2084,140.68,0,0,0,0
ORD_101_02422,PIN_035,Home,0,0.05714285714285714,0.03017241379310345,-1.2791,0.25,1,4,1,816,39,0.233,70.43,1,0,0,0
ORD_101_02423,PIN_085,Beauty,0,0.25,0.02,3.7868,0.1667,0,4,1,687,44,0.3879,144.1,0,0,0,0
ORD_101_02424,PIN_090,Electronics,0,0.42424242424242425,0.5535911602209945,-0.7499,0.3333,0,5,1,29,59,0.2198,158.93,1,0,0,1
ORD_101_02425,PIN_016,Electronics,1,0.20930232558139536,0.5535911602209945,-1.7125,0.3333,0,3,1,141,31,0.2547,43.62,0,0,0,0
ORD_101_02426,PIN_065,Books,0,0.2619047619047619,0.01764705882352941,-0.5231,0.25,0,0,2,171,65,0.5133,124.09,1,0,0,0
ORD_101_02427,PIN_001,Apparel,0,0.1282051282051282,0.19776119402985073,4.0,0.2,0,2,1,403,39,0.1125,15.73,1,0,0,0
ORD_101_02428,PIN_026,Home,0,0.1891891891891892,0.03017241379310345,0.3108,0.5,0,1,1,463,34,0.4236,57.36,1,0,0,0
ORD_101_02429,PIN_045,Home,0,0.2777777777777778,0.03017241379310345,1.6035,0.25,0,1,1,354,32,0.1134,82.54,1,0,0,0
ORD_101_02430,PIN_068,Books,0,0.225,0.01764705882352941,2.4699,0.25,1,0,1,161,47,0.2536,127.2,1,0,0,0
ORD_101_02431,PIN_017,Electronics,0,0.24242424242424243,0.5535911602209945,-1.7254,0.3333,0,3,1,333,23,0.1708,33.97,0,0,0,0
ORD_101_02432,PIN_074,Apparel,0,0.23076923076923078,0.19776119402985073,4.0,0.2,0,2,1,516,13,0.3443,132.6,1,0,0,0
ORD_101_02433,PIN_086,Books,0,0.3783783783783784,0.01764705882352941,4.0,0.25,1,7,1,450,32,0.5071,149.24,1,0,0,0
ORD_101_02434,PIN_089,Electronics,0,0.3888888888888889,0.5535911602209945,-1.2646,0.6667,0,4,1,27,26,0.2617,161.63,1,0,0,1
ORD_101_02435,PIN_001,Electronics,0,0.1282051282051282,0.5535911602209945,-1.3215,0.6667,0,3,2,1079,52,0.4607,23.17,1,0,0,0
ORD_101_02436,PIN_018,Apparel,0,0.18421052631578946,0.19776119402985073,2.0865,0.2,0,3,1,114,39,0.1497,41.12,1,0,0,0
ORD_101_02437,PIN_012,Apparel,0,0.2571428571428571,0.19776119402985073,3.7637,0.2,0,4,1,231,62,0.0596,40.91,1,0,0,0
ORD_101_02438,PIN_090,Books,0,0.42424242424242425,0.01764705882352941,-0.5396,0.25,1,1,1,48,58,0.2731,147.83,1,0,0,0
ORD_101_02439,PIN_047,Apparel,0,0.2727272727272727,0.19776119402985073,-1.3504,0.2,0,2,1,245,37,0.1265,93.12,1,0,0,0
ORD_101_02440,PIN_053,Apparel,0,0.22857142857142856,0.19776119402985073,4.0,0.2,0,3,1,567,55,0.0636,102.01,1,0,0,0
ORD_101_02441,PIN_064,Electronics,0,0.13157894736842105,0.5535911602209945,-1.3202,2.0,0,2,1,188,44,0.0448,119.09,1,0,0,0
ORD_101_02442,PIN_047,Apparel,0,0.2727272727272727,0.19776119402985073,4.0,2.0,0,1,1,405,46,0.2453,83.17,0,0,0,0
ORD_101_02443,PIN_026,Home,0,0.1891891891891892,0.03017241379310345,-1.6244,0.25,1,3,1,142,28,0.2482,52.67,1,0,0,0
ORD_101_02444,PIN_040,Electronics,0,0.21428571428571427,0.5535911602209945,-1.5377,0.3333,0,0,1,28,12,0.1225,86.51,0,0,0,0
ORD_101_02445,PIN_062,Apparel,0,0.4,0.19776119402985073,4.0,0.2,0,6,1,274,50,0.2791,114.76,0,0,0,0
ORD_101_02446,PIN_066,Electronics,0,0.34210526315789475,0.5535911602209945,-1.5757,0.3333,0,3,1,294,20,0.2598,129.24,1,0,0,1
ORD_101_02447,PIN_014,Electronics,0,0.20689655172413793,0.5535911602209945,-1.8275,0.3333,0,7,1,61,39,0.2246,29.47,0,0,0,0
ORD_101_02448,PIN_089,Electronics,1,0.3888888888888889,0.5535911602209945,-1.414,0.3333,0,2,1,73,58,0.1153,160.8,1,0,0,1
ORD_101_02449,PIN_055,Apparel,0,0.19047619047619047,0.19776119402985073,0.6055,0.6,0,4,1,1301,28,0.6206,112.14,0,0,0,0
ORD_101_02450,PIN_054,Home,0,0.34782608695652173,0.03017241379310345,0.3425,0.25,0,4,1,204,66,0.3433,105.37,0,0,0,0
ORD_101_02451,PIN_050,Electronics,0,0.375,0.5535911602209945,-1.7626,1.0,0,1,1,53,63,0.3343,89.47,0,0,0,0
ORD_101_02452,PIN_053,Apparel,0,0.22857142857142856,0.19776119402985073,1.4957,0.2,0,3,1,347,45,0.3567,92.82,0,0,0,0
ORD_101_02453,PIN_075,Apparel,0,0.26666666666666666,0.19776119402985073,-1.2278,0.2,0,4,1,52,53,0.3433,146.23,1,0,0,0
ORD_101_02454,PIN_085,Apparel,1,0.25,0.19776119402985073,-1.2845,0.2,0,2,1,79,40,0.3041,161.38,1,0,0,1
ORD_101_02455,PIN_013,Home,0,0.16666666666666666,0.03017241379310345,-1.6139,0.5,0,1,1,330,10,0.335,30.58,1,0,0,0
ORD_101_02456,PIN_072,Apparel,0,0.3548387096774194,0.19776119402985073,4.0,0.2,0,2,1,91,34,0.5208,127.96,1,0,0,1
ORD_101_02457,PIN_015,Beauty,0,0.1724137931034483,0.02,-0.2714,1.5,0,1,1,328,54,0.2369,34.21,0,0,0,0
ORD_101_02458,PIN_058,Apparel,0,0.28125,0.19776119402985073,2.3293,0.2,0,3,1,72,38,0.3855,98.94,1,0,0,0
ORD_101_02459,PIN_046,Electronics,0,0.23529411764705882,0.5535911602209945,-1.5412,0.3333,0,2,1,232,34,0.2138,72.08,0,0,0,0
ORD_101_02460,PIN_008,Beauty,0,0.14285714285714285,0.02,1.8195,0.8333,0,1,1,123,27,0.1996,20.7,1,0,0,0
ORD_101_02461,PIN_059,Electronics,0,0.21739130434782608,0.5535911602209945,-1.6461,2.0,0,3,1,384,45,0.2858,110.92,0,0,0,0
ORD_101_02462,PIN_048,Books,0,0.21621621621621623,0.01764705882352941,1.7187,0.75,0,2,1,578,75,0.1479,90.82,1,0,0,0
ORD_101_02463,PIN_057,Electronics,0,0.25,0.5535911602209945,-1.4087,0.3333,0,2,1,497,44,0.4261,105.57,0,0,0,0
ORD_101_02464,PIN_001,Electronics,0,0.1282051282051282,0.5535911602209945,-0.9443,0.3333,0,2,1,281,54,0.2475,6.77,0,0,0,0
ORD_101_02465,PIN_078,Electronics,0,0.2647058823529412,0.5535911602209945,-0.0857,0.3333,0,3,1,154,60,0.483,147.37,1,0,0,1
ORD_101_02466,PIN_021,Apparel,0,0.15151515151515152,0.19776119402985073,0.1456,0.2,0,1,1,316,27,0.28,56.19,0,0,0,0
ORD_101_02467,PIN_035,Home,0,0.05714285714285714,0.03017241379310345,-0.658,0.25,0,4,1,154,42,0.137,51.51,1,0,0,0
ORD_101_02468,PIN_055,Beauty,0,0.19047619047619047,0.02,-1.25,0.1667,0,4,1,24,38,0.2622,108.7,1,0,0,0
ORD_101_02469,PIN_081,Apparel,0,0.375,0.19776119402985073,0.0438,0.2,0,0,1,208,46,0.3307,155.25,1,0,0,0
ORD_101_02470,PIN_063,Home,0,0.175,0.03017241379310345,0.2875,0.75,0,1,1,79,66,0.2948,108.36,1,0,0,0
ORD_101_02471,PIN_055,Home,0,0.19047619047619047,0.03017241379310345,-1.0146,0.25,0,2,1,180,46,0.4303,102.27,1,0,0,0
ORD_101_02472,PIN_028,Apparel,0,0.0625,0.19776119402985073,3.9039,0.2,0,3,1,152,57,0.2115,52.97,1,0,0,0
ORD_101_02473,PIN_082,Apparel,0,0.25,0.19776119402985073,4.0,0.2,0,2,1,247,58,0.3614,142.14,1,0,0,0
ORD_101_02474,PIN_071,Home,0,0.43243243243243246,0.03017241379310345,-1.6401,0.25,0,2,1,106,81,0.2039,135.82,0,0,0,0
ORD_101_02475,PIN_090,Books,0,0.42424242424242425,0.01764705882352941,3.1923,0.25,0,5,1,60,24,0.1813,173.36,0,0,0,0
ORD_101_02476,PIN_082,Electronics,0,0.25,0.5535911602209945,-1.835,1.0,0,2,1,14,67,0.2248,144.17,1,0,0,1
ORD_101_02477,PIN_037,Home,0,0.21875,0.03017241379310345,4.0,0.25,0,1,1,219,55,0.3531,95.25,0,0,0,0
ORD_101_02478,PIN_035,Home,0,0.05714285714285714,0.03017241379310345,0.4235,0.25,0,1,1,132,20,0.0359,69.89,0,0,0,0
ORD_101_02479,PIN_043,Electronics,2,0.34615384615384615,0.5535911602209945,-1.8822,0.3333,0,4,1,559,36,0.3117,77.41,1,0,0,1
ORD_101_02480,PIN_054,Apparel,0,0.34782608695652173,0.19776119402985073,0.3885,0.2,0,2,3,135,55,0.1149,109.65,0,0,0,0
ORD_101_02481,PIN_085,Home,0,0.25,0.03017241379310345,-1.8096,0.25,0,3,1,12,51,0.1907,171.92,1,0,0,0
ORD_101_02482,PIN_062,Apparel,0,0.4,0.19776119402985073,4.0,0.2,0,1,1,275,39,0.4942,112.54,0,0,0,0
ORD_101_02483,PIN_068,Apparel,0,0.225,0.19776119402985073,1.7218,0.2,1,3,1,12,58,0.2939,118.12,1,0,0,0
ORD_101_02484,PIN_052,Books,0,0.2571428571428571,0.01764705882352941,4.0,0.75,0,3,1,42,38,0.2221,115.72,1,0,0,0
ORD_101_02485,PIN_073,Beauty,0,0.25,0.02,2.6039,0.5,0,5,1,50,38,0.4223,138.67,1,0,0,0
ORD_101_02486,PIN_087,Apparel,0,0.23333333333333334,0.19776119402985073,4.0,0.6,0,0,1,358,39,0.0337,161.97,0,0,0,0
ORD_101_02487,PIN_035,Apparel,0,0.05714285714285714,0.19776119402985073,1.5422,0.2,0,4,1,536,56,0.1743,79.31,0,0,0,0
ORD_101_02488,PIN_015,Electronics,0,0.1724137931034483,0.5535911602209945,-1.058,0.6667,0,1,1,515,33,0.3856,29.28,1,0,0,0
ORD_101_02489,PIN_063,Home,0,0.175,0.03017241379310345,-1.5899,0.25,0,0,1,874,57,0.1183,128.18,1,0,0,0
ORD_101_02490,PIN_087,Home,0,0.23333333333333334,0.03017241379310345,3.8714,0.25,0,2,1,186,54,0.4945,150.31,1,0,0,0
ORD_101_02491,PIN_033,Books,0,0.15151515151515152,0.01764705882352941,4.0,0.25,0,1,1,499,49,0.487,62.63,1,0,0,0
ORD_101_02492,PIN_064,Books,0,0.13157894736842105,0.01764705882352941,3.9694,0.25,1,3,1,362,44,0.3537,114.88,0,0,0,0
ORD_101_02493,PIN_020,Home,0,0.2413793103448276,0.03017241379310345,2.5666,0.5,0,1,1,905,24,0.1652,50.14,1,0,0,0
ORD_101_02494,PIN_036,Apparel,0,0.3,0.19776119402985073,0.9247,0.4,0,2,1,149,57,0.2181,81.14,0,0,0,0
ORD_101_02495,PIN_025,Apparel,0,0.21052631578947367,0.19776119402985073,0.2142,0.2,0,3,2,366,11,0.2823,50.55,1,0,0,0
ORD_101_02496,PIN_056,Apparel,0,0.25,0.19776119402985073,-1.229,1.0,0,2,1,872,51,0.1706,110.5,1,0,0,0
ORD_101_02497,PIN_062,Home,0,0.4,0.03017241379310345,-1.6073,1.75,0,2,1,371,29,0.4074,121.97,1,0,0,0
ORD_101_02498,PIN_026,Apparel,1,0.1891891891891892,0.19776119402985073,0.3181,0.2,0,3,1,61,45,0.5253,40.48,1,0,0,1
ORD_101_02499,PIN_077,Home,1,0.358974358974359,0.03017241379310345,-1.0,0.25,1,4,1,31,21,0.1465,141.59,1,0,0,0
ORD_101_02500,PIN_043,Books,0,0.34615384615384615,0.01764705882352941,4.0,0.25,0,1,1,46,63,0.4104,93.27,0,0,0,0
ORD_101_02501,PIN_059,Apparel,0,0.21739130434782608,0.19776119402985073,0.8881,0.2,0,2,1,353,66,0.3108,109.12,1,0,0,0
ORD_101_02502,PIN_089,Books,0,0.3888888888888889,0.01764705882352941,1.1778,0.25,0,2,2,42,41,0.1595,141.4,1,0,0,0
ORD_101_02503,PIN_023,Apparel,0,0.1875,0.19776119402985073,-0.1623,0.2,0,1,1,1237,54,0.2745,55.07,1,0,0,0
ORD_101_02504,PIN_078,Apparel,0,0.2647058823529412,0.19776119402985073,3.7331,0.2,0,4,1,139,54,0.3535,146.45,1,0,0,0
ORD_101_02505,PIN_048,Apparel,0,0.21621621621621623,0.19776119402985073,-0.627,0.2,1,4,1,322,43,0.2654,104.22,1,0,0,0
ORD_101_02506,PIN_038,Electronics,0,0.14634146341463414,0.5535911602209945,-1.6872,1.3333,0,1,1,123,49,0.0917,70.99,1,0,0,0
ORD_101_02507,PIN_017,Books,0,0.24242424242424243,0.01764705882352941,4.0,0.25,0,1,1,17,44,0.0938,28.73,0,0,0,0
ORD_101_02508,PIN_045,Apparel,0,0.2777777777777778,0.19776119402985073,2.2886,0.2,0,4,1,147,19,0.2511,86.25,0,0,0,0
ORD_101_02509,PIN_052,Electronics,0,0.2571428571428571,0.5535911602209945,-1.3457,1.3333,0,1,2,117,21,0.0753,98.65,1,0,0,1
ORD_101_02510,PIN_007,Books,0,0.125,0.01764705882352941,4.0,0.25,0,3,1,3,37,0.5264,17.23,1,0,0,0
ORD_101_02511,PIN_039,Apparel,0,0.2647058823529412,0.19776119402985073,4.0,0.6,0,4,2,479,37,0.4266,77.58,1,0,0,1
ORD_101_02512,PIN_021,Apparel,0,0.15151515151515152,0.19776119402985073,-1.5327,0.2,0,1,1,569,77,0.0513,47.15,1,0,0,0
ORD_101_02513,PIN_011,Electronics,0,0.10810810810810811,0.5535911602209945,-1.4372,0.6667,0,4,1,688,33,0.4084,28.45,1,0,0,0
ORD_101_02514,PIN_057,Electronics,0,0.25,0.5535911602209945,-1.7714,0.6667,0,2,1,145,52,0.1663,116.86,1,0,0,0
ORD_101_02515,PIN_066,Electronics,0,0.34210526315789475,0.5535911602209945,-1.7535,0.3333,0,1,1,148,59,0.395,106.42,1,0,0,0
ORD_101_02516,PIN_027,Electronics,1,0.1875,0.5535911602209945,-1.1226,0.3333,0,1,1,869,13,0.2325,39.71,1,0,0,0
ORD_101_02517,PIN_015,Apparel,0,0.1724137931034483,0.19776119402985073,1.1682,2.0,0,2,1,42,54,0.1894,23.69,0,0,0,0
ORD_101_02518,PIN_018,Electronics,0,0.18421052631578946,0.5535911602209945,-1.8023,0.3333,1,2,1,426,47,0.2317,44.26,0,0,0,0
ORD_101_02519,PIN_001,Apparel,0,0.1282051282051282,0.19776119402985073,1.9107,0.2,0,3,1,687,31,0.3089,15.21,0,0,0,0
ORD_101_02520,PIN_029,Apparel,0,0.16666666666666666,0.19776119402985073,-0.6482,0.2,0,3,1,160,51,0.1515,65.9,1,0,0,0
ORD_101_02521,PIN_010,Electronics,0,0.24444444444444444,0.5535911602209945,-0.7941,0.3333,0,0,1,528,49,0.1588,25.29,1,0,0,0
ORD_101_02522,PIN_070,Electronics,0,0.2682926829268293,0.5535911602209945,-0.1496,0.3333,0,3,1,118,58,0.3214,129.69,0,0,0,0
ORD_101_02523,PIN_048,Books,0,0.21621621621621623,0.01764705882352941,4.0,0.25,0,3,2,67,58,0.2267,99.76,1,0,0,0
ORD_101_02524,PIN_086,Electronics,0,0.3783783783783784,0.5535911602209945,-0.916,3.3333,0,5,1,116,46,0.3188,153.37,1,0,0,1
ORD_101_02525,PIN_010,Electronics,0,0.24444444444444444,0.5535911602209945,-1.4986,0.3333,0,5,1,483,54,0.4521,36.14,1,0,0,1
ORD_101_02526,PIN_014,Apparel,0,0.20689655172413793,0.19776119402985073,4.0,0.2,0,1,1,81,29,0.1521,25.7,1,0,0,0
ORD_101_02527,PIN_009,Beauty,0,0.23684210526315788,0.02,-0.58,0.5,0,2,1,140,37,0.1726,29.08,0,0,0,0
ORD_101_02528,PIN_063,Apparel,0,0.175,0.19776119402985073,0.9387,1.4,1,3,1,460,31,0.5345,107.91,1,0,0,0
ORD_101_02529,PIN_082,Electronics,2,0.25,0.5535911602209945,-1.5396,0.6667,0,4,1,197,52,0.3744,131.73,1,0,0,1
ORD_101_02530,PIN_033,Home,0,0.15151515151515152,0.03017241379310345,-0.4591,0.25,0,4,1,43,30,0.1985,65.13,1,0,0,0
ORD_101_02531,PIN_065,Electronics,0,0.2619047619047619,0.5535911602209945,-1.7058,1.3333,0,6,1,262,62,0.2744,125.48,1,0,0,1
ORD_101_02532,PIN_005,Electronics,0,0.06666666666666667,0.5535911602209945,-0.3296,0.6667,1,3,1,158,35,0.2305,13.64,0,0,0,0
ORD_101_02533,PIN_020,Home,0,0.2413793103448276,0.03017241379310345,-0.1797,0.25,0,0,1,89,40,0.2464,41.66,0,0,0,0
ORD_101_02534,PIN_037,Home,0,0.21875,0.03017241379310345,1.1405,0.25,0,2,1,226,31,0.0963,67.3,1,0,0,0
ORD_101_02535,PIN_049,Beauty,0,0.23333333333333334,0.02,1.0601,0.1667,0,2,1,402,67,0.3922,98.43,1,0,0,0
ORD_101_02536,PIN_066,Books,1,0.34210526315789475,0.01764705882352941,0.1153,0.25,0,1,1,506,25,0.0383,122.07,1,0,0,0
ORD_101_02537,PIN_076,Books,0,0.4117647058823529,0.01764705882352941,4.0,0.25,0,4,1,290,50,0.1741,126.43,1,0,0,0
ORD_101_02538,PIN_004,Electronics,0,0.21212121212121213,0.5535911602209945,-1.8995,1.6667,0,2,2,285,52,0.509,15.78,0,0,0,0
ORD_101_02539,PIN_071,Home,0,0.43243243243243246,0.03017241379310345,-0.876,0.25,0,1,1,384,31,0.1043,126.45,1,0,0,0
ORD_101_02540,PIN_048,Electronics,0,0.21621621621621623,0.5535911602209945,-1.6614,0.6667,1,5,1,308,52,0.3206,104.44,0,0,0,0
ORD_101_02541,PIN_010,Books,1,0.24444444444444444,0.01764705882352941,0.7248,2.5,0,2,1,250,28,0.3512,23.25,1,0,0,0
ORD_101_02542,PIN_005,Home,1,0.06666666666666667,0.03017241379310345,0.1539,0.25,0,2,1,858,29,0.0968,13.7,1,0,0,0
ORD_101_02543,PIN_073,Books,0,0.25,0.01764705882352941,4.0,0.25,1,0,1,6,56,0.1301,134.53,1,0,0,0
ORD_101_02544,PIN_077,Apparel,0,0.358974358974359,0.19776119402985073,-1.1256,0.2,1,4,1,911,77,0.4145,152.63,0,0,0,0
ORD_101_02545,PIN_081,Electronics,0,0.375,0.5535911602209945,-0.9018,0.3333,0,0,1,50,36,0.6607,154.52,0,0,0,0
ORD_101_02546,PIN_081,Apparel,0,0.375,0.19776119402985073,0.0998,0.2,1,3,1,1099,74,0.4118,138.98,0,0,0,0
ORD_101_02547,PIN_003,Apparel,0,0.275,0.19776119402985073,-0.0901,0.2,0,1,1,142,41,0.2404,18.14,1,0,0,0
ORD_101_02548,PIN_017,Apparel,0,0.24242424242424243,0.19776119402985073,4.0,0.2,0,0,1,216,53,0.272,42.95,0,0,0,0
ORD_101_02549,PIN_073,Electronics,0,0.25,0.5535911602209945,-1.5354,0.3333,0,4,1,525,25,0.1064,143.9,0,0,0,0
ORD_101_02550,PIN_071,Electronics,0,0.43243243243243246,0.5535911602209945,-0.9678,1.3333,0,4,1,83,66,0.4517,130.92,1,0,0,1
ORD_101_02551,PIN_026,Electronics,0,0.1891891891891892,0.5535911602209945,-1.7814,0.3333,1,2,1,240,34,0.6724,57.03,0,0,0,0
ORD_101_02552,PIN_029,Electronics,2,0.16666666666666666,0.5535911602209945,-1.7337,0.6667,1,1,1,103,64,0.2821,64.24,0,0,0,0
ORD_101_02553,PIN_008,Beauty,0,0.14285714285714285,0.02,1.4973,0.1667,0,4,3,957,62,0.0765,14.64,0,0,0,0
ORD_101_02554,PIN_077,Electronics,2,0.358974358974359,0.5535911602209945,-1.9204,0.3333,1,2,1,64,36,0.2079,146.14,1,0,0,1
ORD_101_02555,PIN_034,Electronics,0,0.22580645161290322,0.5535911602209945,-0.5283,0.3333,0,2,1,117,30,0.2493,64.66,0,0,0,0
ORD_101_02556,PIN_044,Home,0,0.21428571428571427,0.03017241379310345,-1.0944,0.25,0,3,1,250,46,0.3723,78.05,1,0,0,0
ORD_101_02557,PIN_051,Electronics,0,0.375,0.5535911602209945,1.1128,0.3333,1,5,2,114,54,0.3197,85.42,1,0,0,1
ORD_101_02558,PIN_020,Electronics,0,0.2413793103448276,0.5535911602209945,-1.615,1.6667,1,6,1,237,17,0.3194,43.92,1,0,0,1
ORD_101_02559,PIN_050,Apparel,0,0.375,0.19776119402985073,2.652,0.2,0,1,1,952,52,0.3126,100.05,1,0,0,0
ORD_101_02560,PIN_047,Electronics,0,0.2727272727272727,0.5535911602209945,-0.3365,0.3333,0,1,1,26,41,0.483,88.04,1,0,0,1
ORD_101_02561,PIN_040,Electronics,1,0.21428571428571427,0.5535911602209945,-0.5022,1.3333,0,4,1,238,80,0.3744,83.22,0,0,0,0
ORD_101_02562,PIN_054,Electronics,1,0.34782608695652173,0.5535911602209945,-1.1267,0.3333,0,2,1,259,54,0.1471,98.09,0,0,0,0
ORD_101_02563,PIN_072,Beauty,0,0.3548387096774194,0.02,-0.2252,0.1667,1,2,1,266,52,0.2463,128.43,0,0,0,0
ORD_101_02564,PIN_083,Apparel,0,0.3404255319148936,0.19776119402985073,1.1611,0.2,0,2,1,198,45,0.3973,166.93,0,0,0,0
ORD_101_02565,PIN_042,Beauty,0,0.25,0.02,-0.7122,0.8333,1,3,1,279,19,0.1903,84.1,1,0,0,0
ORD_101_02566,PIN_041,Books,1,0.21875,0.01764705882352941,1.3274,0.25,1,4,1,213,46,0.3054,86.5,0,0,0,0
ORD_101_02567,PIN_090,Beauty,2,0.42424242424242425,0.02,-0.1127,1.0,0,2,1,120,29,0.3487,151.67,1,0,0,1
ORD_101_02568,PIN_005,Apparel,0,0.06666666666666667,0.19776119402985073,-0.5558,0.2,0,0,1,213,22,0.1983,22.65,1,0,0,0
ORD_101_02569,PIN_085,Apparel,0,0.25,0.19776119402985073,2.7997,0.6,1,4,1,305,54,0.4633,167.12,1,0,0,0
ORD_101_02570,PIN_042,Electronics,0,0.25,0.5535911602209945,-1.1107,0.6667,0,3,1,458,39,0.4554,88.8,1,0,0,1
ORD_101_02571,PIN_064,Electronics,0,0.13157894736842105,0.5535911602209945,-0.4503,0.3333,0,4,1,363,43,0.1804,110.4,0,0,0,0
ORD_101_02572,PIN_044,Beauty,0,0.21428571428571427,0.02,-0.4041,0.1667,1,1,1,402,10,0.2224,100.83,1,0,0,0
ORD_101_02573,PIN_084,Apparel,0,0.28,0.19776119402985073,2.8177,0.2,1,2,1,44,40,0.36,149.92,1,0,0,0
ORD_101_02574,PIN_046,Apparel,1,0.23529411764705882,0.19776119402985073,-1.6117,0.2,1,4,1,155,28,0.3079,72.51,1,0,0,1
ORD_101_02575,PIN_008,Books,0,0.14285714285714285,0.01764705882352941,4.0,0.5,0,3,1,529,63,0.4446,29.12,0,0,0,0
ORD_101_02576,PIN_067,Electronics,0,0.19444444444444445,0.5535911602209945,-1.4034,0.3333,0,2,1,770,52,0.4099,127.63,1,0,0,0
ORD_101_02577,PIN_041,Home,0,0.21875,0.03017241379310345,-1.6134,0.25,0,3,1,390,55,0.1409,79.48,0,0,0,0
ORD_101_02578,PIN_051,Apparel,0,0.375,0.19776119402985073,0.5335,0.2,1,4,1,334,48,0.2572,92.46,0,0,0,0
ORD_101_02579,PIN_077,Electronics,1,0.358974358974359,0.5535911602209945,-1.4428,0.3333,0,2,1,478,56,0.1148,121.1,0,0,0,0
ORD_101_02580,PIN_073,Apparel,0,0.25,0.19776119402985073,-0.2717,0.2,0,0,1,30,46,0.3178,130.29,1,0,0,0
ORD_101_02581,PIN_054,Apparel,0,0.34782608695652173,0.19776119402985073,1.6362,0.2,0,2,1,297,65,0.1143,107.17,0,0,0,0
ORD_101_02582,PIN_004,Electronics,1,0.21212121212121213,0.5535911602209945,-1.4357,1.6667,0,2,1,556,27,0.6938,12.66,0,0,0,0
ORD_101_02583,PIN_085,Electronics,0,0.25,0.5535911602209945,-1.1034,0.3333,1,2,1,456,53,0.2107,145.67,1,0,0,0
ORD_101_02584,PIN_028,Apparel,0,0.0625,0.19776119402985073,4.0,0.2,0,1,1,156,26,0.3706,50.88,1,0,0,0
ORD_101_02585,PIN_030,Apparel,1,0.09090909090909091,0.19776119402985073,0.4819,0.2,1,0,1,168,27,0.0312,56.44,1,0,0,0
ORD_101_02586,PIN_077,Apparel,0,0.358974358974359,0.19776119402985073,0.7382,1.2,0,2,1,448,51,0.1448,145.23,0,0,0,0
ORD_101_02587,PIN_017,Home,1,0.24242424242424243,0.03017241379310345,0.2443,0.25,0,7,1,48,53,0.6246,36.62,1,0,0,1
ORD_101_02588,PIN_004,Books,0,0.21212121212121213,0.01764705882352941,-0.4627,0.5,0,1,1,81,53,0.2969,16.04,1,0,0,0
ORD_101_02589,PIN_077,Apparel,1,0.358974358974359,0.19776119402985073,4.0,0.4,0,3,1,113,61,0.1381,128.1,1,0,0,0
ORD_101_02590,PIN_052,Apparel,1,0.2571428571428571,0.19776119402985073,3.7679,0.2,0,3,1,88,56,0.3798,102.55,0,0,0,0
ORD_101_02591,PIN_045,Apparel,0,0.2777777777777778,0.19776119402985073,-0.8187,1.2,0,1,1,453,55,0.2929,69.38,1,0,0,0
ORD_101_02592,PIN_060,Home,1,0.25806451612903225,0.03017241379310345,0.8178,0.25,0,4,1,69,39,0.1811,125.89,1,0,0,0
ORD_101_02593,PIN_060,Apparel,1,0.25806451612903225,0.19776119402985073,-0.2308,0.2,0,1,1,196,43,0.3818,127.82,1,0,0,1
ORD_101_02594,PIN_008,Beauty,0,0.14285714285714285,0.02,4.0,0.5,0,7,1,383,36,0.33,25.84,0,0,0,0
ORD_101_02595,PIN_060,Apparel,0,0.25806451612903225,0.19776119402985073,1.2135,0.2,0,3,1,422,52,0.0681,111.33,0,0,0,0
ORD_101_02596,PIN_042,Apparel,0,0.25,0.19776119402985073,1.7538,0.2,0,1,1,300,56,0.2532,80.97,1,0,0,0
ORD_101_02597,PIN_041,Electronics,1,0.21875,0.5535911602209945,-1.2099,0.3333,0,4,1,93,49,0.32,81.96,1,0,0,1
ORD_101_02598,PIN_058,Books,0,0.28125,0.01764705882352941,3.5379,0.5,0,3,1,712,39,0.0584,109.15,1,0,0,0
ORD_101_02599,PIN_061,Home,0,0.45454545454545453,0.03017241379310345,-1.7982,2.5,0,2,2,1248,38,0.1751,125.05,1,0,0,0
ORD_101_02600,PIN_088,Beauty,0,0.29411764705882354,0.02,4.0,0.5,0,2,1,208,78,0.3462,163.41,1,0,0,0
ORD_101_02601,PIN_064,Apparel,0,0.13157894736842105,0.19776119402985073,4.0,1.6,0,3,1,427,58,0.4288,124.46,1,0,0,0
ORD_101_02602,PIN_085,Home,0,0.25,0.03017241379310345,-1.7649,0.25,1,1,1,129,26,0.2189,161.08,0,0,0,0
ORD_101_02603,PIN_044,Electronics,2,0.21428571428571427,0.5535911602209945,-1.6396,0.3333,0,0,1,45,74,0.4963,85.97,1,0,0,1
ORD_101_02604,PIN_069,Apparel,0,0.25806451612903225,0.19776119402985073,4.0,0.2,1,4,1,296,34,0.219,124.03,1,0,0,0
ORD_101_02605,PIN_002,Electronics,0,0.15,0.5535911602209945,-1.7813,0.3333,0,4,1,412,30,0.6371,6.45,0,0,0,0
ORD_101_02606,PIN_029,Beauty,0,0.16666666666666666,0.02,-1.3987,0.1667,0,4,1,133,47,0.1093,53.76,0,0,0,0
ORD_101_02607,PIN_039,Electronics,0,0.2647058823529412,0.5535911602209945,-1.6167,0.3333,0,2,1,441,50,0.4054,78.49,1,0,0,0
ORD_101_02608,PIN_068,Electronics,0,0.225,0.5535911602209945,-1.4492,0.3333,0,2,1,597,61,0.2079,132.99,0,0,0,0
ORD_101_02609,PIN_056,Electronics,0,0.25,0.5535911602209945,-1.3183,0.3333,0,1,1,409,50,0.4002,94.37,1,0,0,0
ORD_101_02610,PIN_081,Electronics,0,0.375,0.5535911602209945,-1.813,0.3333,0,3,1,46,55,0.2374,149.9,1,0,0,1
ORD_101_02611,PIN_022,Beauty,1,0.15384615384615385,0.02,1.2202,0.1667,0,4,1,365,59,0.2386,46.63,1,0,0,0
ORD_101_02612,PIN_005,Books,0,0.06666666666666667,0.01764705882352941,4.0,0.25,1,0,1,49,72,0.3031,22.22,1,0,0,0
ORD_101_02613,PIN_035,Books,0,0.05714285714285714,0.01764705882352941,1.7267,0.25,0,3,1,827,50,0.4331,58.45,1,0,0,0
ORD_101_02614,PIN_078,Beauty,0,0.2647058823529412,0.02,-1.1474,0.1667,1,1,1,111,52,0.1848,157.48,0,0,0,0
ORD_101_02615,PIN_073,Books,0,0.25,0.01764705882352941,4.0,0.5,0,2,1,133,25,0.4232,129.74,0,0,0,0
ORD_101_02616,PIN_083,Books,0,0.3404255319148936,0.01764705882352941,4.0,0.25,0,1,1,176,67,0.3895,145.6,1,0,0,0
ORD_101_02617,PIN_064,Electronics,0,0.13157894736842105,0.5535911602209945,-1.8763,0.3333,1,3,1,525,38,0.1579,128.55,1,0,0,0
ORD_101_02618,PIN_067,Home,1,0.19444444444444445,0.03017241379310345,-0.5894,0.75,0,3,1,1,45,0.0798,133.62,0,0,0,0
ORD_101_02619,PIN_050,Apparel,0,0.375,0.19776119402985073,4.0,0.2,0,0,1,268,59,0.1908,91.95,0,0,0,0
ORD_101_02620,PIN_071,Electronics,0,0.43243243243243246,0.5535911602209945,-1.7728,0.3333,0,4,1,107,44,0.1981,118.01,1,0,0,1
ORD_101_02621,PIN_060,Beauty,1,0.25806451612903225,0.02,-0.9054,0.1667,0,2,1,386,75,0.1233,110.41,0,0,0,0
ORD_101_02622,PIN_050,Home,0,0.375,0.03017241379310345,-0.7127,0.25,0,0,1,72,53,0.2534,98.88,0,0,0,0
ORD_101_02623,PIN_063,Apparel,0,0.175,0.19776119402985073,4.0,0.2,0,3,1,59,30,0.0864,111.24,0,0,0,0
ORD_101_02624,PIN_054,Electronics,0,0.34782608695652173,0.5535911602209945,-1.6419,0.3333,0,3,1,39,67,0.3115,106.94,1,0,0,1
ORD_101_02625,PIN_018,Electronics,0,0.18421052631578946,0.5535911602209945,-1.6619,0.3333,1,3,1,225,73,0.2309,51.01,1,0,0,0
ORD_101_02626,PIN_067,Beauty,0,0.19444444444444445,0.02,1.3294,0.1667,0,3,1,263,54,0.1063,120.32,1,0,0,0
ORD_101_02627,PIN_027,Apparel,0,0.1875,0.19776119402985073,2.7657,0.2,1,4,1,159,52,0.3543,56.08,1,0,0,0
ORD_101_02628,PIN_054,Electronics,0,0.34782608695652173,0.5535911602209945,-0.5714,0.3333,0,2,1,21,41,0.0261,100.43,1,0,0,0
ORD_101_02629,PIN_076,Electronics,0,0.4117647058823529,0.5535911602209945,-1.46,0.3333,1,4,1,536,31,0.0896,134.94,0,0,0,0
ORD_101_02630,PIN_076,Apparel,1,0.4117647058823529,0.19776119402985073,3.9433,1.6,0,5,1,877,55,0.2876,159.38,0,0,0,0
ORD_101_02631,PIN_001,Home,0,0.1282051282051282,0.03017241379310345,-0.5847,0.25,0,2,1,261,29,0.3664,11.72,1,0,0,0
ORD_101_02632,PIN_022,Electronics,0,0.15384615384615385,0.5535911602209945,-1.3556,0.3333,0,7,1,1223,49,0.3327,47.77,1,0,0,0
ORD_101_02633,PIN_058,Books,0,0.28125,0.01764705882352941,1.5175,0.25,0,5,1,56,25,0.4644,104.33,1,0,0,0
ORD_101_02634,PIN_043,Apparel,0,0.34615384615384615,0.19776119402985073,0.4455,0.2,0,0,1,85,40,0.2801,86.2,0,0,0,0
ORD_101_02635,PIN_073,Beauty,0,0.25,0.02,1.5443,0.3333,0,3,4,583,33,0.227,127.26,1,0,0,0
ORD_101_02636,PIN_080,Home,0,0.32,0.03017241379310345,-1.4293,0.5,0,3,1,502,49,0.2148,137.88,0,0,0,0
ORD_101_02637,PIN_077,Home,0,0.358974358974359,0.03017241379310345,4.0,0.25,0,2,1,53,64,0.3459,125.01,1,0,0,0
ORD_101_02638,PIN_083,Electronics,1,0.3404255319148936,0.5535911602209945,-1.0882,0.3333,0,4,1,135,55,0.4037,132.25,0,0,0,0
ORD_101_02639,PIN_089,Books,0,0.3888888888888889,0.01764705882352941,4.0,1.25,0,2,1,640,47,0.1997,166.41,1,0,0,0
ORD_101_02640,PIN_045,Electronics,0,0.2777777777777778,0.5535911602209945,-1.7987,0.3333,0,5,1,712,38,0.0941,87.48,0,0,0,0
ORD_101_02641,PIN_034,Apparel,0,0.22580645161290322,0.19776119402985073,0.2678,0.2,0,5,1,167,42,0.1439,75.69,0,0,0,0
ORD_101_02642,PIN_087,Apparel,0,0.23333333333333334,0.19776119402985073,4.0,0.6,0,1,1,271,43,0.2901,163.89,1,0,0,0
ORD_101_02643,PIN_001,Electronics,0,0.1282051282051282,0.5535911602209945,-1.4806,0.3333,0,0,1,171,55,0.4347,13.77,1,0,0,0
ORD_101_02644,PIN_025,Electronics,0,0.21052631578947367,0.5535911602209945,-1.5934,0.3333,0,1,1,186,57,0.3873,49.9,1,0,0,0
ORD_101_02645,PIN_022,Home,0,0.15384615384615385,0.03017241379310345,0.7292,0.25,0,2,1,220,54,0.5155,41.09,1,0,0,0
ORD_101_02646,PIN_088,Books,0,0.29411764705882354,0.01764705882352941,2.6827,0.5,0,2,1,30,31,0.129,160.6,1,0,0,0
ORD_101_02647,PIN_016,Books,0,0.20930232558139536,0.01764705882352941,4.0,0.5,0,2,1,27,12,0.2258,31.06,0,0,0,0
ORD_101_02648,PIN_038,Apparel,0,0.14634146341463414,0.19776119402985073,0.7765,0.2,0,5,1,99,32,0.1197,68.6,1,0,0,0
ORD_101_02649,PIN_052,Electronics,0,0.2571428571428571,0.5535911602209945,-1.3691,1.3333,1,2,1,127,33,0.2833,95.42,0,0,0,0
ORD_101_02650,PIN_010,Apparel,0,0.24444444444444444,0.19776119402985073,-0.0134,1.2,1,0,1,138,27,0.2629,28.5,0,0,0,0
ORD_101_02651,PIN_013,Electronics,0,0.16666666666666666,0.5535911602209945,-1.8364,0.3333,0,0,2,639,44,0.2571,23.58,1,0,0,0
ORD_101_02652,PIN_042,Electronics,0,0.25,0.5535911602209945,-1.2501,0.3333,0,1,1,21,45,0.0686,81.12,1,0,0,0
ORD_101_02653,PIN_070,Apparel,0,0.2682926829268293,0.19776119402985073,4.0,0.2,0,4,1,24,61,0.3709,119.87,1,0,0,0
ORD_101_02654,PIN_015,Apparel,1,0.1724137931034483,0.19776119402985073,-1.1113,2.0,0,1,1,135,27,0.1058,23.29,0,0,0,0
ORD_101_02655,PIN_008,Apparel,0,0.14285714285714285,0.19776119402985073,1.336,0.4,0,1,2,424,55,0.358,36.94,1,0,0,0
ORD_101_02656,PIN_080,Electronics,0,0.32,0.5535911602209945,-1.3263,0.3333,1,1,2,153,52,0.3463,145.31,0,0,0,0
ORD_101_02657,PIN_083,Beauty,0,0.3404255319148936,0.02,-0.0053,0.1667,1,4,1,696,49,0.2699,146.11,1,0,0,0
ORD_101_02658,PIN_041,Apparel,0,0.21875,0.19776119402985073,1.8498,0.2,0,3,1,929,56,0.6021,84.77,1,0,0,0
ORD_101_02659,PIN_042,Home,0,0.25,0.03017241379310345,-0.6623,0.25,0,2,1,636,44,0.3381,77.83,1,0,0,0
ORD_101_02660,PIN_066,Apparel,1,0.34210526315789475,0.19776119402985073,1.2794,0.6,0,3,1,238,42,0.1136,114.55,0,0,0,0
ORD_101_02661,PIN_078,Home,0,0.2647058823529412,0.03017241379310345,-1.0625,0.25,0,1,1,129,36,0.2478,129.71,1,0,0,0
ORD_101_02662,PIN_078,Books,1,0.2647058823529412,0.01764705882352941,4.0,0.25,0,6,2,203,59,0.1729,144.57,1,0,0,0
ORD_101_02663,PIN_013,Books,0,0.16666666666666666,0.01764705882352941,4.0,0.5,0,1,1,428,50,0.0859,20.45,1,0,0,0
ORD_101_02664,PIN_046,Home,0,0.23529411764705882,0.03017241379310345,1.2974,0.25,0,3,1,39,40,0.451,84.75,1,0,0,0
ORD_101_02665,PIN_040,Books,1,0.21428571428571427,0.01764705882352941,1.3695,0.25,0,1,1,42,30,0.4286,85.44,1,0,0,0
ORD_101_02666,PIN_080,Electronics,0,0.32,0.5535911602209945,-0.8328,0.6667,0,4,1,33,48,0.2572,150.22,1,0,0,1
ORD_101_02667,PIN_088,Electronics,0,0.29411764705882354,0.5535911602209945,-1.7368,0.3333,1,1,1,242,45,0.1734,162.62,1,0,0,0
ORD_101_02668,PIN_001,Beauty,0,0.1282051282051282,0.02,3.1424,0.1667,0,4,1,192,57,0.196,17.68,1,0,0,0
ORD_101_02669,PIN_039,Beauty,1,0.2647058823529412,0.02,-1.1475,1.5,0,3,1,60,39,0.2401,66.41,1,0,0,0
ORD_101_02670,PIN_070,Apparel,0,0.2682926829268293,0.19776119402985073,-1.6587,0.2,0,3,1,102,48,0.1393,129.52,1,0,0,0
ORD_101_02671,PIN_003,Electronics,0,0.275,0.5535911602209945,-1.1827,0.3333,0,2,1,152,51,0.0655,16.07,1,0,0,0
ORD_101_02672,PIN_084,Electronics,0,0.28,0.5535911602209945,0.2689,0.3333,0,6,1,96,53,0.5613,166.31,1,0,0,1
ORD_101_02673,PIN_029,Apparel,0,0.16666666666666666,0.19776119402985073,0.1144,0.2,0,1,3,72,51,0.2502,66.47,0,0,0,0
ORD_101_02674,PIN_072,Electronics,0,0.3548387096774194,0.5535911602209945,0.3355,0.3333,0,3,1,271,54,0.6255,115.55,1,0,0,1
ORD_101_02675,PIN_003,Books,0,0.275,0.01764705882352941,4.0,0.25,1,7,1,230,23,0.4843,7.92,1,0,0,0
ORD_101_02676,PIN_029,Apparel,0,0.16666666666666666,0.19776119402985073,-0.5909,0.2,0,3,1,215,31,0.4667,49.05,0,0,0,0
ORD_101_02677,PIN_017,Beauty,0,0.24242424242424243,0.02,4.0,0.1667,0,3,1,75,48,0.5808,40.06,1,0,0,0
ORD_101_02678,PIN_071,Apparel,0,0.43243243243243246,0.19776119402985073,0.6333,0.4,0,1,1,491,50,0.308,137.78,0,0,0,0
ORD_101_02679,PIN_005,Home,1,0.06666666666666667,0.03017241379310345,2.4296,0.25,0,4,1,133,31,0.599,4.52,1,0,0,0
ORD_101_02680,PIN_042,Electronics,0,0.25,0.5535911602209945,-1.3609,0.3333,1,2,1,438,50,0.212,78.66,1,0,0,0
ORD_101_02681,PIN_018,Books,0,0.18421052631578946,0.01764705882352941,1.2163,0.25,0,4,1,71,55,0.3407,34.31,1,0,0,0
ORD_101_02682,PIN_026,Electronics,0,0.1891891891891892,0.5535911602209945,-1.8629,1.0,0,2,1,299,30,0.108,62.47,1,0,0,0
ORD_101_02683,PIN_049,Books,0,0.23333333333333334,0.01764705882352941,0.2308,0.25,0,2,1,213,54,0.2412,103.13,0,0,0,0
ORD_101_02684,PIN_019,Apparel,0,0.13513513513513514,0.19776119402985073,0.0219,0.2,1,3,1,863,51,0.2256,53.05,1,0,0,0
ORD_101_02685,PIN_048,Apparel,0,0.21621621621621623,0.19776119402985073,-1.4625,0.6,0,0,1,760,33,0.2422,92.6,1,0,0,0
ORD_101_02686,PIN_026,Electronics,0,0.1891891891891892,0.5535911602209945,-0.9788,0.3333,0,0,2,605,48,0.2517,54.33,0,0,0,0
ORD_101_02687,PIN_069,Beauty,0,0.25806451612903225,0.02,4.0,0.1667,0,3,1,46,27,0.1262,131.76,1,0,0,0
ORD_101_02688,PIN_046,Apparel,0,0.23529411764705882,0.19776119402985073,-0.3174,0.4,0,1,1,523,43,0.3898,83.75,1,0,0,0
ORD_101_02689,PIN_026,Home,0,0.1891891891891892,0.03017241379310345,2.789,0.5,0,0,1,83,23,0.3393,63.22,1,0,0,0
ORD_101_02690,PIN_013,Apparel,1,0.16666666666666666,0.19776119402985073,-0.4723,0.2,0,5,1,728,38,0.197,41.16,1,0,0,0
ORD_101_02691,PIN_076,Electronics,0,0.4117647058823529,0.5535911602209945,-0.6275,0.3333,0,7,1,32,75,0.3423,143.75,1,0,0,1
ORD_101_02692,PIN_022,Apparel,0,0.15384615384615385,0.19776119402985073,0.2589,0.2,0,4,2,67,42,0.0556,43.64,1,0,0,0
ORD_101_02693,PIN_021,Home,0,0.15151515151515152,0.03017241379310345,-1.787,0.25,0,3,1,476,47,0.2615,40.37,1,0,0,0
ORD_101_02694,PIN_057,Apparel,0,0.25,0.19776119402985073,-1.6108,0.4,0,5,3,36,52,0.5524,94.61,0,0,0,0
ORD_101_02695,PIN_060,Apparel,0,0.25806451612903225,0.19776119402985073,1.8339,0.2,0,1,2,544,42,0.2417,118.95,1,0,0,0
ORD_101_02696,PIN_072,Home,0,0.3548387096774194,0.03017241379310345,0.7921,0.25,0,3,1,1014,42,0.3823,117.63,0,0,0,0
ORD_101_02697,PIN_039,Home,1,0.2647058823529412,0.03017241379310345,-1.7935,0.25,1,4,1,169,32,0.5302,78.16,1,0,0,0
ORD_101_02698,PIN_086,Electronics,0,0.3783783783783784,0.5535911602209945,-0.5696,0.3333,0,4,1,92,46,0.4175,160.73,0,0,0,0
ORD_101_02699,PIN_057,Home,0,0.25,0.03017241379310345,-1.6828,0.75,0,4,1,100,21,0.3989,120.26,1,0,0,0
ORD_101_02700,PIN_026,Electronics,0,0.1891891891891892,0.5535911602209945,-1.7225,0.3333,1,1,1,19,57,0.3268,70.94,0,0,0,0
ORD_101_02701,PIN_079,Electronics,0,0.2571428571428571,0.5535911602209945,-1.7176,0.3333,0,1,1,25,44,0.1174,150.66,0,0,0,0
ORD_101_02702,PIN_050,Apparel,0,0.375,0.19776119402985073,2.1073,0.2,0,6,1,658,62,0.2465,94.29,0,0,0,0
ORD_101_02703,PIN_022,Electronics,0,0.15384615384615385,0.5535911602209945,-1.8352,0.3333,1,3,1,135,30,0.5358,37.95,0,0,0,0
ORD_101_02704,PIN_080,Electronics,1,0.32,0.5535911602209945,-1.2061,0.3333,1,3,2,623,42,0.1894,138.85,0,0,0,0
ORD_101_02705,PIN_002,Apparel,0,0.15,0.19776119402985073,-1.4922,0.2,0,2,1,587,53,0.2561,1.0,1,0,0,0
ORD_101_02706,PIN_021,Home,1,0.15151515151515152,0.03017241379310345,0.0498,0.25,0,2,1,280,76,0.1276,53.6,0,0,0,0
ORD_101_02707,PIN_083,Apparel,0,0.3404255319148936,0.19776119402985073,1.0734,0.2,0,2,1,223,49,0.0574,152.32,1,0,0,0
ORD_101_02708,PIN_012,Electronics,0,0.2571428571428571,0.5535911602209945,-1.656,0.3333,0,1,1,11,23,0.4212,23.29,1,0,0,1
ORD_101_02709,PIN_072,Beauty,0,0.3548387096774194,0.02,4.0,0.1667,0,2,1,0,36,0.5064,133.05,0,0,0,0
ORD_101_02710,PIN_051,Books,0,0.375,0.01764705882352941,-1.0331,0.25,0,0,1,219,66,0.6191,104.55,0,0,0,0
ORD_101_02711,PIN_056,Electronics,0,0.25,0.5535911602209945,-1.3877,3.3333,0,2,1,241,61,0.0914,111.79,1,0,0,0
ORD_101_02712,PIN_077,Electronics,1,0.358974358974359,0.5535911602209945,-1.8406,0.3333,0,1,1,668,58,0.1765,116.5,0,0,0,0
ORD_101_02713,PIN_050,Apparel,0,0.375,0.19776119402985073,2.267,0.2,0,2,1,26,47,0.1319,110.51,1,0,0,0
ORD_101_02714,PIN_090,Electronics,0,0.42424242424242425,0.5535911602209945,-0.5865,0.3333,0,3,1,20,47,0.1815,166.79,1,0,0,1
ORD_101_02715,PIN_018,Apparel,0,0.18421052631578946,0.19776119402985073,4.0,0.2,0,4,1,520,36,0.0777,44.36,0,0,0,0
ORD_101_02716,PIN_009,Apparel,0,0.23684210526315788,0.19776119402985073,4.0,0.2,0,4,1,95,29,0.2568,31.8,0,0,0,0
ORD_101_02717,PIN_013,Home,0,0.16666666666666666,0.03017241379310345,-0.0006,0.25,0,1,1,153,48,0.423,27.08,1,0,0,0
ORD_101_02718,PIN_053,Home,0,0.22857142857142856,0.03017241379310345,-1.5651,1.25,0,2,1,265,45,0.2086,107.31,1,0,0,0
ORD_101_02719,PIN_002,Apparel,0,0.15,0.19776119402985073,2.9841,0.2,0,1,1,169,46,0.3513,16.01,1,0,0,0
ORD_101_02720,PIN_068,Books,0,0.225,0.01764705882352941,4.0,0.25,0,2,1,75,46,0.222,125.83,1,0,0,0
ORD_101_02721,PIN_089,Apparel,0,0.3888888888888889,0.19776119402985073,4.0,0.2,0,0,1,73,39,0.4718,144.44,1,0,0,0
ORD_101_02722,PIN_037,Beauty,0,0.21875,0.02,4.0,0.1667,0,2,1,43,87,0.0675,80.33,0,0,0,0
ORD_101_02723,PIN_020,Electronics,1,0.2413793103448276,0.5535911602209945,-1.9003,0.6667,0,2,2,78,51,0.3069,42.98,0,0,0,0
ORD_101_02724,PIN_048,Books,0,0.21621621621621623,0.01764705882352941,4.0,0.25,0,1,1,161,39,0.0897,79.55,1,0,0,0
ORD_101_02725,PIN_076,Electronics,0,0.4117647058823529,0.5535911602209945,-0.8918,3.3333,0,1,1,1156,63,0.199,145.51,0,0,0,0
ORD_101_02726,PIN_062,Electronics,2,0.4,0.5535911602209945,-1.1582,2.0,0,5,1,1482,71,0.55,118.45,1,0,0,1
ORD_101_02727,PIN_081,Books,1,0.375,0.01764705882352941,4.0,0.25,0,1,1,267,38,0.529,154.73,1,0,0,0
ORD_101_02728,PIN_066,Books,0,0.34210526315789475,0.01764705882352941,4.0,0.5,0,3,2,287,46,0.1831,127.3,1,0,0,0
ORD_101_02729,PIN_005,Apparel,0,0.06666666666666667,0.19776119402985073,2.3417,0.2,0,4,1,311,28,0.1867,12.28,1,0,0,0
ORD_101_02730,PIN_057,Electronics,0,0.25,0.5535911602209945,-1.7308,1.0,0,2,2,146,35,0.2612,100.33,0,0,0,0
ORD_101_02731,PIN_076,Apparel,1,0.4117647058823529,0.19776119402985073,0.9911,0.2,0,5,1,84,45,0.3137,143.55,1,0,0,1
ORD_101_02732,PIN_025,Electronics,0,0.21052631578947367,0.5535911602209945,0.1384,0.3333,0,6,1,99,45,0.2038,61.15,0,0,0,0
ORD_101_02733,PIN_046,Electronics,0,0.23529411764705882,0.5535911602209945,-1.7324,0.3333,0,3,2,45,38,0.2571,95.68,1,0,0,1
ORD_101_02734,PIN_077,Apparel,0,0.358974358974359,0.19776119402985073,2.4261,0.2,1,3,1,682,39,0.538,148.17,1,0,0,0
ORD_101_02735,PIN_066,Apparel,0,0.34210526315789475,0.19776119402985073,0.1108,0.4,0,1,1,189,40,0.2738,117.6,1,0,0,0
ORD_101_02736,PIN_067,Books,0,0.19444444444444445,0.01764705882352941,4.0,0.25,0,1,1,611,47,0.1809,138.21,1,0,0,0
ORD_101_02737,PIN_039,Home,0,0.2647058823529412,0.03017241379310345,-0.8259,0.25,0,2,1,4,43,0.1782,66.88,0,0,0,0
ORD_101_02738,PIN_056,Electronics,0,0.25,0.5535911602209945,-1.5703,0.3333,0,3,1,60,40,0.2174,97.72,0,0,0,0
ORD_101_02739,PIN_079,Books,0,0.2571428571428571,0.01764705882352941,1.4624,0.25,0,3,1,195,56,0.3686,146.47,0,0,0,0
ORD_101_02740,PIN_073,Beauty,0,0.25,0.02,1.5538,0.1667,1,0,1,5,67,0.5942,138.57,0,0,0,0
ORD_101_02741,PIN_002,Home,0,0.15,0.03017241379310345,-1.6381,0.75,0,3,1,370,69,0.0186,8.47,1,0,0,0
ORD_101_02742,PIN_003,Electronics,0,0.275,0.5535911602209945,-1.8473,0.6667,1,5,2,270,36,0.4901,14.5,1,0,0,1
ORD_101_02743,PIN_007,Beauty,0,0.125,0.02,-0.2404,0.1667,0,3,1,59,54,0.2999,18.29,1,0,0,0
ORD_101_02744,PIN_077,Electronics,1,0.358974358974359,0.5535911602209945,-1.0279,0.3333,0,0,1,28,38,0.258,155.28,0,0,0,0
ORD_101_02745,PIN_045,Apparel,0,0.2777777777777778,0.19776119402985073,-0.8574,0.2,0,1,1,186,42,0.5349,79.73,1,0,0,0
ORD_101_02746,PIN_067,Apparel,1,0.19444444444444445,0.19776119402985073,3.3196,0.2,0,1,1,338,65,0.2951,118.33,1,0,0,0
ORD_101_02747,PIN_081,Electronics,0,0.375,0.5535911602209945,0.2595,0.3333,0,0,1,101,31,0.2675,135.5,1,0,0,0
ORD_101_02748,PIN_079,Apparel,0,0.2571428571428571,0.19776119402985073,0.0446,0.4,0,1,1,537,46,0.0824,153.43,1,0,0,0
ORD_101_02749,PIN_070,Electronics,0,0.2682926829268293,0.5535911602209945,-1.7212,0.3333,0,2,1,875,59,0.0946,131.75,1,0,0,0
ORD_101_02750,PIN_033,Electronics,0,0.15151515151515152,0.5535911602209945,-1.9233,0.3333,1,2,1,613,61,0.1363,66.23,0,0,0,0
ORD_101_02751,PIN_034,Electronics,0,0.22580645161290322,0.5535911602209945,-1.0605,0.6667,0,3,1,927,39,0.4903,65.43,1,0,0,0
ORD_101_02752,PIN_022,Home,0,0.15384615384615385,0.03017241379310345,-1.6691,0.75,0,3,1,216,87,0.4304,50.68,1,0,0,0
ORD_101_02753,PIN_027,Electronics,0,0.1875,0.5535911602209945,-1.0893,0.3333,0,2,1,138,54,0.2159,40.93,0,0,0,0
ORD_101_02754,PIN_016,Electronics,0,0.20930232558139536,0.5535911602209945,-1.4544,0.3333,0,3,1,47,31,0.0934,30.58,0,0,0,0
ORD_101_02755,PIN_017,Apparel,1,0.24242424242424243,0.19776119402985073,4.0,0.2,0,3,1,207,29,0.0732,37.07,1,0,0,0
ORD_101_02756,PIN_067,Apparel,0,0.19444444444444445,0.19776119402985073,3.1068,0.2,1,5,1,74,53,0.1721,129.49,1,0,0,0
ORD_101_02757,PIN_083,Apparel,1,0.3404255319148936,0.19776119402985073,-0.9951,0.2,0,3,1,106,36,0.0398,167.32,1,0,0,1
ORD_101_02758,PIN_040,Apparel,2,0.21428571428571427,0.19776119402985073,0.7385,0.2,0,4,1,163,22,0.161,80.48,1,0,0,1
ORD_101_02759,PIN_080,Books,0,0.32,0.01764705882352941,-0.6532,0.25,1,1,2,912,10,0.1873,152.97,0,0,0,0
ORD_101_02760,PIN_070,Apparel,0,0.2682926829268293,0.19776119402985073,4.0,0.4,0,7,1,302,44,0.2295,129.58,1,0,0,0
ORD_101_02761,PIN_087,Books,0,0.23333333333333334,0.01764705882352941,4.0,0.25,0,3,1,497,36,0.1706,154.89,1,0,0,0
ORD_101_02762,PIN_035,Apparel,0,0.05714285714285714,0.19776119402985073,2.9357,0.2,0,1,1,502,35,0.2711,69.51,0,0,0,0
ORD_101_02763,PIN_079,Apparel,1,0.2571428571428571,0.19776119402985073,0.4071,0.2,0,7,1,124,24,0.1663,142.57,1,0,0,1
ORD_101_02764,PIN_047,Apparel,0,0.2727272727272727,0.19776119402985073,3.4325,2.0,0,5,1,135,46,0.2624,75.56,1,0,0,0
ORD_101_02765,PIN_015,Beauty,0,0.1724137931034483,0.02,1.1921,0.1667,0,0,2,188,61,0.4796,32.32,0,0,0,0
ORD_101_02766,PIN_083,Apparel,0,0.3404255319148936,0.19776119402985073,3.3769,1.2,0,1,1,244,63,0.1867,144.3,0,0,0,0
ORD_101_02767,PIN_007,Apparel,1,0.125,0.19776119402985073,-0.8244,0.2,0,3,1,523,38,0.1839,21.74,1,0,0,0
ORD_101_02768,PIN_016,Electronics,0,0.20930232558139536,0.5535911602209945,-1.4041,0.3333,0,0,1,168,43,0.4005,38.5,0,0,0,0
ORD_101_02769,PIN_060,Apparel,3,0.25806451612903225,0.19776119402985073,4.0,0.8,1,1,1,211,40,0.4466,119.68,1,0,0,1
ORD_101_02770,PIN_028,Apparel,0,0.0625,0.19776119402985073,4.0,0.4,0,2,1,73,55,0.4643,52.88,1,0,0,0
ORD_101_02771,PIN_058,Apparel,0,0.28125,0.19776119402985073,0.9032,0.2,1,3,1,795,42,0.1833,117.75,1,0,0,0
ORD_101_02772,PIN_071,Electronics,0,0.43243243243243246,0.5535911602209945,-0.5414,0.3333,0,2,1,7,43,0.5046,127.52,1,0,0,1
ORD_101_02773,PIN_050,Apparel,0,0.375,0.19776119402985073,4.0,0.2,0,3,2,114,54,0.4579,97.77,1,0,0,1
ORD_101_02774,PIN_037,Apparel,0,0.21875,0.19776119402985073,4.0,0.4,1,1,1,143,63,0.0652,74.27,1,0,0,0
ORD_101_02775,PIN_033,Apparel,0,0.15151515151515152,0.19776119402985073,0.7163,0.2,0,1,1,822,61,0.5213,65.25,1,0,0,0
ORD_101_02776,PIN_047,Apparel,0,0.2727272727272727,0.19776119402985073,3.9326,0.2,0,5,1,650,45,0.274,81.0,1,0,0,0
ORD_101_02777,PIN_076,Books,0,0.4117647058823529,0.01764705882352941,4.0,0.5,0,2,1,51,11,0.1298,138.19,0,0,0,0
ORD_101_02778,PIN_006,Apparel,0,0.23529411764705882,0.19776119402985073,-0.6994,0.2,0,1,3,54,48,0.2986,18.98,1,0,0,1
ORD_101_02779,PIN_087,Electronics,0,0.23333333333333334,0.5535911602209945,-1.0281,0.6667,0,0,2,305,62,0.3501,167.09,0,0,0,0
ORD_101_02780,PIN_056,Home,0,0.25,0.03017241379310345,0.9183,0.25,1,4,1,442,10,0.2847,103.44,1,0,0,0
ORD_101_02781,PIN_051,Apparel,0,0.375,0.19776119402985073,3.5089,0.2,0,4,2,396,29,0.1632,91.81,0,0,0,0
ORD_101_02782,PIN_005,Home,0,0.06666666666666667,0.03017241379310345,-0.9584,0.25,0,4,1,378,50,0.3172,28.89,1,0,0,0
ORD_101_02783,PIN_044,Apparel,1,0.21428571428571427,0.19776119402985073,2.9804,0.4,0,6,1,194,43,0.1428,86.88,0,0,0,0
ORD_101_02784,PIN_046,Electronics,0,0.23529411764705882,0.5535911602209945,-1.082,0.3333,0,2,1,534,50,0.4034,91.88,0,0,0,0
ORD_101_02785,PIN_009,Apparel,0,0.23684210526315788,0.19776119402985073,3.477,0.4,1,0,1,98,49,0.0279,43.6,0,0,0,0
ORD_101_02786,PIN_063,Home,0,0.175,0.03017241379310345,-1.6432,0.25,0,4,1,522,47,0.2529,114.55,1,0,0,0
ORD_101_02787,PIN_069,Beauty,1,0.25806451612903225,0.02,4.0,0.3333,0,4,1,1069,74,0.186,134.17,1,0,0,0
ORD_101_02788,PIN_018,Apparel,0,0.18421052631578946,0.19776119402985073,-0.2338,0.2,0,1,1,1635,33,0.2432,43.9,1,0,0,0
ORD_101_02789,PIN_083,Home,2,0.3404255319148936,0.03017241379310345,-0.5064,0.5,0,4,1,355,47,0.3333,167.74,0,0,0,0
ORD_101_02790,PIN_086,Apparel,0,0.3783783783783784,0.19776119402985073,-0.21,0.2,0,3,1,439,39,0.576,158.19,1,0,0,1
ORD_101_02791,PIN_034,Electronics,2,0.22580645161290322,0.5535911602209945,-0.3055,0.3333,1,0,1,43,56,0.4,68.73,0,0,0,0
ORD_101_02792,PIN_078,Books,0,0.2647058823529412,0.01764705882352941,-1.1259,0.25,0,3,1,159,25,0.2259,143.75,1,0,0,0
ORD_101_02793,PIN_069,Books,1,0.25806451612903225,0.01764705882352941,-0.9248,0.5,0,3,1,58,48,0.4588,135.35,1,0,0,0
ORD_101_02794,PIN_086,Apparel,1,0.3783783783783784,0.19776119402985073,2.0819,0.2,0,7,1,451,69,0.2294,145.61,1,0,0,1
ORD_101_02795,PIN_086,Apparel,0,0.3783783783783784,0.19776119402985073,2.3289,0.4,0,6,1,5,65,0.3921,153.38,1,0,0,1
ORD_101_02796,PIN_038,Apparel,0,0.14634146341463414,0.19776119402985073,3.8367,1.8,0,1,1,588,55,0.2951,80.68,1,0,0,0
ORD_101_02797,PIN_065,Apparel,0,0.2619047619047619,0.19776119402985073,0.8519,0.2,0,1,1,213,55,0.3161,122.36,1,0,0,0
ORD_101_02798,PIN_038,Apparel,0,0.14634146341463414,0.19776119402985073,4.0,0.2,0,4,1,276,22,0.3396,82.28,1,0,0,0
ORD_101_02799,PIN_039,Electronics,0,0.2647058823529412,0.5535911602209945,-0.7488,0.3333,1,3,2,40,66,0.5198,74.07,0,0,0,0
ORD_101_02800,PIN_001,Apparel,0,0.1282051282051282,0.19776119402985073,0.3327,2.0,1,3,1,74,20,0.2656,11.91,1,0,0,0
ORD_101_02801,PIN_017,Books,0,0.24242424242424243,0.01764705882352941,4.0,0.25,0,1,1,53,28,0.1607,25.76,1,0,0,0
ORD_101_02802,PIN_028,Electronics,0,0.0625,0.5535911602209945,-1.3694,0.6667,0,1,1,649,62,0.0423,63.28,1,0,0,0
ORD_101_02803,PIN_079,Apparel,1,0.2571428571428571,0.19776119402985073,0.2623,1.4,0,1,1,170,74,0.0791,138.9,1,0,0,0
ORD_101_02804,PIN_060,Apparel,0,0.25806451612903225,0.19776119402985073,3.7309,0.2,0,3,2,460,53,0.2009,113.81,1,0,0,0
ORD_101_02805,PIN_033,Beauty,0,0.15151515151515152,0.02,4.0,0.1667,0,3,1,203,41,0.2855,76.5,0,0,0,0
ORD_101_02806,PIN_052,Apparel,0,0.2571428571428571,0.19776119402985073,0.1596,0.2,0,2,2,614,37,0.3214,86.99,1,0,0,0
ORD_101_02807,PIN_029,Apparel,0,0.16666666666666666,0.19776119402985073,0.1723,0.2,1,1,1,525,79,0.5025,68.2,1,0,0,0
ORD_101_02808,PIN_018,Home,0,0.18421052631578946,0.03017241379310345,-1.1067,0.25,1,1,1,2,21,0.3003,36.93,0,0,0,0
ORD_101_02809,PIN_025,Beauty,0,0.21052631578947367,0.02,4.0,0.1667,0,2,1,784,35,0.5685,55.13,1,0,0,0
ORD_101_02810,PIN_010,Home,0,0.24444444444444444,0.03017241379310345,2.2201,1.0,0,1,1,60,76,0.3042,27.4,1,0,0,0
ORD_101_02811,PIN_052,Beauty,1,0.2571428571428571,0.02,-0.0351,0.1667,1,0,1,323,31,0.0685,108.32,0,0,0,0
ORD_101_02812,PIN_079,Apparel,0,0.2571428571428571,0.19776119402985073,4.0,0.4,0,2,2,345,28,0.1907,131.15,1,0,0,0
ORD_101_02813,PIN_065,Home,0,0.2619047619047619,0.03017241379310345,-1.3827,0.25,0,0,1,148,42,0.0564,116.13,1,0,0,0
ORD_101_02814,PIN_046,Electronics,0,0.23529411764705882,0.5535911602209945,-0.8829,0.3333,0,4,1,277,36,0.4383,98.01,0,0,0,0
ORD_101_02815,PIN_072,Electronics,2,0.3548387096774194,0.5535911602209945,-1.7159,0.3333,0,3,1,58,34,0.245,141.96,0,0,0,0
ORD_101_02816,PIN_038,Electronics,0,0.14634146341463414,0.5535911602209945,-1.697,0.3333,0,2,1,723,33,0.5047,63.71,1,0,0,0
ORD_101_02817,PIN_063,Electronics,1,0.175,0.5535911602209945,-1.8762,0.3333,0,2,1,52,35,0.4107,123.61,1,0,0,1
ORD_101_02818,PIN_062,Beauty,0,0.4,0.02,4.0,0.1667,0,2,1,109,31,0.1518,124.33,1,0,0,0
ORD_101_02819,PIN_041,Electronics,0,0.21875,0.5535911602209945,-1.7362,0.3333,0,3,1,314,54,0.2959,85.49,0,0,0,0
ORD_101_02820,PIN_028,Beauty,0,0.0625,0.02,3.0597,0.1667,1,2,1,3,32,0.134,61.61,1,0,0,0
ORD_101_02821,PIN_050,Beauty,0,0.375,0.02,4.0,0.1667,0,1,1,851,38,0.3869,101.02,1,0,0,0
ORD_101_02822,PIN_020,Electronics,0,0.2413793103448276,0.5535911602209945,-0.7457,0.3333,0,1,2,416,64,0.1183,56.87,1,0,0,0
ORD_101_02823,PIN_068,Beauty,0,0.225,0.02,2.5689,0.1667,1,1,1,58,78,0.112,132.03,1,0,0,0
ORD_101_02824,PIN_079,Books,0,0.2571428571428571,0.01764705882352941,4.0,0.25,0,3,1,83,48,0.2925,148.02,1,0,0,0
ORD_101_02825,PIN_087,Books,1,0.23333333333333334,0.01764705882352941,0.614,0.25,1,2,1,26,41,0.7477,150.19,1,0,0,1
ORD_101_02826,PIN_063,Electronics,0,0.175,0.5535911602209945,-1.8992,0.6667,0,2,1,115,52,0.4587,125.3,1,0,0,1
ORD_101_02827,PIN_081,Apparel,0,0.375,0.19776119402985073,-0.0037,0.2,1,5,1,416,56,0.0497,145.16,1,0,0,0
ORD_101_02828,PIN_059,Electronics,0,0.21739130434782608,0.5535911602209945,-0.9945,1.3333,0,5,1,599,43,0.2579,99.17,0,0,0,0
ORD_101_02829,PIN_005,Electronics,0,0.06666666666666667,0.5535911602209945,-1.3025,0.3333,0,4,1,262,41,0.126,39.41,0,0,0,0
ORD_101_02830,PIN_006,Apparel,0,0.23529411764705882,0.19776119402985073,0.6683,0.4,0,2,1,507,68,0.1271,20.33,1,0,0,0
ORD_101_02831,PIN_084,Electronics,0,0.28,0.5535911602209945,-1.6973,0.3333,0,2,1,332,39,0.3037,156.36,1,0,0,1
ORD_101_02832,PIN_054,Electronics,0,0.34782608695652173,0.5535911602209945,-1.7667,0.3333,0,4,1,169,40,0.5541,114.83,0,0,0,0
ORD_101_02833,PIN_029,Beauty,0,0.16666666666666666,0.02,4.0,0.1667,1,2,1,48,41,0.3036,65.21,0,0,0,0
ORD_101_02834,PIN_027,Apparel,0,0.1875,0.19776119402985073,2.4166,0.2,0,1,1,1499,56,0.1321,49.6,1,0,0,0
ORD_101_02835,PIN_003,Apparel,0,0.275,0.19776119402985073,-1.6654,0.2,0,2,1,45,39,0.2749,20.39,1,0,0,0
ORD_101_02836,PIN_055,Beauty,0,0.19047619047619047,0.02,4.0,0.1667,1,3,1,608,54,0.5603,110.71,1,0,0,0
ORD_101_02837,PIN_028,Electronics,0,0.0625,0.5535911602209945,-1.2843,0.3333,0,2,1,515,53,0.4517,55.22,1,0,0,0
ORD_101_02838,PIN_022,Books,0,0.15384615384615385,0.01764705882352941,4.0,0.25,0,6,1,392,37,0.149,52.52,1,0,0,0
ORD_101_02839,PIN_008,Apparel,0,0.14285714285714285,0.19776119402985073,-0.1591,0.2,0,4,1,799,42,0.559,35.82,0,0,0,0
ORD_101_02840,PIN_007,Apparel,0,0.125,0.19776119402985073,2.0855,0.2,0,2,1,110,64,0.2601,26.64,1,0,0,0
ORD_101_02841,PIN_065,Electronics,0,0.2619047619047619,0.5535911602209945,-1.9006,0.3333,0,2,1,234,39,0.3379,120.76,1,0,0,1
ORD_101_02842,PIN_079,Electronics,0,0.2571428571428571,0.5535911602209945,-0.8059,0.3333,0,2,1,361,51,0.3196,138.91,0,0,0,0
ORD_101_02843,PIN_051,Apparel,0,0.375,0.19776119402985073,4.0,0.2,0,1,1,33,29,0.3602,92.88,0,0,0,0
ORD_101_02844,PIN_053,Apparel,0,0.22857142857142856,0.19776119402985073,-0.3189,0.4,0,3,1,165,17,0.1017,85.29,0,0,0,0
ORD_101_02845,PIN_003,Electronics,0,0.275,0.5535911602209945,-0.8809,0.3333,0,1,1,420,46,0.2215,20.58,1,0,0,0
ORD_101_02846,PIN_027,Electronics,0,0.1875,0.5535911602209945,-1.2206,0.3333,0,2,1,350,42,0.2594,45.69,1,0,0,0
ORD_101_02847,PIN_009,Apparel,1,0.23684210526315788,0.19776119402985073,0.9542,0.2,0,1,1,84,34,0.1713,22.78,1,0,0,0
ORD_101_02848,PIN_067,Home,0,0.19444444444444445,0.03017241379310345,0.8643,0.25,0,3,2,1315,52,0.4356,110.97,1,0,0,0
ORD_101_02849,PIN_067,Home,0,0.19444444444444445,0.03017241379310345,-0.045,0.25,0,3,2,1619,41,0.3615,122.81,1,0,0,0
ORD_101_02850,PIN_010,Home,0,0.24444444444444444,0.03017241379310345,0.223,0.25,0,2,1,52,39,0.3594,19.48,0,0,0,0
ORD_101_02851,PIN_077,Apparel,0,0.358974358974359,0.19776119402985073,-1.0973,1.4,0,5,1,101,57,0.2154,137.62,1,0,0,0
ORD_101_02852,PIN_004,Electronics,0,0.21212121212121213,0.5535911602209945,-0.9127,0.6667,0,1,1,325,49,0.2269,19.01,0,0,0,0
ORD_101_02853,PIN_022,Apparel,0,0.15384615384615385,0.19776119402985073,0.4429,0.4,0,0,1,423,70,0.2755,47.33,1,0,0,0
ORD_101_02854,PIN_010,Apparel,1,0.24444444444444444,0.19776119402985073,0.7419,0.2,0,4,1,160,59,0.1532,24.78,1,0,0,0
ORD_101_02855,PIN_075,Apparel,0,0.26666666666666666,0.19776119402985073,-0.3699,0.2,0,5,1,168,25,0.2023,137.65,1,0,0,0
ORD_101_02856,PIN_054,Apparel,0,0.34782608695652173,0.19776119402985073,1.7686,0.2,1,4,1,690,46,0.3472,104.26,1,0,0,0
ORD_101_02857,PIN_030,Electronics,0,0.09090909090909091,0.5535911602209945,-1.7188,0.3333,1,6,1,351,42,0.2231,50.81,1,0,0,0
ORD_101_02858,PIN_033,Home,0,0.15151515151515152,0.03017241379310345,-0.459,0.25,0,3,1,36,48,0.4043,63.22,1,0,0,0
ORD_101_02859,PIN_009,Beauty,0,0.23684210526315788,0.02,-0.4633,0.1667,0,3,1,1142,10,0.255,35.09,1,0,0,0
ORD_101_02860,PIN_025,Electronics,0,0.21052631578947367,0.5535911602209945,-1.3588,0.3333,0,2,1,260,44,0.147,50.2,1,0,0,0
ORD_101_02861,PIN_022,Electronics,2,0.15384615384615385,0.5535911602209945,-1.7781,0.3333,0,1,1,183,32,0.3167,43.23,1,0,0,1
ORD_101_02862,PIN_045,Electronics,0,0.2777777777777778,0.5535911602209945,-1.6645,0.3333,0,1,1,100,10,0.2375,78.19,0,0,0,0
ORD_101_02863,PIN_043,Books,0,0.34615384615384615,0.01764705882352941,4.0,0.25,0,3,1,213,30,0.5121,87.25,0,0,0,0
ORD_101_02864,PIN_072,Electronics,0,0.3548387096774194,0.5535911602209945,-0.4996,0.3333,0,2,1,995,40,0.0449,143.22,1,0,0,0
ORD_101_02865,PIN_024,Apparel,0,0.26666666666666666,0.19776119402985073,0.7503,0.2,0,4,1,130,56,0.244,43.96,1,0,0,0
ORD_101_02866,PIN_048,Books,0,0.21621621621621623,0.01764705882352941,4.0,0.5,0,1,1,19,40,0.1426,91.52,1,0,0,0
ORD_101_02867,PIN_023,Beauty,0,0.1875,0.02,1.0814,0.1667,0,3,1,177,36,0.5869,45.88,1,0,0,0
ORD_101_02868,PIN_009,Home,0,0.23684210526315788,0.03017241379310345,2.3841,0.25,0,3,1,502,52,0.2157,17.97,1,0,0,0
ORD_101_02869,PIN_057,Electronics,0,0.25,0.5535911602209945,-1.3913,0.3333,0,0,1,13,50,0.6248,103.59,1,0,0,1
ORD_101_02870,PIN_014,Books,0,0.20689655172413793,0.01764705882352941,4.0,0.25,0,2,1,630,70,0.3417,33.52,1,0,0,0
ORD_101_02871,PIN_022,Apparel,0,0.15384615384615385,0.19776119402985073,-1.0535,0.2,1,4,1,937,51,0.1321,51.22,1,0,0,0
ORD_101_02872,PIN_088,Electronics,0,0.29411764705882354,0.5535911602209945,-1.5939,0.3333,0,2,1,129,21,0.3379,156.16,1,0,0,1
ORD_101_02873,PIN_022,Apparel,0,0.15384615384615385,0.19776119402985073,-0.0351,0.6,0,1,1,190,21,0.4502,41.74,0,0,0,0
ORD_101_02874,PIN_037,Electronics,0,0.21875,0.5535911602209945,-1.6624,1.0,0,1,3,1756,26,0.0532,63.64,1,0,0,0
ORD_101_02875,PIN_042,Electronics,0,0.25,0.5535911602209945,0.5853,0.3333,0,1,1,118,35,0.17,106.27,0,0,0,0
ORD_101_02876,PIN_054,Beauty,0,0.34782608695652173,0.02,0.3063,0.1667,0,1,1,171,43,0.1466,108.62,1,0,0,0
ORD_101_02877,PIN_079,Electronics,0,0.2571428571428571,0.5535911602209945,-0.214,0.3333,0,2,1,200,34,0.0975,140.14,1,0,0,0
ORD_101_02878,PIN_080,Electronics,0,0.32,0.5535911602209945,-1.2809,0.3333,0,2,1,252,61,0.2981,153.74,0,0,0,0
ORD_101_02879,PIN_002,Books,0,0.15,0.01764705882352941,4.0,0.75,0,1,1,321,32,0.1106,12.9,0,0,0,0
ORD_101_02880,PIN_084,Books,0,0.28,0.01764705882352941,4.0,0.5,1,2,1,429,55,0.1986,156.87,1,0,0,0
ORD_101_02881,PIN_070,Beauty,0,0.2682926829268293,0.02,-0.1928,0.3333,0,0,1,42,12,0.0746,136.69,1,0,0,0
ORD_101_02882,PIN_005,Beauty,2,0.06666666666666667,0.02,3.3496,0.3333,1,2,1,363,58,0.3975,26.09,0,0,0,0
ORD_101_02883,PIN_089,Apparel,1,0.3888888888888889,0.19776119402985073,1.8414,1.6,0,1,1,596,39,0.3468,165.66,0,0,0,0
ORD_101_02884,PIN_072,Apparel,1,0.3548387096774194,0.19776119402985073,3.7585,0.4,0,8,1,555,68,0.4705,142.16,1,0,0,1
ORD_101_02885,PIN_032,Apparel,0,0.11538461538461539,0.19776119402985073,2.4487,0.2,0,4,1,36,36,0.1259,63.91,1,0,0,0
ORD_101_02886,PIN_044,Apparel,0,0.21428571428571427,0.19776119402985073,4.0,0.2,0,4,1,54,82,0.1264,97.93,1,0,0,0
ORD_101_02887,PIN_003,Apparel,1,0.275,0.19776119402985073,-0.5399,0.2,0,4,1,546,50,0.0888,16.98,1,0,0,0
ORD_101_02888,PIN_046,Home,0,0.23529411764705882,0.03017241379310345,-1.1969,0.5,0,4,2,184,54,0.3349,95.57,1,0,0,0
ORD_101_02889,PIN_086,Books,0,0.3783783783783784,0.01764705882352941,4.0,0.25,0,1,1,70,37,0.0964,151.35,1,0,0,0
ORD_101_02890,PIN_055,Beauty,0,0.19047619047619047,0.02,-0.2585,0.1667,1,2,1,538,46,0.0316,116.94,1,0,0,0
ORD_101_02891,PIN_060,Electronics,0,0.25806451612903225,0.5535911602209945,-1.5863,0.3333,0,3,1,68,38,0.1277,116.32,0,0,0,0
ORD_101_02892,PIN_082,Apparel,0,0.25,0.19776119402985073,-0.1336,0.2,0,3,3,1595,42,0.3451,148.76,1,0,0,0
ORD_101_02893,PIN_024,Electronics,0,0.26666666666666666,0.5535911602209945,-1.2017,0.3333,0,1,1,426,53,0.3082,36.16,1,0,0,0
ORD_101_02894,PIN_090,Books,0,0.42424242424242425,0.01764705882352941,2.2877,0.25,0,1,1,836,61,0.2567,159.85,0,0,0,0
ORD_101_02895,PIN_004,Apparel,0,0.21212121212121213,0.19776119402985073,0.7408,0.8,0,5,1,160,32,0.5966,19.55,1,0,0,1
ORD_101_02896,PIN_055,Apparel,0,0.19047619047619047,0.19776119402985073,0.245,0.2,0,5,1,622,46,0.2682,100.84,1,0,0,0
ORD_101_02897,PIN_060,Electronics,0,0.25806451612903225,0.5535911602209945,-1.6964,0.3333,0,2,3,539,46,0.1705,123.29,0,0,0,0
ORD_101_02898,PIN_068,Apparel,1,0.225,0.19776119402985073,-0.292,0.4,0,2,3,295,48,0.3405,132.51,1,0,0,1
ORD_101_02899,PIN_030,Books,1,0.09090909090909091,0.01764705882352941,4.0,0.25,1,1,1,54,49,0.0465,57.01,0,0,0,0
ORD_101_02900,PIN_009,Apparel,0,0.23684210526315788,0.19776119402985073,1.4537,0.2,0,4,2,726,39,0.2124,22.68,0,0,0,0
ORD_101_02901,PIN_087,Apparel,0,0.23333333333333334,0.19776119402985073,1.5848,0.4,1,3,1,184,28,0.0591,161.92,0,0,0,0
ORD_101_02902,PIN_052,Apparel,0,0.2571428571428571,0.19776119402985073,-0.8866,0.2,0,4,1,76,27,0.2032,98.08,1,0,0,0
ORD_101_02903,PIN_023,Electronics,0,0.1875,0.5535911602209945,0.2018,0.3333,0,2,1,397,46,0.7968,56.27,1,0,0,1
ORD_101_02904,PIN_088,Apparel,1,0.29411764705882354,0.19776119402985073,-0.8851,0.2,0,2,1,50,21,0.6386,148.85,1,0,0,1
ORD_101_02905,PIN_012,Beauty,0,0.2571428571428571,0.02,-1.3469,0.1667,0,1,1,375,50,0.0127,27.8,1,0,0,0
ORD_101_02906,PIN_033,Electronics,0,0.15151515151515152,0.5535911602209945,-1.3025,3.0,0,5,1,205,10,0.4998,86.9,1,0,0,1
ORD_101_02907,PIN_010,Home,0,0.24444444444444444,0.03017241379310345,1.6975,0.25,0,3,1,69,41,0.2121,32.82,1,0,0,0
ORD_101_02908,PIN_002,Electronics,0,0.15,0.5535911602209945,-1.7809,0.3333,0,1,1,522,69,0.2719,21.31,0,0,0,0
ORD_101_02909,PIN_090,Electronics,0,0.42424242424242425,0.5535911602209945,-1.2043,0.6667,0,4,1,77,25,0.1827,171.4,0,0,0,0
ORD_101_02910,PIN_058,Apparel,0,0.28125,0.19776119402985073,4.0,0.2,1,3,1,1310,82,0.1839,108.17,0,0,0,0
ORD_101_02911,PIN_021,Books,0,0.15151515151515152,0.01764705882352941,4.0,0.25,0,2,1,123,52,0.1434,57.3,1,0,0,0
ORD_101_02912,PIN_008,Apparel,0,0.14285714285714285,0.19776119402985073,-0.7013,2.0,0,2,1,275,47,0.464,41.26,0,0,0,0
ORD_101_02913,PIN_016,Apparel,0,0.20930232558139536,0.19776119402985073,0.1791,0.2,0,1,1,225,35,0.3417,28.95,1,0,0,0
ORD_101_02914,PIN_061,Apparel,0,0.45454545454545453,0.19776119402985073,-1.4308,2.0,0,3,1,34,42,0.2766,127.76,1,0,0,0
ORD_101_02915,PIN_054,Apparel,0,0.34782608695652173,0.19776119402985073,-0.3404,0.2,1,0,2,895,49,0.3319,74.89,1,0,0,0
ORD_101_02916,PIN_065,Apparel,0,0.2619047619047619,0.19776119402985073,-1.5358,0.2,0,1,1,53,40,0.091,129.01,1,0,0,0
ORD_101_02917,PIN_056,Electronics,0,0.25,0.5535911602209945,-1.1,0.3333,0,0,1,104,46,0.2308,80.16,1,0,0,0
ORD_101_02918,PIN_087,Books,3,0.23333333333333334,0.01764705882352941,4.0,2.25,0,2,1,24,60,0.2775,162.19,1,0,0,1
ORD_101_02919,PIN_082,Apparel,0,0.25,0.19776119402985073,0.9617,0.2,0,3,1,176,37,0.2875,150.24,0,0,0,0
ORD_101_02920,PIN_070,Electronics,0,0.2682926829268293,0.5535911602209945,-0.8722,0.6667,0,3,1,33,52,0.5757,132.84,0,0,0,0
ORD_101_02921,PIN_079,Beauty,0,0.2571428571428571,0.02,1.6927,1.6667,0,3,1,156,45,0.3061,138.0,1,0,0,0
ORD_101_02922,PIN_070,Home,0,0.2682926829268293,0.03017241379310345,-0.6982,0.5,0,4,2,203,61,0.102,125.89,0,0,0,0
ORD_101_02923,PIN_028,Electronics,0,0.0625,0.5535911602209945,-1.3776,0.3333,0,1,1,22,16,0.1508,57.91,1,0,0,0
ORD_101_02924,PIN_030,Electronics,0,0.09090909090909091,0.5535911602209945,-1.377,0.3333,0,3,1,854,18,0.4221,71.67,0,0,0,0
ORD_101_02925,PIN_053,Home,1,0.22857142857142856,0.03017241379310345,2.284,0.5,1,3,1,135,22,0.3706,97.27,0,0,0,0
ORD_101_02926,PIN_078,Home,0,0.2647058823529412,0.03017241379310345,-0.3922,0.25,1,1,1,157,65,0.6929,154.43,0,0,0,0
ORD_101_02927,PIN_080,Beauty,0,0.32,0.02,2.8193,0.1667,0,1,1,207,27,0.3997,158.97,1,0,0,0
ORD_101_02928,PIN_006,Apparel,0,0.23529411764705882,0.19776119402985073,-0.2284,0.2,0,2,1,317,23,0.2419,18.89,1,0,0,0
ORD_101_02929,PIN_015,Apparel,0,0.1724137931034483,0.19776119402985073,-1.6592,0.2,1,3,2,311,54,0.3934,29.18,1,0,0,0
ORD_101_02930,PIN_046,Home,0,0.23529411764705882,0.03017241379310345,-0.4895,0.25,0,4,1,524,26,0.209,81.98,0,0,0,0
ORD_101_02931,PIN_037,Home,0,0.21875,0.03017241379310345,-1.7627,0.25,0,1,1,123,51,0.3609,71.6,1,0,0,0
ORD_101_02932,PIN_060,Electronics,0,0.25806451612903225,0.5535911602209945,-1.5075,0.3333,1,3,1,70,38,0.0809,99.15,1,0,0,0
ORD_101_02933,PIN_074,Electronics,0,0.23076923076923078,0.5535911602209945,-1.3333,0.3333,0,2,1,479,48,0.0951,141.8,0,0,0,0
ORD_101_02934,PIN_002,Apparel,0,0.15,0.19776119402985073,1.0118,0.4,0,0,1,7,24,0.105,21.06,1,0,0,0
ORD_101_02935,PIN_042,Electronics,0,0.25,0.5535911602209945,-0.1976,0.3333,0,1,1,178,56,0.0585,85.92,1,0,0,0
ORD_101_02936,PIN_036,Electronics,0,0.3,0.5535911602209945,-0.9538,0.3333,0,3,2,369,44,0.2049,65.15,1,0,0,1
ORD_101_02937,PIN_011,Books,1,0.10810810810810811,0.01764705882352941,1.3877,0.25,1,0,2,31,45,0.1396,18.44,1,0,0,0
ORD_101_02938,PIN_087,Apparel,0,0.23333333333333334,0.19776119402985073,3.3235,0.8,0,2,1,261,50,0.2587,160.35,1,0,0,0
ORD_101_02939,PIN_048,Apparel,0,0.21621621621621623,0.19776119402985073,3.0972,0.4,0,1,1,124,46,0.5616,96.92,0,0,0,0
ORD_101_02940,PIN_078,Electronics,0,0.2647058823529412,0.5535911602209945,-1.0458,0.3333,0,6,1,30,31,0.3759,147.82,0,0,0,0
ORD_101_02941,PIN_005,Electronics,0,0.06666666666666667,0.5535911602209945,-1.2412,0.3333,0,1,1,143,53,0.1052,8.58,1,0,0,0
ORD_101_02942,PIN_053,Beauty,0,0.22857142857142856,0.02,2.1447,0.1667,0,2,1,1939,78,0.4178,100.15,1,0,0,0
ORD_101_02943,PIN_005,Apparel,0,0.06666666666666667,0.19776119402985073,1.4614,0.2,0,2,1,43,60,0.157,24.76,1,0,0,0
ORD_101_02944,PIN_030,Beauty,0,0.09090909090909091,0.02,2.9435,0.1667,0,2,1,290,40,0.4656,73.0,0,0,0,0
ORD_101_02945,PIN_089,Beauty,0,0.3888888888888889,0.02,0.666,0.1667,0,3,1,421,44,0.2862,167.94,1,0,0,0
ORD_101_02946,PIN_080,Home,0,0.32,0.03017241379310345,3.5194,0.25,0,5,1,204,34,0.1655,133.67,0,0,0,0
ORD_101_02947,PIN_068,Home,0,0.225,0.03017241379310345,1.0929,0.25,0,2,1,35,27,0.052,139.91,1,0,0,0
ORD_101_02948,PIN_081,Electronics,1,0.375,0.5535911602209945,0.4577,0.3333,0,4,1,175,26,0.2756,141.58,1,0,0,1
ORD_101_02949,PIN_068,Home,0,0.225,0.03017241379310345,0.0959,0.5,0,0,1,198,44,0.5641,123.74,1,0,0,0
ORD_101_02950,PIN_079,Electronics,0,0.2571428571428571,0.5535911602209945,0.6792,0.3333,0,4,1,807,25,0.2323,139.14,1,0,0,0
ORD_101_02951,PIN_073,Apparel,0,0.25,0.19776119402985073,-0.7199,0.2,0,3,1,2874,34,0.2956,138.3,1,0,0,0
ORD_101_02952,PIN_066,Beauty,0,0.34210526315789475,0.02,0.1594,0.1667,0,2,1,125,28,0.0666,130.94,1,0,0,0
ORD_101_02953,PIN_069,Books,0,0.25806451612903225,0.01764705882352941,0.4743,0.25,1,5,1,365,80,0.2046,124.22,0,0,0,0
ORD_101_02954,PIN_089,Beauty,0,0.3888888888888889,0.02,1.0962,0.1667,0,2,1,28,36,0.226,146.74,0,0,0,0
ORD_101_02955,PIN_058,Electronics,0,0.28125,0.5535911602209945,-1.6707,1.0,0,2,1,45,46,0.3929,113.95,0,0,0,0
ORD_101_02956,PIN_068,Apparel,0,0.225,0.19776119402985073,-1.0923,0.2,1,1,1,468,25,0.2969,134.01,1,0,0,0
ORD_101_02957,PIN_050,Electronics,0,0.375,0.5535911602209945,-1.8249,0.3333,1,2,1,299,14,0.4072,78.69,1,0,0,1
ORD_101_02958,PIN_073,Electronics,0,0.25,0.5535911602209945,-1.9205,0.3333,1,2,1,246,21,0.2261,127.18,1,0,0,1
ORD_101_02959,PIN_054,Apparel,0,0.34782608695652173,0.19776119402985073,-1.1686,0.8,1,2,1,802,56,0.1709,97.96,0,0,0,0
ORD_101_02960,PIN_058,Apparel,1,0.28125,0.19776119402985073,1.9007,0.2,1,2,3,471,32,0.4773,118.21,0,0,0,0
ORD_101_02961,PIN_018,Home,0,0.18421052631578946,0.03017241379310345,-1.2586,0.25,0,3,1,238,23,0.1884,44.32,1,0,0,0
ORD_101_02962,PIN_005,Electronics,0,0.06666666666666667,0.5535911602209945,-1.2012,0.3333,1,3,1,679,54,0.138,29.21,0,0,0,0
ORD_101_02963,PIN_068,Apparel,1,0.225,0.19776119402985073,4.0,0.2,1,0,2,130,53,0.3705,134.84,0,0,0,0
ORD_101_02964,PIN_078,Electronics,0,0.2647058823529412,0.5535911602209945,-1.8902,0.3333,0,1,1,465,35,0.2202,129.84,0,0,0,0
ORD_101_02965,PIN_067,Electronics,2,0.19444444444444445,0.5535911602209945,-1.8224,0.3333,1,3,1,223,19,0.5313,125.93,0,0,0,0
ORD_101_02966,PIN_087,Home,0,0.23333333333333334,0.03017241379310345,-1.0897,2.5,0,5,1,364,28,0.3075,170.72,1,0,0,0
ORD_101_02967,PIN_018,Home,0,0.18421052631578946,0.03017241379310345,-1.2172,0.25,0,1,1,77,33,0.699,26.63,1,0,0,0
ORD_101_02968,PIN_054,Electronics,0,0.34782608695652173,0.5535911602209945,-1.8525,0.6667,0,2,2,296,41,0.1058,100.55,1,0,0,1
ORD_101_02969,PIN_036,Apparel,0,0.3,0.19776119402985073,0.5326,0.2,0,3,1,61,54,0.1595,76.89,1,0,0,0
ORD_101_02970,PIN_038,Apparel,0,0.14634146341463414,0.19776119402985073,1.623,0.2,1,5,1,203,57,0.5275,78.73,0,0,0,0
ORD_101_02971,PIN_001,Apparel,0,0.1282051282051282,0.19776119402985073,-0.0269,0.4,0,1,1,56,53,0.0879,12.17,1,0,0,0
ORD_101_02972,PIN_083,Books,0,0.3404255319148936,0.01764705882352941,1.7001,0.5,1,4,1,295,52,0.1445,154.01,1,0,0,0
ORD_101_02973,PIN_003,Apparel,0,0.275,0.19776119402985073,4.0,0.2,1,1,1,1372,57,0.3533,10.95,1,0,0,0
ORD_101_02974,PIN_019,Apparel,0,0.13513513513513514,0.19776119402985073,0.9286,0.2,1,4,1,65,60,0.0596,44.28,0,0,0,0
ORD_101_02975,PIN_009,Apparel,0,0.23684210526315788,0.19776119402985073,-0.2361,0.2,1,5,1,1372,44,0.0471,40.31,0,0,0,0
ORD_101_02976,PIN_045,Home,0,0.2777777777777778,0.03017241379310345,0.0695,0.25,0,2,1,27,35,0.2299,83.21,1,0,0,0
ORD_101_02977,PIN_080,Electronics,0,0.32,0.5535911602209945,-1.8844,0.3333,1,1,1,469,22,0.4305,150.41,1,0,0,1
ORD_101_02978,PIN_088,Apparel,0,0.29411764705882354,0.19776119402985073,-0.49,0.4,0,0,1,835,44,0.1951,146.53,1,0,0,0
ORD_101_02979,PIN_051,Books,0,0.375,0.01764705882352941,1.2193,0.25,1,2,1,91,72,0.082,97.16,0,0,0,0
ORD_101_02980,PIN_089,Books,0,0.3888888888888889,0.01764705882352941,4.0,0.25,0,4,1,378,34,0.3442,171.13,1,0,0,0
ORD_101_02981,PIN_070,Apparel,1,0.2682926829268293,0.19776119402985073,-0.9833,0.2,0,2,1,31,27,0.2739,134.61,0,0,0,0
ORD_101_02982,PIN_004,Electronics,0,0.21212121212121213,0.5535911602209945,-1.7506,0.3333,0,3,1,168,24,0.4821,21.15,1,0,0,1
ORD_101_02983,PIN_016,Apparel,0,0.20930232558139536,0.19776119402985073,-1.0701,0.4,1,2,2,35,55,0.5004,32.74,0,0,0,0
ORD_101_02984,PIN_071,Apparel,0,0.43243243243243246,0.19776119402985073,1.2141,0.2,0,1,1,33,33,0.2214,123.15,1,0,0,0
ORD_101_02985,PIN_038,Books,1,0.14634146341463414,0.01764705882352941,0.4149,0.25,0,0,1,205,59,0.2975,74.99,1,0,0,0
ORD_101_02986,PIN_073,Apparel,0,0.25,0.19776119402985073,4.0,0.4,0,3,1,666,47,0.2316,140.52,1,0,0,0
ORD_101_02987,PIN_090,Apparel,0,0.42424242424242425,0.19776119402985073,3.7655,0.2,0,5,1,26,38,0.2947,173.17,1,0,0,1
ORD_101_02988,PIN_009,Books,1,0.23684210526315788,0.01764705882352941,4.0,0.25,0,1,1,254,31,0.5136,32.34,1,0,0,0
ORD_101_02989,PIN_074,Apparel,0,0.23076923076923078,0.19776119402985073,0.0178,0.2,0,3,1,452,59,0.3556,124.17,1,0,0,0
ORD_101_02990,PIN_005,Books,0,0.06666666666666667,0.01764705882352941,-0.8903,0.25,0,3,1,1397,63,0.1059,10.83,1,0,0,0
ORD_101_02991,PIN_080,Apparel,0,0.32,0.19776119402985073,4.0,0.2,0,3,1,155,24,0.4289,153.74,0,0,0,0
ORD_101_02992,PIN_014,Electronics,0,0.20689655172413793,0.5535911602209945,-0.7941,0.3333,1,1,2,268,55,0.4575,54.59,1,0,0,1
ORD_101_02993,PIN_045,Electronics,1,0.2777777777777778,0.5535911602209945,-1.7967,2.3333,1,3,3,208,25,0.1692,91.32,1,0,0,1
ORD_101_02994,PIN_029,Books,0,0.16666666666666666,0.01764705882352941,2.0699,0.25,0,1,1,150,46,0.096,53.26,0,0,0,0
ORD_101_02995,PIN_044,Apparel,0,0.21428571428571427,0.19776119402985073,2.3911,0.2,0,6,1,400,35,0.1872,86.58,0,0,0,0
ORD_101_02996,PIN_027,Apparel,0,0.1875,0.19776119402985073,3.04,0.2,1,1,1,62,78,0.1282,53.66,0,0,0,0
ORD_101_02997,PIN_059,Electronics,0,0.21739130434782608,0.5535911602209945,-1.9012,0.3333,0,0,1,570,37,0.0693,108.49,1,0,0,0
ORD_101_02998,PIN_087,Electronics,0,0.23333333333333334,0.5535911602209945,-1.8038,0.6667,0,5,1,569,60,0.0604,154.35,1,0,0,0
ORD_101_02999,PIN_028,Apparel,0,0.0625,0.19776119402985073,-1.3586,0.6,0,1,1,26,62,0.3956,59.37,1,0,0,0
ORD_101_03000,PIN_061,Electronics,0,0.45454545454545453,0.5535911602209945,-1.8732,0.3333,0,3,2,744,54,0.4245,112.7,0,0,0,0
ORD_101_03001,PIN_044,Apparel,0,0.21428571428571427,0.19776119402985073,1.8642,0.2,0,1,1,396,78,0.2997,78.67,1,0,0,0
ORD_101_03002,PIN_080,Beauty,0,0.32,0.02,4.0,0.1667,0,1,1,730,43,0.1468,143.73,0,0,0,0
ORD_101_03003,PIN_069,Home,2,0.25806451612903225,0.03017241379310345,0.1518,0.5,0,0,1,674,24,0.6242,143.65,1,0,0,0
ORD_101_03004,PIN_007,Apparel,0,0.125,0.19776119402985073,-1.5029,0.2,0,1,1,396,48,0.2441,27.44,1,0,0,0
ORD_101_03005,PIN_029,Electronics,0,0.16666666666666666,0.5535911602209945,-1.0808,0.3333,0,3,1,115,60,0.485,58.83,1,0,0,1
ORD_101_03006,PIN_036,Electronics,0,0.3,0.5535911602209945,1.1393,0.3333,1,1,1,126,48,0.3624,65.63,1,0,0,0
ORD_101_03007,PIN_022,Books,0,0.15384615384615385,0.01764705882352941,3.3499,0.25,0,1,1,22,26,0.1071,29.18,1,0,0,0
ORD_101_03008,PIN_044,Electronics,0,0.21428571428571427,0.5535911602209945,-1.3083,0.3333,0,1,1,60,26,0.5072,83.74,0,0,0,0
ORD_101_03009,PIN_006,Beauty,0,0.23529411764705882,0.02,1.1156,0.1667,0,1,1,870,39,0.1514,41.64,1,0,0,0
ORD_101_03010,PIN_020,Beauty,0,0.2413793103448276,0.02,3.2856,0.3333,0,3,1,33,26,0.3181,45.05,1,0,0,0
ORD_101_03011,PIN_048,Apparel,2,0.21621621621621623,0.19776119402985073,-1.204,0.6,0,7,1,132,50,0.5205,89.38,1,0,0,1
ORD_101_03012,PIN_003,Electronics,0,0.275,0.5535911602209945,-1.9012,0.3333,0,3,1,775,70,0.3353,20.6,1,0,0,0
ORD_101_03013,PIN_034,Apparel,0,0.22580645161290322,0.19776119402985073,-0.1763,0.2,0,1,1,635,31,0.1957,68.02,0,0,0,0
ORD_101_03014,PIN_087,Books,2,0.23333333333333334,0.01764705882352941,1.1955,0.25,0,4,1,91,32,0.143,149.09,1,0,0,1
ORD_101_03015,PIN_090,Electronics,0,0.42424242424242425,0.5535911602209945,-0.8505,0.3333,1,3,1,163,44,0.4777,171.34,1,0,0,1
ORD_101_03016,PIN_052,Home,0,0.2571428571428571,0.03017241379310345,-1.7592,0.25,0,2,1,761,31,0.1365,106.33,1,0,0,0
ORD_101_03017,PIN_057,Apparel,0,0.25,0.19776119402985073,-0.5317,0.6,0,1,1,662,49,0.1489,99.64,1,0,0,0
ORD_101_03018,PIN_087,Electronics,1,0.23333333333333334,0.5535911602209945,-1.8552,0.3333,1,5,1,4,53,0.3814,155.16,0,0,0,0
ORD_101_03019,PIN_014,Home,1,0.20689655172413793,0.03017241379310345,0.068,0.25,0,2,1,116,12,0.2785,27.69,1,0,0,0
ORD_101_03020,PIN_003,Electronics,0,0.275,0.5535911602209945,-0.0214,0.3333,0,3,1,273,16,0.5694,8.78,0,0,0,0
ORD_101_03021,PIN_031,Electronics,0,0.1875,0.5535911602209945,-0.3407,0.3333,0,3,1,167,32,0.3771,67.66,1,0,0,1
ORD_101_03022,PIN_013,Home,0,0.16666666666666666,0.03017241379310345,-1.7654,0.25,0,2,1,41,34,0.3092,17.06,1,0,0,0
ORD_101_03023,PIN_069,Electronics,0,0.25806451612903225,0.5535911602209945,-1.3219,0.3333,0,7,1,422,76,0.4522,128.79,1,0,0,1
ORD_101_03024,PIN_037,Electronics,0,0.21875,0.5535911602209945,-0.7368,0.3333,0,3,1,721,35,0.3937,72.9,1,0,0,0
ORD_101_03025,PIN_020,Apparel,1,0.2413793103448276,0.19776119402985073,3.5753,0.2,0,2,1,81,21,0.5125,34.88,1,0,0,1
ORD_101_03026,PIN_016,Beauty,0,0.20930232558139536,0.02,2.9883,0.1667,0,3,1,970,48,0.3663,24.54,0,0,0,0
ORD_101_03027,PIN_052,Books,3,0.2571428571428571,0.01764705882352941,0.0238,0.25,0,1,1,582,37,0.1137,104.31,0,0,0,0
ORD_101_03028,PIN_014,Books,0,0.20689655172413793,0.01764705882352941,1.548,0.75,0,2,1,168,42,0.2513,35.11,1,0,0,0
ORD_101_03029,PIN_045,Apparel,0,0.2777777777777778,0.19776119402985073,-0.5022,0.2,1,4,1,137,37,0.2196,78.46,0,0,0,0
ORD_101_03030,PIN_010,Electronics,0,0.24444444444444444,0.5535911602209945,-1.5847,0.3333,0,4,1,149,32,0.4077,20.74,0,0,0,0
ORD_101_03031,PIN_013,Apparel,0,0.16666666666666666,0.19776119402985073,0.0195,0.2,0,4,1,36,31,0.1512,39.63,0,0,0,0
ORD_101_03032,PIN_034,Electronics,0,0.22580645161290322,0.5535911602209945,-1.4122,0.3333,0,2,1,297,39,0.2796,63.48,1,0,0,0
ORD_101_03033,PIN_028,Electronics,0,0.0625,0.5535911602209945,-0.8409,0.3333,0,4,1,611,74,0.471,69.38,0,0,0,0
ORD_101_03034,PIN_010,Electronics,0,0.24444444444444444,0.5535911602209945,-1.3003,0.3333,0,3,2,621,44,0.3638,27.51,1,0,0,1
ORD_101_03035,PIN_029,Apparel,1,0.16666666666666666,0.19776119402985073,4.0,0.4,0,4,1,71,64,0.7575,62.92,1,0,0,1
ORD_101_03036,PIN_079,Electronics,0,0.2571428571428571,0.5535911602209945,-1.9303,2.0,0,3,2,24,58,0.271,141.66,1,0,0,1
ORD_101_03037,PIN_055,Electronics,0,0.19047619047619047,0.5535911602209945,-1.8614,0.6667,1,2,1,737,78,0.3441,121.54,1,0,0,0
ORD_101_03038,PIN_088,Apparel,0,0.29411764705882354,0.19776119402985073,4.0,0.2,0,1,1,220,38,0.1648,160.88,1,0,0,0
ORD_101_03039,PIN_059,Apparel,0,0.21739130434782608,0.19776119402985073,2.4166,0.2,0,5,1,30,51,0.4237,121.25,1,0,0,1
ORD_101_03040,PIN_024,Beauty,0,0.26666666666666666,0.02,-1.4241,0.1667,0,5,1,276,39,0.6623,52.96,1,0,0,0
ORD_101_03041,PIN_057,Electronics,0,0.25,0.5535911602209945,-0.0867,0.6667,1,4,1,681,55,0.3711,105.51,0,0,0,0
ORD_101_03042,PIN_055,Electronics,0,0.19047619047619047,0.5535911602209945,-1.7626,0.3333,1,2,1,395,43,0.11,104.05,1,0,0,0
ORD_101_03043,PIN_090,Apparel,0,0.42424242424242425,0.19776119402985073,4.0,0.2,0,5,1,132,76,0.4933,168.22,1,0,0,1
ORD_101_03044,PIN_075,Beauty,0,0.26666666666666666,0.02,4.0,0.1667,0,3,1,137,36,0.2085,135.2,0,0,0,0
ORD_101_03045,PIN_036,Electronics,0,0.3,0.5535911602209945,-1.5478,0.3333,0,3,1,94,66,0.1856,70.74,1,0,0,0
ORD_101_03046,PIN_045,Electronics,0,0.2777777777777778,0.5535911602209945,-0.9172,0.6667,0,3,1,154,61,0.0723,91.56,1,0,0,0
ORD_101_03047,PIN_020,Apparel,0,0.2413793103448276,0.19776119402985073,3.367,0.2,0,1,1,177,48,0.2536,33.01,1,0,0,0
ORD_101_03048,PIN_017,Home,0,0.24242424242424243,0.03017241379310345,-0.8735,0.5,0,2,1,62,80,0.086,58.9,1,0,0,0
ORD_101_03049,PIN_080,Apparel,0,0.32,0.19776119402985073,-0.272,1.8,1,2,1,505,50,0.531,146.59,1,0,0,0
ORD_101_03050,PIN_050,Books,0,0.375,0.01764705882352941,2.9903,0.25,1,2,1,188,42,0.1844,90.16,0,0,0,0
ORD_101_03051,PIN_028,Apparel,0,0.0625,0.19776119402985073,4.0,0.2,0,3,1,9,47,0.3524,45.7,1,0,0,0
ORD_101_03052,PIN_018,Apparel,0,0.18421052631578946,0.19776119402985073,2.9135,0.2,0,2,3,309,49,0.1218,28.98,0,0,0,0
ORD_101_03053,PIN_028,Electronics,0,0.0625,0.5535911602209945,-1.8659,1.0,0,5,1,750,35,0.2573,59.63,0,0,0,0
ORD_101_03054,PIN_051,Apparel,0,0.375,0.19776119402985073,4.0,0.2,0,0,1,59,43,0.2477,84.08,0,0,0,0
ORD_101_03055,PIN_066,Electronics,1,0.34210526315789475,0.5535911602209945,-1.7032,0.3333,0,3,1,52,34,0.036,109.29,0,0,0,0
ORD_101_03056,PIN_048,Apparel,0,0.21621621621621623,0.19776119402985073,-0.8369,0.2,0,1,1,196,29,0.1091,91.93,1,0,0,0
ORD_101_03057,PIN_037,Electronics,0,0.21875,0.5535911602209945,-0.7248,0.3333,0,2,1,106,26,0.4505,72.18,1,0,0,1
ORD_101_03058,PIN_071,Apparel,0,0.43243243243243246,0.19776119402985073,0.8679,0.2,0,1,3,246,78,0.4185,129.96,1,0,0,1
ORD_101_03059,PIN_020,Apparel,1,0.2413793103448276,0.19776119402985073,0.0309,0.4,0,5,1,157,69,0.6128,25.83,0,0,0,0
ORD_101_03060,PIN_027,Electronics,1,0.1875,0.5535911602209945,-1.3772,0.3333,0,2,1,185,21,0.1999,51.24,0,0,0,0
ORD_101_03061,PIN_038,Beauty,0,0.14634146341463414,0.02,1.9694,0.5,0,5,1,10,40,0.171,95.06,1,0,0,0
ORD_101_03062,PIN_071,Electronics,1,0.43243243243243246,0.5535911602209945,-1.7762,0.3333,1,1,1,961,63,0.1293,140.74,1,0,0,0
ORD_101_03063,PIN_034,Books,0,0.22580645161290322,0.01764705882352941,-1.0663,0.25,0,0,1,335,34,0.1682,63.78,1,0,0,0
ORD_101_03064,PIN_052,Electronics,0,0.2571428571428571,0.5535911602209945,-1.7466,0.3333,0,5,2,362,35,0.029,99.24,1,0,0,1
ORD_101_03065,PIN_078,Beauty,0,0.2647058823529412,0.02,-0.2322,0.1667,0,4,1,282,45,0.1937,136.11,1,0,0,0
ORD_101_03066,PIN_060,Apparel,0,0.25806451612903225,0.19776119402985073,4.0,0.2,0,2,1,935,51,0.3922,117.85,0,0,0,0
ORD_101_03067,PIN_074,Apparel,0,0.23076923076923078,0.19776119402985073,1.4978,0.2,0,2,1,179,47,0.2112,131.39,0,0,0,0
ORD_101_03068,PIN_028,Electronics,0,0.0625,0.5535911602209945,-0.9633,3.3333,0,4,1,410,44,0.063,44.08,0,0,0,0
ORD_101_03069,PIN_039,Home,1,0.2647058823529412,0.03017241379310345,-1.0443,0.25,0,2,1,330,48,0.2835,88.89,0,0,0,0
ORD_101_03070,PIN_076,Electronics,0,0.4117647058823529,0.5535911602209945,-1.3448,0.3333,0,1,1,283,39,0.1731,138.52,1,0,0,0
ORD_101_03071,PIN_023,Electronics,0,0.1875,0.5535911602209945,-1.8171,2.0,0,3,1,244,71,0.4331,39.21,1,0,0,0
ORD_101_03072,PIN_048,Electronics,0,0.21621621621621623,0.5535911602209945,-1.2541,0.3333,0,2,1,183,43,0.1363,102.4,0,0,0,0
ORD_101_03073,PIN_009,Apparel,0,0.23684210526315788,0.19776119402985073,-1.0077,0.6,0,6,1,40,33,0.4719,31.71,1,0,0,1
ORD_101_03074,PIN_003,Electronics,1,0.275,0.5535911602209945,-0.7875,0.6667,1,1,1,248,49,0.2298,18.96,0,0,0,0
ORD_101_03075,PIN_048,Home,0,0.21621621621621623,0.03017241379310345,-0.2776,0.25,0,2,2,191,52,0.2185,92.35,0,0,0,0
ORD_101_03076,PIN_063,Beauty,0,0.175,0.02,4.0,0.6667,0,1,1,242,44,0.2218,119.58,0,0,0,0
ORD_101_03077,PIN_006,Home,0,0.23529411764705882,0.03017241379310345,0.9949,1.0,0,1,1,449,38,0.4001,11.83,0,0,0,0
ORD_101_03078,PIN_083,Home,0,0.3404255319148936,0.03017241379310345,1.0101,0.25,0,4,1,314,40,0.359,143.45,1,0,0,0
ORD_101_03079,PIN_011,Electronics,2,0.10810810810810811,0.5535911602209945,-1.9007,0.3333,0,3,1,1302,58,0.3037,36.49,1,0,0,1
ORD_101_03080,PIN_045,Electronics,0,0.2777777777777778,0.5535911602209945,-1.1839,0.3333,0,3,1,35,10,0.4527,84.96,1,0,0,1
ORD_101_03081,PIN_018,Apparel,0,0.18421052631578946,0.19776119402985073,-0.7506,0.2,0,1,1,161,55,0.1862,47.14,1,0,0,0
ORD_101_03082,PIN_022,Beauty,0,0.15384615384615385,0.02,-1.4608,1.0,0,0,1,773,42,0.0941,38.46,0,0,0,0
ORD_101_03083,PIN_079,Apparel,0,0.2571428571428571,0.19776119402985073,-0.1937,0.2,1,1,1,166,48,0.0697,131.78,1,0,0,0
ORD_101_03084,PIN_080,Electronics,0,0.32,0.5535911602209945,-0.1449,1.0,0,3,1,800,37,0.2668,147.33,1,0,0,0
ORD_101_03085,PIN_013,Electronics,0,0.16666666666666666,0.5535911602209945,-1.5667,0.3333,0,5,1,35,52,0.2655,28.62,0,0,0,0
ORD_101_03086,PIN_023,Electronics,0,0.1875,0.5535911602209945,-1.4631,0.3333,1,3,1,0,56,0.5173,52.02,1,0,0,1
ORD_101_03087,PIN_018,Apparel,0,0.18421052631578946,0.19776119402985073,0.0321,0.2,0,1,1,35,38,0.5874,48.16,1,0,0,0
ORD_101_03088,PIN_015,Home,0,0.1724137931034483,0.03017241379310345,4.0,0.25,0,1,1,247,37,0.1175,12.25,1,0,0,0
ORD_101_03089,PIN_028,Apparel,0,0.0625,0.19776119402985073,-0.5596,1.2,1,4,1,352,39,0.313,58.52,1,0,0,0
ORD_101_03090,PIN_082,Electronics,0,0.25,0.5535911602209945,-1.5061,0.3333,1,1,1,517,31,0.0452,151.34,0,0,0,0
ORD_101_03091,PIN_049,Apparel,0,0.23333333333333334,0.19776119402985073,1.978,0.4,1,1,1,84,32,0.2175,104.11,0,0,0,0
ORD_101_03092,PIN_067,Beauty,0,0.19444444444444445,0.02,-1.4616,0.1667,0,1,1,4,67,0.3767,116.92,0,0,0,0
ORD_101_03093,PIN_055,Apparel,0,0.19047619047619047,0.19776119402985073,-0.4537,0.2,0,4,1,234,40,0.1946,104.75,1,0,0,0
ORD_101_03094,PIN_053,Electronics,0,0.22857142857142856,0.5535911602209945,-0.8818,2.0,0,4,1,179,32,0.263,109.78,0,0,0,0
ORD_101_03095,PIN_015,Electronics,0,0.1724137931034483,0.5535911602209945,-0.7788,0.6667,0,1,1,1065,56,0.5735,40.86,0,0,0,0
ORD_101_03096,PIN_085,Home,0,0.25,0.03017241379310345,0.7123,0.25,0,4,1,2,56,0.1519,155.81,1,0,0,0
ORD_101_03097,PIN_034,Apparel,1,0.22580645161290322,0.19776119402985073,1.3915,0.2,0,4,1,53,20,0.1312,53.39,1,0,0,1
ORD_101_03098,PIN_083,Electronics,0,0.3404255319148936,0.5535911602209945,-1.693,0.3333,0,2,1,120,39,0.1865,147.92,1,0,0,1
ORD_101_03099,PIN_063,Beauty,0,0.175,0.02,-0.5802,0.1667,0,0,1,1,45,0.6227,113.73,0,0,0,0
ORD_101_03100,PIN_057,Books,0,0.25,0.01764705882352941,4.0,0.5,0,4,1,1670,60,0.838,99.1,0,0,0,0
ORD_101_03101,PIN_072,Apparel,0,0.3548387096774194,0.19776119402985073,-1.2589,0.2,1,3,1,42,34,0.1842,122.93,1,0,0,0
ORD_101_03102,PIN_068,Electronics,0,0.225,0.5535911602209945,-1.764,0.3333,0,0,1,615,52,0.1154,119.44,1,0,0,0
ORD_101_03103,PIN_001,Home,0,0.1282051282051282,0.03017241379310345,0.3053,0.25,0,4,1,197,63,0.2947,11.55,1,0,0,0
ORD_101_03104,PIN_090,Electronics,0,0.42424242424242425,0.5535911602209945,-1.9126,0.3333,0,4,1,435,19,0.1854,174.71,0,0,0,0
ORD_101_03105,PIN_028,Apparel,1,0.0625,0.19776119402985073,3.9714,0.2,0,2,1,1247,53,0.189,60.52,1,0,0,0
ORD_101_03106,PIN_038,Apparel,0,0.14634146341463414,0.19776119402985073,2.3629,0.2,0,3,1,800,55,0.0392,67.71,1,0,0,0
ORD_101_03107,PIN_086,Beauty,0,0.3783783783783784,0.02,2.1076,0.1667,0,5,1,245,50,0.3561,162.35,0,0,0,0
ORD_101_03108,PIN_047,Apparel,0,0.2727272727272727,0.19776119402985073,0.0155,0.2,0,7,1,438,55,0.1083,93.65,0,0,0,0
ORD_101_03109,PIN_006,Electronics,0,0.23529411764705882,0.5535911602209945,-0.8448,0.3333,0,2,1,53,69,0.2185,10.89,0,0,0,0
ORD_101_03110,PIN_052,Electronics,2,0.2571428571428571,0.5535911602209945,-0.441,0.3333,0,6,1,59,39,0.2982,103.75,1,0,0,1
ORD_101_03111,PIN_046,Electronics,0,0.23529411764705882,0.5535911602209945,-0.9997,0.3333,1,3,1,65,18,0.4002,79.79,1,0,0,1
ORD_101_03112,PIN_076,Home,0,0.4117647058823529,0.03017241379310345,2.5774,2.25,0,4,1,59,24,0.3616,129.27,0,0,0,0
ORD_101_03113,PIN_065,Electronics,0,0.2619047619047619,0.5535911602209945,-1.0354,0.3333,0,2,1,120,32,0.3455,102.03,1,0,0,1
ORD_101_03114,PIN_049,Home,0,0.23333333333333334,0.03017241379310345,1.0981,0.25,0,6,1,399,59,0.1482,91.47,0,0,0,0
ORD_101_03115,PIN_052,Apparel,0,0.2571428571428571,0.19776119402985073,-0.1473,0.2,0,1,1,420,32,0.059,93.3,1,0,0,0
ORD_101_03116,PIN_026,Apparel,0,0.1891891891891892,0.19776119402985073,0.7407,0.6,0,1,1,264,31,0.1687,34.38,1,0,0,0
ORD_101_03117,PIN_055,Electronics,0,0.19047619047619047,0.5535911602209945,-1.7607,0.3333,0,2,1,153,45,0.0447,95.38,1,0,0,0
ORD_101_03118,PIN_037,Electronics,0,0.21875,0.5535911602209945,-0.8033,0.3333,1,3,1,138,55,0.2143,80.98,1,0,0,0
ORD_101_03119,PIN_014,Books,0,0.20689655172413793,0.01764705882352941,4.0,0.25,0,5,1,423,49,0.2695,35.12,1,0,0,0
ORD_101_03120,PIN_083,Books,0,0.3404255319148936,0.01764705882352941,4.0,0.25,0,0,1,119,57,0.1073,142.48,1,0,0,0
ORD_101_03121,PIN_074,Electronics,0,0.23076923076923078,0.5535911602209945,-1.4625,0.6667,1,2,1,64,77,0.2205,144.93,0,0,0,0
ORD_101_03122,PIN_038,Beauty,0,0.14634146341463414,0.02,2.1504,0.3333,0,1,1,85,28,0.1627,70.9,0,0,0,0
ORD_101_03123,PIN_079,Beauty,0,0.2571428571428571,0.02,2.7733,0.1667,0,4,1,128,19,0.7962,126.6,1,0,0,0
ORD_101_03124,PIN_079,Books,0,0.2571428571428571,0.01764705882352941,4.0,0.25,0,3,1,1198,44,0.3803,148.75,1,0,0,0
ORD_101_03125,PIN_042,Books,0,0.25,0.01764705882352941,4.0,0.25,0,1,1,320,49,0.2537,95.69,1,0,0,0
ORD_101_03126,PIN_029,Apparel,0,0.16666666666666666,0.19776119402985073,-1.6646,0.2,0,3,1,235,48,0.0913,53.13,1,0,0,0
ORD_101_03127,PIN_016,Electronics,0,0.20930232558139536,0.5535911602209945,-1.287,0.3333,0,4,1,0,44,0.5307,38.62,1,0,0,1
ORD_101_03128,PIN_005,Beauty,2,0.06666666666666667,0.02,2.8204,1.0,0,1,1,74,14,0.1491,12.66,0,0,0,0
ORD_101_03129,PIN_025,Home,0,0.21052631578947367,0.03017241379310345,1.7225,0.25,0,5,1,629,59,0.4451,52.87,1,0,0,0
ORD_101_03130,PIN_038,Apparel,0,0.14634146341463414,0.19776119402985073,-1.1674,0.2,1,1,1,3,54,0.2214,79.91,0,0,0,0
ORD_101_03131,PIN_042,Apparel,1,0.25,0.19776119402985073,2.5879,0.2,0,3,2,389,55,0.3524,84.71,0,0,0,0
ORD_101_03132,PIN_083,Apparel,0,0.3404255319148936,0.19776119402985073,4.0,0.4,0,0,1,186,23,0.646,149.61,1,0,0,1
ORD_101_03133,PIN_065,Home,0,0.2619047619047619,0.03017241379310345,-1.4161,0.25,0,0,1,131,32,0.6456,122.56,0,0,0,0
ORD_101_03134,PIN_074,Apparel,3,0.23076923076923078,0.19776119402985073,-1.4485,0.2,0,1,1,3,50,0.2638,142.11,1,0,0,1
ORD_101_03135,PIN_048,Home,0,0.21621621621621623,0.03017241379310345,-0.5353,0.25,0,3,1,292,61,0.1083,106.29,1,0,0,0
ORD_101_03136,PIN_018,Electronics,0,0.18421052631578946,0.5535911602209945,-1.6246,0.3333,0,4,1,361,39,0.6495,49.5,0,0,0,0
ORD_101_03137,PIN_085,Home,0,0.25,0.03017241379310345,-1.5047,0.5,0,1,1,138,57,0.4925,155.3,1,0,0,0
ORD_101_03138,PIN_002,Electronics,0,0.15,0.5535911602209945,-1.8514,2.6667,0,5,1,344,50,0.1664,10.52,0,0,0,0
ORD_101_03139,PIN_089,Home,0,0.3888888888888889,0.03017241379310345,-1.3416,0.25,1,4,1,676,35,0.1501,138.02,1,0,0,0
ORD_101_03140,PIN_008,Apparel,0,0.14285714285714285,0.19776119402985073,-1.5215,0.2,0,3,1,215,33,0.0814,18.36,1,0,0,0
ORD_101_03141,PIN_040,Electronics,0,0.21428571428571427,0.5535911602209945,-0.7741,0.3333,1,2,2,454,25,0.3874,75.78,1,0,0,1
ORD_101_03142,PIN_048,Home,0,0.21621621621621623,0.03017241379310345,-0.9577,0.75,0,3,1,51,42,0.2478,100.81,0,0,0,0
ORD_101_03143,PIN_020,Apparel,0,0.2413793103448276,0.19776119402985073,-0.8328,0.2,0,1,1,516,42,0.3239,45.62,1,0,0,0
ORD_101_03144,PIN_060,Home,0,0.25806451612903225,0.03017241379310345,-1.6529,0.25,0,4,1,668,68,0.392,97.13,0,0,0,0
ORD_101_03145,PIN_065,Apparel,0,0.2619047619047619,0.19776119402985073,-1.341,0.2,0,0,1,631,28,0.3563,117.84,0,0,0,0
ORD_101_03146,PIN_068,Electronics,0,0.225,0.5535911602209945,-1.7903,0.6667,0,3,1,1691,40,0.6548,123.59,1,0,0,0
ORD_101_03147,PIN_049,Home,0,0.23333333333333334,0.03017241379310345,0.4974,0.25,0,1,1,453,43,0.4403,99.23,0,0,0,0
ORD_101_03148,PIN_019,Home,0,0.13513513513513514,0.03017241379310345,2.8498,0.25,0,2,1,168,47,0.32,37.69,1,0,0,0
ORD_101_03149,PIN_056,Beauty,0,0.25,0.02,-0.7931,0.3333,0,1,1,575,56,0.3909,102.67,1,0,0,0
ORD_101_03150,PIN_059,Beauty,0,0.21739130434782608,0.02,2.2438,1.1667,0,5,1,6,51,0.1616,108.14,1,0,0,0
ORD_101_03151,PIN_018,Apparel,0,0.18421052631578946,0.19776119402985073,-0.877,0.4,0,4,1,151,41,0.3067,42.49,1,0,0,0
ORD_101_03152,PIN_034,Books,0,0.22580645161290322,0.01764705882352941,0.5794,0.25,0,1,1,179,43,0.4446,77.04,1,0,0,0
ORD_101_03153,PIN_083,Electronics,0,0.3404255319148936,0.5535911602209945,-1.582,0.3333,0,5,1,818,40,0.2205,154.23,1,0,0,0
ORD_101_03154,PIN_073,Electronics,0,0.25,0.5535911602209945,-1.6362,0.3333,0,1,1,71,44,0.3951,150.25,0,0,0,0
ORD_101_03155,PIN_074,Home,0,0.23076923076923078,0.03017241379310345,0.4299,0.25,0,2,1,128,42,0.4643,127.68,1,0,0,0
ORD_101_03156,PIN_053,Home,0,0.22857142857142856,0.03017241379310345,-0.6132,1.0,1,3,1,373,78,0.2176,89.19,1,0,0,0
ORD_101_03157,PIN_081,Books,0,0.375,0.01764705882352941,4.0,0.25,0,1,1,133,54,0.3776,153.97,0,0,0,0
ORD_101_03158,PIN_025,Home,0,0.21052631578947367,0.03017241379310345,-1.0568,0.25,0,2,1,477,64,0.0543,35.94,1,0,0,0
ORD_101_03159,PIN_086,Home,0,0.3783783783783784,0.03017241379310345,-1.5944,0.25,0,2,1,239,43,0.2773,150.33,0,0,0,0
ORD_101_03160,PIN_003,Apparel,0,0.275,0.19776119402985073,-0.7457,0.2,0,2,1,79,31,0.2483,2.5,1,0,0,0
ORD_101_03161,PIN_086,Electronics,0,0.3783783783783784,0.5535911602209945,-1.6201,0.3333,1,1,1,52,71,0.2844,156.14,0,0,0,0
ORD_101_03162,PIN_051,Electronics,0,0.375,0.5535911602209945,-1.4832,0.3333,0,5,1,260,70,0.1938,99.45,0,0,0,0
ORD_101_03163,PIN_041,Books,0,0.21875,0.01764705882352941,-0.6918,2.5,0,2,1,99,45,0.2054,78.87,1,0,0,0
ORD_101_03164,PIN_005,Apparel,0,0.06666666666666667,0.19776119402985073,4.0,0.2,0,4,2,1,42,0.2841,33.29,0,0,0,0
ORD_101_03165,PIN_036,Electronics,0,0.3,0.5535911602209945,-1.7749,0.6667,0,2,1,5,49,0.2452,70.52,1,0,0,0
ORD_101_03166,PIN_084,Home,0,0.28,0.03017241379310345,1.1183,0.25,1,2,1,323,19,0.1191,144.55,0,0,0,0
ORD_101_03167,PIN_072,Apparel,0,0.3548387096774194,0.19776119402985073,3.2903,0.2,0,3,1,106,71,0.4801,137.05,1,0,0,0
ORD_101_03168,PIN_032,Books,1,0.11538461538461539,0.01764705882352941,4.0,0.25,0,1,1,290,20,0.2108,74.98,1,0,0,0
ORD_101_03169,PIN_055,Home,0,0.19047619047619047,0.03017241379310345,2.0865,0.25,0,2,1,241,39,0.3707,97.41,1,0,0,0
ORD_101_03170,PIN_048,Beauty,0,0.21621621621621623,0.02,4.0,0.1667,1,1,1,614,50,0.2554,84.71,1,0,0,0
ORD_101_03171,PIN_066,Electronics,0,0.34210526315789475,0.5535911602209945,-1.4506,0.3333,0,2,2,311,53,0.1137,124.82,0,0,0,0
ORD_101_03172,PIN_058,Apparel,0,0.28125,0.19776119402985073,1.9519,0.2,1,4,1,287,20,0.4185,111.35,1,0,0,1
ORD_101_03173,PIN_031,Home,0,0.1875,0.03017241379310345,0.5362,0.25,0,2,1,0,51,0.2687,62.19,0,0,0,0
ORD_101_03174,PIN_068,Apparel,0,0.225,0.19776119402985073,4.0,0.2,0,1,1,137,53,0.2222,127.05,1,0,0,0
ORD_101_03175,PIN_013,Apparel,0,0.16666666666666666,0.19776119402985073,-1.4228,0.2,1,2,1,83,41,0.6684,36.91,1,0,0,1
ORD_101_03176,PIN_047,Home,0,0.2727272727272727,0.03017241379310345,-1.2634,0.5,0,2,2,159,42,0.2674,94.89,0,0,0,0
ORD_101_03177,PIN_083,Home,0,0.3404255319148936,0.03017241379310345,-1.5546,1.0,0,2,1,285,57,0.2979,148.74,1,0,0,0
ORD_101_03178,PIN_003,Apparel,0,0.275,0.19776119402985073,1.2462,0.2,0,0,1,24,20,0.6158,9.68,1,0,0,0
ORD_101_03179,PIN_004,Electronics,0,0.21212121212121213,0.5535911602209945,-1.8416,0.3333,1,3,1,79,50,0.2481,15.4,0,0,0,0
ORD_101_03180,PIN_041,Beauty,0,0.21875,0.02,4.0,0.5,0,1,1,493,43,0.2277,89.49,1,0,0,0
ORD_101_03181,PIN_060,Electronics,0,0.25806451612903225,0.5535911602209945,-0.2691,0.6667,1,2,1,247,54,0.4559,109.81,1,0,0,1
ORD_101_03182,PIN_035,Beauty,0,0.05714285714285714,0.02,4.0,0.1667,0,3,1,169,47,0.0612,57.42,0,0,0,0
ORD_101_03183,PIN_022,Apparel,0,0.15384615384615385,0.19776119402985073,0.4396,0.2,0,2,1,23,31,0.3475,45.17,0,0,0,0
ORD_101_03184,PIN_073,Home,0,0.25,0.03017241379310345,-0.648,0.25,1,1,2,96,55,0.1631,139.22,0,0,0,0
ORD_101_03185,PIN_085,Home,0,0.25,0.03017241379310345,-0.2901,0.5,0,3,1,102,29,0.3544,137.8,0,0,0,0
ORD_101_03186,PIN_034,Apparel,0,0.22580645161290322,0.19776119402985073,4.0,0.4,0,2,1,495,46,0.0944,80.41,1,0,0,0
ORD_101_03187,PIN_012,Electronics,1,0.2571428571428571,0.5535911602209945,-0.5722,0.3333,0,3,1,55,58,0.1522,30.0,1,0,0,1
ORD_101_03188,PIN_080,Home,0,0.32,0.03017241379310345,4.0,0.25,1,1,1,158,22,0.3436,135.98,1,0,0,0
ORD_101_03189,PIN_070,Electronics,0,0.2682926829268293,0.5535911602209945,-1.4154,0.3333,0,3,1,248,42,0.2162,138.94,1,0,0,1
ORD_101_03190,PIN_010,Books,0,0.24444444444444444,0.01764705882352941,4.0,0.25,1,2,1,760,39,0.0502,51.86,1,0,0,0
ORD_101_03191,PIN_058,Apparel,2,0.28125,0.19776119402985073,4.0,0.2,0,7,3,173,22,0.2593,104.21,1,0,0,1
ORD_101_03192,PIN_070,Home,1,0.2682926829268293,0.03017241379310345,0.0286,0.25,0,1,1,202,48,0.5471,122.27,1,0,0,0
ORD_101_03193,PIN_005,Apparel,0,0.06666666666666667,0.19776119402985073,-0.1953,0.2,0,1,1,1698,50,0.7077,23.36,1,0,0,0
ORD_101_03194,PIN_055,Apparel,0,0.19047619047619047,0.19776119402985073,4.0,0.2,0,4,1,570,66,0.3315,109.72,1,0,0,0
ORD_101_03195,PIN_038,Apparel,1,0.14634146341463414,0.19776119402985073,-1.0894,0.2,0,3,1,932,59,0.5328,69.03,1,0,0,0
ORD_101_03196,PIN_083,Beauty,0,0.3404255319148936,0.02,4.0,1.0,0,0,1,33,51,0.1154,163.08,0,0,0,0
ORD_101_03197,PIN_082,Electronics,1,0.25,0.5535911602209945,-1.4649,0.3333,0,3,1,17,49,0.152,139.88,0,0,0,0
ORD_101_03198,PIN_039,Apparel,0,0.2647058823529412,0.19776119402985073,-0.3923,0.2,0,3,1,80,26,0.1717,67.14,0,0,0,0
ORD_101_03199,PIN_051,Apparel,0,0.375,0.19776119402985073,0.1088,0.2,1,2,1,78,56,0.1905,81.92,0,0,0,0
ORD_101_03200,PIN_067,Apparel,0,0.19444444444444445,0.19776119402985073,4.0,0.2,0,3,1,503,31,0.5387,119.31,1,0,0,0
ORD_101_03201,PIN_078,Apparel,0,0.2647058823529412,0.19776119402985073,0.0689,0.2,0,1,1,235,45,0.1647,138.4,0,0,0,0
ORD_101_03202,PIN_036,Electronics,0,0.3,0.5535911602209945,-1.4132,0.3333,0,2,1,320,45,0.4905,61.74,1,0,0,1
ORD_101_03203,PIN_001,Apparel,0,0.1282051282051282,0.19776119402985073,0.4214,0.2,0,1,1,676,51,0.2761,9.46,0,0,0,0
ORD_101_03204,PIN_065,Apparel,0,0.2619047619047619,0.19776119402985073,4.0,0.4,0,5,1,131,52,0.1927,115.74,1,0,0,0
ORD_101_03205,PIN_071,Electronics,0,0.43243243243243246,0.5535911602209945,-1.7071,0.3333,0,1,1,165,63,0.2174,126.74,0,0,0,0
ORD_101_03206,PIN_059,Apparel,0,0.21739130434782608,0.19776119402985073,1.4702,0.2,0,4,1,912,35,0.2047,108.45,0,0,0,0
ORD_101_03207,PIN_072,Electronics,0,0.3548387096774194,0.5535911602209945,-0.1819,0.3333,1,2,1,108,52,0.3299,140.43,0,0,0,0
ORD_101_03208,PIN_028,Electronics,0,0.0625,0.5535911602209945,-1.8516,0.6667,0,2,1,585,56,0.4226,56.37,0,0,0,0
ORD_101_03209,PIN_018,Apparel,0,0.18421052631578946,0.19776119402985073,4.0,0.2,1,4,1,669,38,0.1442,35.52,0,0,0,0
ORD_101_03210,PIN_020,Electronics,0,0.2413793103448276,0.5535911602209945,-0.9182,0.3333,0,1,2,108,10,0.3784,53.83,1,0,0,1
ORD_101_03211,PIN_009,Electronics,6,0.23684210526315788,0.5535911602209945,-1.8822,0.3333,0,2,1,112,72,0.2099,28.34,1,0,0,1
ORD_101_03212,PIN_024,Beauty,0,0.26666666666666666,0.02,-1.472,0.1667,0,1,2,299,57,0.5139,58.84,0,0,0,0
ORD_101_03213,PIN_070,Home,0,0.2682926829268293,0.03017241379310345,3.5754,0.25,0,4,1,213,31,0.4304,130.72,1,0,0,0
ORD_101_03214,PIN_027,Electronics,0,0.1875,0.5535911602209945,-0.5524,0.6667,1,1,1,189,37,0.2168,61.9,0,0,0,0
ORD_101_03215,PIN_026,Books,0,0.1891891891891892,0.01764705882352941,4.0,0.25,0,2,1,565,50,0.224,65.08,1,0,0,0
ORD_101_03216,PIN_050,Apparel,0,0.375,0.19776119402985073,-0.1095,0.2,0,1,1,68,39,0.1046,83.97,1,0,0,0
ORD_101_03217,PIN_003,Beauty,1,0.275,0.02,0.6612,0.1667,0,1,1,133,53,0.2057,18.69,1,0,0,0
ORD_101_03218,PIN_040,Apparel,0,0.21428571428571427,0.19776119402985073,-0.5218,0.2,0,2,1,12,36,0.322,80.6,1,0,0,0
ORD_101_03219,PIN_019,Books,0,0.13513513513513514,0.01764705882352941,4.0,0.25,0,1,1,535,37,0.5285,40.92,1,0,0,0
ORD_101_03220,PIN_068,Books,2,0.225,0.01764705882352941,4.0,0.75,0,1,1,624,32,0.2847,122.16,0,0,0,0
ORD_101_03221,PIN_090,Books,0,0.42424242424242425,0.01764705882352941,4.0,0.25,0,4,1,8,38,0.1945,158.41,1,0,0,0
ORD_101_03222,PIN_089,Electronics,0,0.3888888888888889,0.5535911602209945,-1.7193,1.3333,0,3,2,468,45,0.0676,162.42,0,0,0,0
ORD_101_03223,PIN_077,Electronics,0,0.358974358974359,0.5535911602209945,-1.6447,0.3333,0,5,1,174,20,0.2055,154.44,0,0,0,0
ORD_101_03224,PIN_071,Apparel,0,0.43243243243243246,0.19776119402985073,-1.0936,0.4,0,1,2,663,49,0.5965,141.32,0,0,0,0
ORD_101_03225,PIN_066,Electronics,0,0.34210526315789475,0.5535911602209945,-1.8492,0.3333,1,2,1,87,33,0.1502,121.78,1,0,0,0
ORD_101_03226,PIN_084,Beauty,0,0.28,0.02,3.568,0.3333,0,3,1,1136,46,0.3176,146.74,0,0,0,0
ORD_101_03227,PIN_015,Electronics,0,0.1724137931034483,0.5535911602209945,-1.869,0.3333,0,2,1,108,33,0.2524,36.37,1,0,0,0
ORD_101_03228,PIN_060,Apparel,0,0.25806451612903225,0.19776119402985073,-0.6739,0.2,1,3,2,600,66,0.1392,117.92,1,0,0,0
ORD_101_03229,PIN_066,Electronics,1,0.34210526315789475,0.5535911602209945,-1.4581,0.3333,1,2,1,388,37,0.0651,123.83,1,0,0,1
ORD_101_03230,PIN_045,Home,0,0.2777777777777778,0.03017241379310345,-0.9271,0.25,0,1,1,196,42,0.2971,85.58,1,0,0,0
ORD_101_03231,PIN_090,Electronics,0,0.42424242424242425,0.5535911602209945,-1.5406,0.3333,0,3,1,73,55,0.3949,166.05,0,0,0,0
ORD_101_03232,PIN_006,Apparel,0,0.23529411764705882,0.19776119402985073,2.8341,0.2,0,0,1,409,69,0.2468,11.38,0,0,0,0
ORD_101_03233,PIN_015,Home,0,0.1724137931034483,0.03017241379310345,-0.5885,0.75,0,2,1,524,54,0.5173,28.97,1,0,0,0
ORD_101_03234,PIN_080,Electronics,0,0.32,0.5535911602209945,-1.8961,0.3333,0,2,1,241,63,0.2114,153.06,1,0,0,0
ORD_101_03235,PIN_065,Beauty,0,0.2619047619047619,0.02,4.0,0.1667,1,4,1,137,60,0.3007,118.15,0,0,0,0
ORD_101_03236,PIN_054,Apparel,0,0.34782608695652173,0.19776119402985073,-0.9692,0.2,0,0,1,25,39,0.3214,102.92,1,0,0,0
ORD_101_03237,PIN_021,Apparel,0,0.15151515151515152,0.19776119402985073,2.7321,0.4,0,2,1,25,45,0.3359,53.35,1,0,0,0
ORD_101_03238,PIN_017,Books,0,0.24242424242424243,0.01764705882352941,2.1359,0.25,0,2,1,691,29,0.2677,43.47,0,0,0,0
ORD_101_03239,PIN_009,Electronics,0,0.23684210526315788,0.5535911602209945,-1.2094,0.3333,1,4,1,247,43,0.2583,22.15,0,0,0,0
ORD_101_03240,PIN_056,Electronics,0,0.25,0.5535911602209945,-1.8575,0.3333,0,4,1,618,49,0.2613,112.81,0,0,0,0
ORD_101_03241,PIN_089,Books,0,0.3888888888888889,0.01764705882352941,0.4362,0.25,0,2,1,962,46,0.4314,157.12,0,0,0,0
ORD_101_03242,PIN_043,Beauty,0,0.34615384615384615,0.02,4.0,0.1667,1,1,1,273,36,0.1542,92.76,1,0,0,0
ORD_101_03243,PIN_089,Apparel,0,0.3888888888888889,0.19776119402985073,1.759,0.2,0,1,1,16,48,0.077,149.91,1,0,0,0
ORD_101_03244,PIN_084,Home,0,0.28,0.03017241379310345,-1.7225,0.25,1,2,1,2,27,0.2107,158.89,1,0,0,0
ORD_101_03245,PIN_001,Electronics,0,0.1282051282051282,0.5535911602209945,-1.7595,0.6667,0,3,1,417,42,0.1601,4.98,1,0,0,0
ORD_101_03246,PIN_069,Apparel,0,0.25806451612903225,0.19776119402985073,-0.4134,0.2,0,7,1,183,59,0.2915,128.38,1,0,0,0
ORD_101_03247,PIN_008,Books,0,0.14285714285714285,0.01764705882352941,1.4759,0.75,0,2,1,273,37,0.272,25.91,0,0,0,0
ORD_101_03248,PIN_065,Apparel,0,0.2619047619047619,0.19776119402985073,0.6134,0.2,0,3,1,346,21,0.1572,133.71,1,0,0,0
ORD_101_03249,PIN_076,Home,1,0.4117647058823529,0.03017241379310345,-0.3931,0.25,0,3,1,229,39,0.1577,139.57,1,0,0,0
ORD_101_03250,PIN_029,Apparel,0,0.16666666666666666,0.19776119402985073,1.2951,0.2,1,3,1,455,53,0.183,51.66,0,0,0,0
ORD_101_03251,PIN_002,Home,0,0.15,0.03017241379310345,4.0,0.25,1,2,1,142,36,0.5295,3.45,1,0,0,0
ORD_101_03252,PIN_086,Electronics,0,0.3783783783783784,0.5535911602209945,-1.4586,0.3333,0,4,1,119,49,0.5978,147.32,0,0,0,0
ORD_101_03253,PIN_008,Apparel,0,0.14285714285714285,0.19776119402985073,-0.3093,0.2,0,1,1,237,35,0.3643,28.69,0,0,0,0
ORD_101_03254,PIN_088,Electronics,0,0.29411764705882354,0.5535911602209945,-0.7379,0.6667,0,2,1,112,57,0.0483,148.85,1,0,0,0
ORD_101_03255,PIN_004,Apparel,0,0.21212121212121213,0.19776119402985073,-1.1372,0.2,0,1,1,83,35,0.3947,19.19,1,0,0,0
ORD_101_03256,PIN_003,Electronics,0,0.275,0.5535911602209945,-1.5536,1.0,0,1,1,429,39,0.2671,10.09,0,0,0,0
ORD_101_03257,PIN_010,Apparel,0,0.24444444444444444,0.19776119402985073,-1.1986,0.4,0,5,1,54,13,0.2869,34.65,1,0,0,0
ORD_101_03258,PIN_002,Home,2,0.15,0.03017241379310345,-1.3125,0.25,0,2,2,393,59,0.3443,14.99,1,0,0,0
ORD_101_03259,PIN_016,Home,1,0.20930232558139536,0.03017241379310345,2.3123,1.0,0,5,1,313,45,0.2911,32.55,1,0,0,0
ORD_101_03260,PIN_062,Home,0,0.4,0.03017241379310345,-0.0993,0.25,0,4,1,356,32,0.205,126.3,0,0,0,0
ORD_101_03261,PIN_083,Apparel,0,0.3404255319148936,0.19776119402985073,4.0,0.2,0,0,1,41,57,0.1993,148.7,1,0,0,0
ORD_101_03262,PIN_039,Electronics,0,0.2647058823529412,0.5535911602209945,-1.0781,0.3333,0,3,1,269,41,0.0271,70.35,0,0,0,0
ORD_101_03263,PIN_018,Apparel,0,0.18421052631578946,0.19776119402985073,-0.1692,0.2,0,1,1,104,16,0.5625,43.14,0,0,0,0
ORD_101_03264,PIN_072,Apparel,0,0.3548387096774194,0.19776119402985073,-0.3958,0.8,0,6,2,606,62,0.4065,145.27,1,0,0,1
ORD_101_03265,PIN_051,Home,2,0.375,0.03017241379310345,-0.4364,0.25,1,2,1,254,10,0.3305,99.58,1,0,0,1
ORD_101_03266,PIN_043,Electronics,0,0.34615384615384615,0.5535911602209945,-1.7928,0.3333,0,1,1,171,43,0.5679,85.46,1,0,0,1
ORD_101_03267,PIN_036,Books,0,0.3,0.01764705882352941,4.0,0.25,0,6,1,186,36,0.1743,66.99,1,0,0,0
ORD_101_03268,PIN_031,Apparel,1,0.1875,0.19776119402985073,0.445,0.2,0,1,3,215,12,0.3163,62.77,0,0,0,0
ORD_101_03269,PIN_022,Apparel,0,0.15384615384615385,0.19776119402985073,-0.1934,0.2,0,1,1,520,40,0.1446,53.88,0,0,0,0
ORD_101_03270,PIN_063,Books,1,0.175,0.01764705882352941,-0.2483,0.25,0,3,1,212,47,0.1482,117.54,1,0,0,0
ORD_101_03271,PIN_070,Apparel,0,0.2682926829268293,0.19776119402985073,1.9775,0.2,0,2,1,96,40,0.4596,112.9,0,0,0,0
ORD_101_03272,PIN_057,Books,0,0.25,0.01764705882352941,2.4654,0.25,0,1,1,86,49,0.4541,107.18,0,0,0,0
ORD_101_03273,PIN_035,Apparel,0,0.05714285714285714,0.19776119402985073,-1.6658,0.4,1,6,1,217,56,0.2342,66.36,1,0,0,0
ORD_101_03274,PIN_078,Books,0,0.2647058823529412,0.01764705882352941,4.0,0.25,1,4,1,237,61,0.2987,143.97,1,0,0,0
ORD_101_03275,PIN_051,Apparel,1,0.375,0.19776119402985073,4.0,2.0,0,2,1,106,41,0.5697,93.08,1,0,0,1
ORD_101_03276,PIN_071,Apparel,0,0.43243243243243246,0.19776119402985073,4.0,0.2,0,3,1,797,35,0.2209,110.23,1,0,0,0
ORD_101_03277,PIN_090,Electronics,0,0.42424242424242425,0.5535911602209945,-1.7397,0.3333,0,1,1,96,40,0.0261,170.17,1,0,0,0
ORD_101_03278,PIN_018,Electronics,0,0.18421052631578946,0.5535911602209945,-1.5845,0.6667,0,3,1,172,33,0.199,51.32,0,0,0,0
ORD_101_03279,PIN_051,Beauty,0,0.375,0.02,-1.0244,0.1667,0,1,1,1556,42,0.3137,97.01,0,0,0,0
ORD_101_03280,PIN_037,Apparel,1,0.21875,0.19776119402985073,1.7033,0.2,0,2,1,347,56,0.386,67.1,0,0,0,0
ORD_101_03281,PIN_061,Apparel,1,0.45454545454545453,0.19776119402985073,-1.1142,0.2,1,5,1,200,20,0.3203,117.12,1,0,0,1
ORD_101_03282,PIN_007,Apparel,0,0.125,0.19776119402985073,-1.1901,0.2,1,0,1,280,36,0.173,24.23,1,0,0,0
ORD_101_03283,PIN_080,Books,0,0.32,0.01764705882352941,4.0,0.5,0,2,1,30,25,0.1338,143.68,0,0,0,0
ORD_101_03284,PIN_052,Electronics,0,0.2571428571428571,0.5535911602209945,-1.5385,0.3333,0,4,1,91,37,0.4848,90.02,0,0,0,0
ORD_101_03285,PIN_081,Apparel,1,0.375,0.19776119402985073,2.5153,1.6,0,2,1,110,72,0.1236,140.72,0,0,0,0
ORD_101_03286,PIN_063,Books,0,0.175,0.01764705882352941,4.0,0.5,0,3,1,317,39,0.2141,123.7,1,0,0,0
ORD_101_03287,PIN_074,Home,0,0.23076923076923078,0.03017241379310345,0.3426,0.25,1,3,1,202,61,0.1385,145.5,1,0,0,0
ORD_101_03288,PIN_061,Books,0,0.45454545454545453,0.01764705882352941,4.0,0.5,1,1,1,134,36,0.2485,105.56,0,0,0,0
ORD_101_03289,PIN_089,Electronics,0,0.3888888888888889,0.5535911602209945,-0.0376,0.3333,0,3,1,166,57,0.537,147.0,1,0,0,1
ORD_101_03290,PIN_065,Electronics,0,0.2619047619047619,0.5535911602209945,-1.8612,0.3333,0,2,1,206,63,0.4867,131.12,1,0,0,1
ORD_101_03291,PIN_038,Beauty,0,0.14634146341463414,0.02,-1.3888,0.1667,0,3,1,284,37,0.1281,82.36,1,0,0,0
ORD_101_03292,PIN_009,Beauty,0,0.23684210526315788,0.02,1.889,0.3333,0,1,1,71,59,0.2276,31.01,1,0,0,0
ORD_101_03293,PIN_047,Electronics,1,0.2727272727272727,0.5535911602209945,-1.4569,0.3333,0,6,1,122,32,0.1336,93.42,1,0,0,1
ORD_101_03294,PIN_070,Electronics,0,0.2682926829268293,0.5535911602209945,-1.248,0.3333,1,1,1,153,40,0.0626,130.85,1,0,0,0
ORD_101_03295,PIN_037,Apparel,1,0.21875,0.19776119402985073,-1.6198,0.2,0,1,1,29,58,0.1626,46.62,0,0,0,0
ORD_101_03296,PIN_035,Books,0,0.05714285714285714,0.01764705882352941,4.0,0.75,0,1,1,160,33,0.1603,72.82,1,0,0,0
ORD_101_03297,PIN_079,Home,0,0.2571428571428571,0.03017241379310345,-0.3573,0.25,0,1,2,971,25,0.1679,154.46,0,0,0,0
ORD_101_03298,PIN_039,Books,0,0.2647058823529412,0.01764705882352941,4.0,0.5,0,3,1,230,41,0.2972,79.24,1,0,0,0
ORD_101_03299,PIN_046,Apparel,0,0.23529411764705882,0.19776119402985073,4.0,0.2,0,0,2,695,41,0.6662,89.65,1,0,0,0
ORD_101_03300,PIN_074,Apparel,0,0.23076923076923078,0.19776119402985073,4.0,0.2,0,1,1,902,47,0.0543,127.63,1,0,0,0
ORD_101_03301,PIN_036,Apparel,0,0.3,0.19776119402985073,0.2187,0.8,0,2,1,88,49,0.2145,78.97,1,0,0,0
ORD_101_03302,PIN_027,Electronics,1,0.1875,0.5535911602209945,-1.7242,0.3333,0,3,1,1334,66,0.1507,55.39,1,0,0,0
ORD_101_03303,PIN_025,Home,0,0.21052631578947367,0.03017241379310345,4.0,0.5,0,3,1,838,56,0.3074,47.4,1,0,0,0
ORD_101_03304,PIN_029,Electronics,0,0.16666666666666666,0.5535911602209945,-1.5942,1.6667,0,2,1,153,33,0.4627,69.97,1,0,0,1
ORD_101_03305,PIN_053,Apparel,1,0.22857142857142856,0.19776119402985073,0.8019,0.4,1,5,1,66,59,0.1668,103.09,0,0,0,0
ORD_101_03306,PIN_013,Apparel,0,0.16666666666666666,0.19776119402985073,3.3564,0.2,1,1,1,1553,45,0.0641,49.01,0,0,0,0
ORD_101_03307,PIN_059,Apparel,1,0.21739130434782608,0.19776119402985073,4.0,0.2,1,3,1,202,46,0.3415,123.22,1,0,0,1
ORD_101_03308,PIN_063,Apparel,0,0.175,0.19776119402985073,-1.1162,0.2,0,2,1,918,32,0.3016,110.43,0,0,0,0
ORD_101_03309,PIN_076,Apparel,0,0.4117647058823529,0.19776119402985073,2.456,2.0,1,0,1,593,64,0.1708,147.2,1,0,0,0
ORD_101_03310,PIN_040,Beauty,1,0.21428571428571427,0.02,4.0,0.1667,0,4,1,288,64,0.3244,70.47,1,0,0,0
ORD_101_03311,PIN_069,Books,0,0.25806451612903225,0.01764705882352941,-0.2425,0.25,0,1,2,190,34,0.3833,131.03,0,0,0,0
ORD_101_03312,PIN_002,Apparel,0,0.15,0.19776119402985073,2.9317,0.2,0,2,1,165,39,0.2936,1.0,0,0,0,0
ORD_101_03313,PIN_019,Home,0,0.13513513513513514,0.03017241379310345,0.2007,0.25,0,4,1,233,31,0.1402,47.13,0,0,0,0
ORD_101_03314,PIN_071,Electronics,0,0.43243243243243246,0.5535911602209945,-0.3139,0.3333,0,3,1,99,36,0.2609,143.87,1,0,0,1
ORD_101_03315,PIN_013,Books,0,0.16666666666666666,0.01764705882352941,0.7786,0.25,0,2,1,1281,51,0.4122,36.66,1,0,0,0
ORD_101_03316,PIN_001,Books,0,0.1282051282051282,0.01764705882352941,4.0,0.25,0,2,1,1181,50,0.0271,8.14,1,0,0,0
ORD_101_03317,PIN_087,Apparel,0,0.23333333333333334,0.19776119402985073,-0.671,0.2,0,0,1,181,60,0.2558,165.68,1,0,0,0
ORD_101_03318,PIN_047,Electronics,1,0.2727272727272727,0.5535911602209945,-0.6146,0.3333,1,2,1,315,41,0.1983,83.69,1,0,0,1
ORD_101_03319,PIN_010,Beauty,0,0.24444444444444444,0.02,-0.6795,0.1667,0,0,1,196,12,0.0967,4.14,0,0,0,0
ORD_101_03320,PIN_082,Beauty,0,0.25,0.02,4.0,0.3333,0,1,1,286,65,0.6685,157.95,0,0,0,0
ORD_101_03321,PIN_013,Electronics,0,0.16666666666666666,0.5535911602209945,-1.5452,1.0,1,1,1,573,61,0.4389,25.91,1,0,0,0
ORD_101_03322,PIN_081,Electronics,0,0.375,0.5535911602209945,-0.9703,0.3333,0,1,1,32,51,0.0311,151.54,1,0,0,0
ORD_101_03323,PIN_055,Beauty,1,0.19047619047619047,0.02,-1.0342,0.1667,1,6,1,457,34,0.6803,93.4,1,0,0,1
ORD_101_03324,PIN_071,Electronics,0,0.43243243243243246,0.5535911602209945,-1.4439,0.3333,0,2,1,55,72,0.3209,127.61,0,0,0,0
ORD_101_03325,PIN_008,Home,1,0.14285714285714285,0.03017241379310345,-0.7789,0.5,0,0,1,58,66,0.3174,15.35,1,0,0,0
ORD_101_03326,PIN_021,Apparel,0,0.15151515151515152,0.19776119402985073,0.2094,0.2,1,2,1,3,39,0.2908,52.18,0,0,0,0
ORD_101_03327,PIN_054,Apparel,0,0.34782608695652173,0.19776119402985073,0.284,0.2,0,4,1,55,36,0.1887,111.51,0,0,0,0
ORD_101_03328,PIN_025,Beauty,0,0.21052631578947367,0.02,-0.7699,0.3333,0,6,1,23,50,0.5563,60.97,1,0,0,0
ORD_101_03329,PIN_011,Home,0,0.10810810810810811,0.03017241379310345,-1.6407,0.25,0,4,1,665,53,0.6237,47.94,1,0,0,0
ORD_101_03330,PIN_059,Electronics,0,0.21739130434782608,0.5535911602209945,-0.2886,0.3333,0,2,1,32,30,0.1635,94.21,1,0,0,1
ORD_101_03331,PIN_064,Electronics,0,0.13157894736842105,0.5535911602209945,-1.6549,1.0,0,3,1,126,30,0.2002,137.13,0,0,0,0
ORD_101_03332,PIN_072,Electronics,0,0.3548387096774194,0.5535911602209945,-1.6679,0.3333,0,1,1,295,24,0.2426,134.94,1,0,0,0
ORD_101_03333,PIN_080,Beauty,0,0.32,0.02,2.6523,0.1667,0,6,1,317,33,0.6789,149.6,0,0,0,0
ORD_101_03334,PIN_044,Apparel,0,0.21428571428571427,0.19776119402985073,0.8652,0.6,0,2,1,54,33,0.365,81.32,0,0,0,0
ORD_101_03335,PIN_064,Apparel,0,0.13157894736842105,0.19776119402985073,1.6104,0.2,0,1,1,558,37,0.1674,123.9,1,0,0,0
ORD_101_03336,PIN_070,Home,0,0.2682926829268293,0.03017241379310345,-0.5047,0.25,0,1,1,532,32,0.5186,126.73,0,0,0,0
ORD_101_03337,PIN_068,Electronics,0,0.225,0.5535911602209945,-0.7172,0.6667,0,0,1,240,50,0.2076,124.57,0,0,0,0
ORD_101_03338,PIN_083,Apparel,0,0.3404255319148936,0.19776119402985073,0.6621,0.2,0,3,1,738,49,0.2857,142.12,0,0,0,0
ORD_101_03339,PIN_053,Books,2,0.22857142857142856,0.01764705882352941,0.3069,0.5,0,4,1,79,48,0.2816,102.24,0,0,0,0
ORD_101_03340,PIN_058,Apparel,0,0.28125,0.19776119402985073,-0.3626,0.2,0,3,1,723,51,0.4149,108.73,1,0,0,0
ORD_101_03341,PIN_049,Apparel,0,0.23333333333333334,0.19776119402985073,1.2912,0.2,0,5,1,63,40,0.2479,100.46,1,0,0,0
ORD_101_03342,PIN_022,Apparel,0,0.15384615384615385,0.19776119402985073,4.0,0.2,0,0,1,499,60,0.2048,42.67,0,0,0,0
ORD_101_03343,PIN_005,Beauty,0,0.06666666666666667,0.02,4.0,0.1667,0,0,1,2,19,0.6999,13.03,1,0,0,0
ORD_101_03344,PIN_009,Electronics,0,0.23684210526315788,0.5535911602209945,-1.0407,0.3333,1,3,1,385,45,0.0909,21.1,1,0,0,0
ORD_101_03345,PIN_048,Home,0,0.21621621621621623,0.03017241379310345,-0.507,0.25,0,3,2,146,49,0.1685,87.1,0,0,0,0
ORD_101_03346,PIN_024,Home,0,0.26666666666666666,0.03017241379310345,-1.3122,0.25,0,3,1,136,45,0.118,40.26,0,0,0,0
ORD_101_03347,PIN_031,Apparel,0,0.1875,0.19776119402985073,2.7952,0.2,1,4,1,435,32,0.2274,57.92,0,0,0,0
ORD_101_03348,PIN_039,Home,1,0.2647058823529412,0.03017241379310345,-0.1904,0.25,0,1,1,487,44,0.3554,76.77,1,0,0,0
ORD_101_03349,PIN_082,Electronics,0,0.25,0.5535911602209945,-1.2882,0.6667,0,5,1,927,48,0.2284,152.51,1,0,0,0
ORD_101_03350,PIN_019,Books,0,0.13513513513513514,0.01764705882352941,3.6328,0.25,0,4,1,602,36,0.572,44.03,1,0,0,0
ORD_101_03351,PIN_078,Apparel,0,0.2647058823529412,0.19776119402985073,1.513,0.2,0,2,1,54,48,0.1507,137.18,0,0,0,0
ORD_101_03352,PIN_035,Beauty,0,0.05714285714285714,0.02,1.2142,0.1667,0,3,1,254,29,0.2421,70.96,1,0,0,0
ORD_101_03353,PIN_077,Apparel,0,0.358974358974359,0.19776119402985073,4.0,0.4,0,3,1,183,35,0.3025,136.99,1,0,0,0
ORD_101_03354,PIN_040,Books,1,0.21428571428571427,0.01764705882352941,4.0,0.25,0,1,1,774,41,0.1333,73.69,1,0,0,0
ORD_101_03355,PIN_076,Home,0,0.4117647058823529,0.03017241379310345,-1.43,0.75,0,3,1,22,50,0.3429,141.3,0,0,0,0
ORD_101_03356,PIN_055,Apparel,1,0.19047619047619047,0.19776119402985073,-1.5559,0.2,0,1,1,114,10,0.2128,103.08,1,0,0,1
ORD_101_03357,PIN_059,Apparel,0,0.21739130434782608,0.19776119402985073,4.0,2.0,0,1,1,611,41,0.1924,108.53,1,0,0,0
ORD_101_03358,PIN_033,Books,0,0.15151515151515152,0.01764705882352941,4.0,0.25,0,5,1,68,50,0.3077,71.99,1,0,0,0
ORD_101_03359,PIN_078,Electronics,0,0.2647058823529412,0.5535911602209945,-0.7283,0.3333,0,3,1,335,49,0.3517,137.0,1,0,0,1
ORD_101_03360,PIN_013,Apparel,0,0.16666666666666666,0.19776119402985073,-1.0945,0.6,0,0,1,378,14,0.4666,33.5,0,0,0,0
ORD_101_03361,PIN_017,Apparel,0,0.24242424242424243,0.19776119402985073,0.6519,0.6,0,4,1,94,64,0.5379,41.54,1,0,0,0
ORD_101_03362,PIN_052,Electronics,0,0.2571428571428571,0.5535911602209945,-1.8869,0.6667,0,4,1,424,44,0.1191,103.53,0,0,0,0
ORD_101_03363,PIN_088,Books,0,0.29411764705882354,0.01764705882352941,3.186,0.25,0,2,2,285,39,0.228,162.74,1,0,0,0
ORD_101_03364,PIN_020,Apparel,0,0.2413793103448276,0.19776119402985073,1.3119,0.2,0,2,1,438,46,0.1079,39.54,1,0,0,0
ORD_101_03365,PIN_067,Apparel,0,0.19444444444444445,0.19776119402985073,4.0,0.2,0,2,1,804,40,0.2758,115.43,1,0,0,0
ORD_101_03366,PIN_009,Apparel,0,0.23684210526315788,0.19776119402985073,-0.5456,0.2,1,4,1,90,54,0.7275,26.75,1,0,0,1
ORD_101_03367,PIN_052,Electronics,1,0.2571428571428571,0.5535911602209945,-1.2796,0.3333,0,2,1,1075,65,0.0745,98.8,1,0,0,0
ORD_101_03368,PIN_032,Electronics,0,0.11538461538461539,0.5535911602209945,-1.7306,0.3333,0,2,1,101,57,0.33,68.5,0,0,0,0
ORD_101_03369,PIN_085,Electronics,0,0.25,0.5535911602209945,-1.5267,1.0,0,3,2,573,46,0.0732,143.14,0,0,0,0
ORD_101_03370,PIN_061,Electronics,0,0.45454545454545453,0.5535911602209945,-0.0347,0.6667,0,1,1,1160,59,0.2851,109.27,1,0,0,0
ORD_101_03371,PIN_084,Electronics,0,0.28,0.5535911602209945,-1.6842,0.3333,0,2,1,131,20,0.182,155.46,0,0,0,0
ORD_101_03372,PIN_080,Books,0,0.32,0.01764705882352941,0.7305,0.5,0,3,1,243,56,0.4451,163.88,0,0,0,0
ORD_101_03373,PIN_043,Apparel,2,0.34615384615384615,0.19776119402985073,0.4635,0.8,1,1,1,167,45,0.1984,95.2,1,0,0,1
ORD_101_03374,PIN_089,Apparel,0,0.3888888888888889,0.19776119402985073,2.8545,0.2,0,4,1,218,12,0.5973,151.22,0,0,0,0
ORD_101_03375,PIN_072,Apparel,0,0.3548387096774194,0.19776119402985073,0.7716,0.2,1,3,1,64,55,0.1773,124.35,0,0,0,0
ORD_101_03376,PIN_009,Electronics,0,0.23684210526315788,0.5535911602209945,-1.6894,0.6667,0,5,1,406,54,0.2358,29.7,1,0,0,0
ORD_101_03377,PIN_084,Apparel,0,0.28,0.19776119402985073,-1.6077,0.2,0,0,1,31,45,0.4916,149.16,0,0,0,0
ORD_101_03378,PIN_027,Electronics,0,0.1875,0.5535911602209945,-1.8725,0.6667,1,3,1,285,64,0.3362,64.15,1,0,0,0
ORD_101_03379,PIN_012,Apparel,0,0.2571428571428571,0.19776119402985073,-0.3782,0.2,0,1,1,294,39,0.4315,20.28,0,0,0,0
ORD_101_03380,PIN_015,Electronics,1,0.1724137931034483,0.5535911602209945,-1.7158,0.3333,0,1,1,74,52,0.076,30.68,1,0,0,0
ORD_101_03381,PIN_046,Books,0,0.23529411764705882,0.01764705882352941,0.646,0.25,0,1,1,163,70,0.2401,85.22,1,0,0,0
ORD_101_03382,PIN_067,Electronics,0,0.19444444444444445,0.5535911602209945,-1.8236,0.3333,1,2,1,235,47,0.5742,118.12,1,0,0,1
ORD_101_03383,PIN_001,Electronics,0,0.1282051282051282,0.5535911602209945,-1.8198,0.3333,1,1,1,460,43,0.4051,5.16,0,0,0,0
ORD_101_03384,PIN_089,Electronics,0,0.3888888888888889,0.5535911602209945,-1.6006,0.3333,0,1,1,66,43,0.7256,156.24,0,0,0,0
ORD_101_03385,PIN_025,Apparel,0,0.21052631578947367,0.19776119402985073,-0.8716,0.2,0,1,1,206,39,0.5881,52.38,0,0,0,0
ORD_101_03386,PIN_087,Home,0,0.23333333333333334,0.03017241379310345,1.1577,0.25,0,4,1,9,40,0.0601,151.14,1,0,0,0
ORD_101_03387,PIN_038,Beauty,0,0.14634146341463414,0.02,4.0,0.1667,0,2,1,36,26,0.1361,71.08,0,0,0,0
ORD_101_03388,PIN_033,Electronics,0,0.15151515151515152,0.5535911602209945,-1.7408,0.3333,0,3,1,172,67,0.2961,73.65,1,0,0,0
ORD_101_03389,PIN_088,Home,1,0.29411764705882354,0.03017241379310345,4.0,0.5,1,6,1,206,31,0.0948,156.9,1,0,0,0
ORD_101_03390,PIN_050,Apparel,0,0.375,0.19776119402985073,-1.5644,0.4,1,4,2,111,35,0.2862,101.14,1,0,0,1
ORD_101_03391,PIN_086,Electronics,0,0.3783783783783784,0.5535911602209945,-1.1446,0.6667,1,2,1,314,43,0.4599,156.94,1,0,0,1
ORD_101_03392,PIN_079,Electronics,0,0.2571428571428571,0.5535911602209945,-1.3148,0.3333,0,5,2,176,35,0.2208,137.63,1,0,0,1
ORD_101_03393,PIN_053,Beauty,0,0.22857142857142856,0.02,-0.97,0.1667,0,2,1,287,40,0.1387,103.84,1,0,0,0
ORD_101_03394,PIN_032,Electronics,0,0.11538461538461539,0.5535911602209945,-1.8656,0.3333,1,3,1,309,38,0.5219,63.9,1,0,0,1
ORD_101_03395,PIN_051,Electronics,1,0.375,0.5535911602209945,-1.5827,0.3333,0,4,1,49,30,0.4713,78.6,0,0,0,0
ORD_101_03396,PIN_072,Beauty,0,0.3548387096774194,0.02,-1.2084,0.1667,0,3,1,475,54,0.0788,133.0,1,0,0,0
ORD_101_03397,PIN_063,Apparel,0,0.175,0.19776119402985073,0.7864,0.2,0,2,1,111,54,0.3193,105.34,1,0,0,0
ORD_101_03398,PIN_049,Apparel,0,0.23333333333333334,0.19776119402985073,4.0,0.2,0,2,1,412,54,0.2829,91.72,1,0,0,0
ORD_101_03399,PIN_008,Books,0,0.14285714285714285,0.01764705882352941,4.0,0.25,0,4,1,29,48,0.2915,33.93,0,0,0,0
ORD_101_03400,PIN_037,Electronics,0,0.21875,0.5535911602209945,-1.7025,0.3333,0,2,1,34,21,0.2779,68.9,1,0,0,1
ORD_101_03401,PIN_025,Electronics,0,0.21052631578947367,0.5535911602209945,-1.5147,0.3333,1,2,1,151,51,0.4235,56.93,1,0,0,1
ORD_101_03402,PIN_024,Apparel,0,0.26666666666666666,0.19776119402985073,4.0,0.2,1,4,2,51,34,0.5403,53.83,1,0,0,1
ORD_101_03403,PIN_058,Apparel,0,0.28125,0.19776119402985073,-0.9405,0.2,0,3,1,7,46,0.1999,121.06,0,0,0,0
ORD_101_03404,PIN_010,Electronics,0,0.24444444444444444,0.5535911602209945,-0.7671,2.0,0,0,1,94,56,0.1059,17.54,1,0,0,0
ORD_101_03405,PIN_048,Books,0,0.21621621621621623,0.01764705882352941,4.0,2.25,0,2,1,336,62,0.1545,108.41,0,0,0,0
ORD_101_03406,PIN_005,Apparel,0,0.06666666666666667,0.19776119402985073,0.8135,0.2,0,2,1,4,49,0.4394,26.12,1,0,0,0
ORD_101_03407,PIN_064,Apparel,0,0.13157894736842105,0.19776119402985073,0.4881,0.2,0,3,1,228,34,0.356,124.09,1,0,0,0
ORD_101_03408,PIN_035,Apparel,0,0.05714285714285714,0.19776119402985073,-1.4103,0.6,0,0,2,504,31,0.206,56.3,0,0,0,0
ORD_101_03409,PIN_018,Apparel,0,0.18421052631578946,0.19776119402985073,-1.2028,0.2,0,2,1,164,54,0.4283,38.55,1,0,0,0
ORD_101_03410,PIN_058,Books,0,0.28125,0.01764705882352941,-0.3593,0.25,0,0,1,330,47,0.2077,125.75,1,0,0,0
ORD_101_03411,PIN_013,Home,0,0.16666666666666666,0.03017241379310345,1.0701,0.25,0,1,1,17,44,0.4224,40.01,1,0,0,0
ORD_101_03412,PIN_061,Books,0,0.45454545454545453,0.01764705882352941,4.0,0.25,1,3,1,215,46,0.0774,106.39,1,0,0,0
ORD_101_03413,PIN_042,Apparel,0,0.25,0.19776119402985073,0.0889,0.2,0,2,1,971,64,0.1844,101.09,1,0,0,0
ORD_101_03414,PIN_004,Electronics,0,0.21212121212121213,0.5535911602209945,-1.87,0.3333,0,0,1,169,36,0.3282,16.11,1,0,0,0
ORD_101_03415,PIN_038,Beauty,0,0.14634146341463414,0.02,0.1917,1.6667,0,2,1,12,49,0.1573,57.35,0,0,0,0
ORD_101_03416,PIN_069,Books,0,0.25806451612903225,0.01764705882352941,4.0,0.25,0,2,1,673,42,0.3519,126.07,1,0,0,0
ORD_101_03417,PIN_020,Apparel,0,0.2413793103448276,0.19776119402985073,2.7139,0.2,0,3,1,825,68,0.3425,43.0,0,0,0,0
ORD_101_03418,PIN_052,Electronics,0,0.2571428571428571,0.5535911602209945,0.597,0.3333,0,4,1,15,43,0.45,94.76,0,0,0,0
ORD_101_03419,PIN_011,Electronics,0,0.10810810810810811,0.5535911602209945,-0.7359,0.3333,0,4,1,274,45,0.1788,25.71,1,0,0,0
ORD_101_03420,PIN_068,Apparel,0,0.225,0.19776119402985073,4.0,1.0,0,2,2,910,45,0.2685,129.04,1,0,0,0
ORD_101_03421,PIN_070,Electronics,0,0.2682926829268293,0.5535911602209945,-1.563,0.3333,0,0,2,84,42,0.2999,125.85,1,0,0,1
ORD_101_03422,PIN_068,Apparel,0,0.225,0.19776119402985073,4.0,0.2,0,1,1,121,20,0.1836,129.35,1,0,0,0
ORD_101_03423,PIN_065,Electronics,0,0.2619047619047619,0.5535911602209945,-0.0733,0.3333,0,2,1,314,43,0.3928,130.6,1,0,0,1
ORD_101_03424,PIN_006,Books,0,0.23529411764705882,0.01764705882352941,4.0,0.25,0,5,1,68,35,0.4421,19.0,1,0,0,0
ORD_101_03425,PIN_047,Electronics,0,0.2727272727272727,0.5535911602209945,-1.7108,0.3333,0,1,1,77,53,0.1179,87.29,0,0,0,0
ORD_101_03426,PIN_038,Apparel,0,0.14634146341463414,0.19776119402985073,-1.5959,0.2,1,1,1,255,41,0.2914,74.7,1,0,0,0
ORD_101_03427,PIN_082,Apparel,0,0.25,0.19776119402985073,2.2061,0.2,0,1,2,423,26,0.2705,156.3,1,0,0,0
ORD_101_03428,PIN_016,Beauty,0,0.20930232558139536,0.02,0.9488,0.1667,0,2,1,170,59,0.2646,38.74,1,0,0,0
ORD_101_03429,PIN_078,Electronics,0,0.2647058823529412,0.5535911602209945,-1.7192,0.3333,0,2,1,77,45,0.175,141.33,1,0,0,1
ORD_101_03430,PIN_040,Apparel,0,0.21428571428571427,0.19776119402985073,-0.4522,0.2,0,2,1,116,63,0.1276,72.21,1,0,0,0
ORD_101_03431,PIN_080,Beauty,0,0.32,0.02,4.0,1.6667,0,3,1,13,30,0.526,117.33,1,0,0,0
ORD_101_03432,PIN_040,Apparel,3,0.21428571428571427,0.19776119402985073,2.2426,0.2,0,1,2,344,32,0.2646,82.11,1,0,0,1
ORD_101_03433,PIN_018,Home,0,0.18421052631578946,0.03017241379310345,-1.2709,0.5,0,4,1,27,42,0.5023,30.56,0,0,0,0
ORD_101_03434,PIN_035,Home,0,0.05714285714285714,0.03017241379310345,2.5602,0.25,0,1,1,678,59,0.285,63.93,1,0,0,0
ORD_101_03435,PIN_050,Beauty,1,0.375,0.02,4.0,0.1667,0,4,1,21,49,0.0676,82.1,1,0,0,0
ORD_101_03436,PIN_061,Books,0,0.45454545454545453,0.01764705882352941,1.5345,0.25,1,3,1,1593,24,0.2717,114.93,1,0,0,0
ORD_101_03437,PIN_073,Apparel,0,0.25,0.19776119402985073,-1.58,0.6,0,2,2,59,57,0.2134,132.5,0,0,0,0
ORD_101_03438,PIN_017,Beauty,0,0.24242424242424243,0.02,4.0,0.1667,0,2,1,284,79,0.3374,33.99,0,0,0,0
ORD_101_03439,PIN_050,Apparel,0,0.375,0.19776119402985073,2.7795,0.6,1,1,1,110,23,0.099,68.6,0,0,0,0
ORD_101_03440,PIN_001,Beauty,0,0.1282051282051282,0.02,-1.2352,0.1667,0,5,1,603,45,0.2311,1.0,0,0,0,0
ORD_101_03441,PIN_070,Beauty,0,0.2682926829268293,0.02,4.0,0.1667,0,4,1,274,70,0.3607,141.31,1,0,0,0
ORD_101_03442,PIN_017,Electronics,0,0.24242424242424243,0.5535911602209945,-1.3153,0.3333,1,3,1,625,43,0.1928,46.99,1,0,0,0
ORD_101_03443,PIN_007,Apparel,0,0.125,0.19776119402985073,0.5493,0.2,0,5,1,115,49,0.1157,18.16,1,0,0,0
ORD_101_03444,PIN_055,Electronics,0,0.19047619047619047,0.5535911602209945,-1.9199,0.3333,0,1,1,160,27,0.1574,103.69,1,0,0,0
ORD_101_03445,PIN_060,Apparel,0,0.25806451612903225,0.19776119402985073,0.676,0.2,0,1,1,406,58,0.2114,107.57,1,0,0,0
ORD_101_03446,PIN_049,Electronics,1,0.23333333333333334,0.5535911602209945,-0.0804,0.3333,0,0,1,416,25,0.1244,101.47,0,0,0,0
ORD_101_03447,PIN_047,Books,0,0.2727272727272727,0.01764705882352941,4.0,0.75,0,2,1,63,11,0.2319,75.97,0,0,0,0
ORD_101_03448,PIN_028,Apparel,1,0.0625,0.19776119402985073,3.2338,0.2,0,4,1,72,54,0.1353,63.49,0,0,0,0
ORD_101_03449,PIN_070,Home,0,0.2682926829268293,0.03017241379310345,-0.8853,0.25,1,3,1,302,50,0.2885,140.1,0,0,0,0
ORD_101_03450,PIN_039,Apparel,2,0.2647058823529412,0.19776119402985073,4.0,0.2,0,2,1,242,30,0.3996,69.22,0,0,0,0
ORD_101_03451,PIN_072,Apparel,0,0.3548387096774194,0.19776119402985073,-0.2986,0.4,0,3,1,1025,63,0.1983,125.4,0,0,0,0
ORD_101_03452,PIN_026,Home,0,0.1891891891891892,0.03017241379310345,-1.425,0.25,0,1,1,24,46,0.3102,57.49,1,0,0,0
ORD_101_03453,PIN_001,Apparel,0,0.1282051282051282,0.19776119402985073,3.8275,0.2,0,2,1,330,50,0.417,25.14,0,0,0,0
ORD_101_03454,PIN_027,Apparel,0,0.1875,0.19776119402985073,-0.8737,0.2,1,2,1,70,42,0.2067,58.34,1,0,0,0
ORD_101_03455,PIN_064,Apparel,0,0.13157894736842105,0.19776119402985073,0.3374,0.2,0,1,2,242,58,0.2883,128.08,1,0,0,0
ORD_101_03456,PIN_034,Apparel,0,0.22580645161290322,0.19776119402985073,-1.228,0.2,0,3,1,699,50,0.5261,69.11,1,0,0,0
ORD_101_03457,PIN_077,Beauty,0,0.358974358974359,0.02,0.4962,0.1667,1,3,1,553,64,0.2298,134.13,0,0,0,0
ORD_101_03458,PIN_001,Apparel,0,0.1282051282051282,0.19776119402985073,-1.0891,0.4,1,1,2,356,69,0.2621,14.13,1,0,0,0
ORD_101_03459,PIN_058,Electronics,0,0.28125,0.5535911602209945,1.095,0.3333,0,1,1,34,28,0.3611,116.81,1,0,0,1
ORD_101_03460,PIN_039,Books,0,0.2647058823529412,0.01764705882352941,4.0,0.25,0,3,1,10,72,0.1847,89.18,1,0,0,0
ORD_101_03461,PIN_032,Electronics,0,0.11538461538461539,0.5535911602209945,-1.8407,0.6667,0,2,1,51,29,0.2668,85.5,1,0,0,1
ORD_101_03462,PIN_034,Books,0,0.22580645161290322,0.01764705882352941,0.5413,0.25,0,4,1,268,64,0.3309,66.71,1,0,0,0
ORD_101_03463,PIN_079,Apparel,0,0.2571428571428571,0.19776119402985073,4.0,0.2,0,3,1,66,47,0.681,136.61,1,0,0,1
ORD_101_03464,PIN_012,Electronics,0,0.2571428571428571,0.5535911602209945,-1.3177,0.3333,0,1,1,273,29,0.2355,30.06,1,0,0,0
ORD_101_03465,PIN_022,Home,0,0.15384615384615385,0.03017241379310345,0.7989,1.0,0,1,1,205,83,0.1972,48.56,0,0,0,0
ORD_101_03466,PIN_002,Apparel,1,0.15,0.19776119402985073,-0.9854,0.2,0,1,1,92,14,0.1657,14.22,0,0,0,0
ORD_101_03467,PIN_061,Books,1,0.45454545454545453,0.01764705882352941,2.9205,0.25,0,0,1,195,42,0.1393,114.63,0,0,0,0
ORD_101_03468,PIN_068,Electronics,0,0.225,0.5535911602209945,-1.6295,0.3333,0,3,1,510,54,0.0289,117.48,1,0,0,0
ORD_101_03469,PIN_026,Apparel,0,0.1891891891891892,0.19776119402985073,3.0721,0.4,0,2,1,1098,32,0.3838,55.89,1,0,0,0
ORD_101_03470,PIN_014,Electronics,0,0.20689655172413793,0.5535911602209945,-0.0994,1.0,0,2,2,107,50,0.0379,42.06,0,0,0,0
ORD_101_03471,PIN_082,Home,1,0.25,0.03017241379310345,-1.0021,0.5,1,2,1,445,53,0.5199,135.35,1,0,0,0
ORD_101_03472,PIN_016,Books,0,0.20930232558139536,0.01764705882352941,4.0,0.25,0,3,1,498,36,0.2623,45.66,0,0,0,0
ORD_101_03473,PIN_002,Apparel,0,0.15,0.19776119402985073,2.3872,0.2,1,3,1,87,53,0.4582,10.2,1,0,0,0
ORD_101_03474,PIN_026,Apparel,0,0.1891891891891892,0.19776119402985073,-1.1918,0.8,0,1,1,95,60,0.5808,68.7,0,0,0,0
ORD_101_03475,PIN_042,Apparel,0,0.25,0.19776119402985073,1.5715,0.2,1,5,2,156,50,0.0289,79.6,1,0,0,0
ORD_101_03476,PIN_075,Electronics,1,0.26666666666666666,0.5535911602209945,-1.4698,0.3333,0,7,1,81,60,0.3352,140.09,1,0,0,1
ORD_101_03477,PIN_021,Home,0,0.15151515151515152,0.03017241379310345,-0.9772,0.25,0,1,1,18,51,0.145,47.49,1,0,0,0
ORD_101_03478,PIN_040,Electronics,0,0.21428571428571427,0.5535911602209945,-1.8037,0.3333,0,4,1,352,56,0.3891,81.46,0,0,0,0
ORD_101_03479,PIN_020,Apparel,0,0.2413793103448276,0.19776119402985073,3.8535,0.2,0,3,1,70,31,0.6756,36.26,1,0,0,1
ORD_101_03480,PIN_021,Electronics,0,0.15151515151515152,0.5535911602209945,-1.7822,0.3333,0,2,1,494,22,0.5097,50.69,1,0,0,1
ORD_101_03481,PIN_057,Apparel,0,0.25,0.19776119402985073,1.8022,0.4,0,5,3,1192,69,0.6365,126.42,0,0,0,0
ORD_101_03482,PIN_088,Apparel,0,0.29411764705882354,0.19776119402985073,0.7391,0.2,0,2,1,265,61,0.0398,165.8,1,0,0,0
ORD_101_03483,PIN_028,Apparel,0,0.0625,0.19776119402985073,2.1467,0.2,1,6,1,137,46,0.2983,62.77,1,0,0,0
ORD_101_03484,PIN_063,Electronics,1,0.175,0.5535911602209945,-1.1821,0.3333,0,1,1,33,56,0.1285,121.58,1,0,0,1
ORD_101_03485,PIN_060,Electronics,0,0.25806451612903225,0.5535911602209945,-1.9226,0.3333,0,2,1,136,50,0.4262,117.44,0,0,0,0
ORD_101_03486,PIN_037,Beauty,0,0.21875,0.02,4.0,0.1667,0,2,1,105,23,0.1647,79.82,1,0,0,0
ORD_101_03487,PIN_035,Electronics,1,0.05714285714285714,0.5535911602209945,-1.5693,0.3333,0,1,1,298,48,0.0501,68.18,0,0,0,0
ORD_101_03488,PIN_013,Apparel,0,0.16666666666666666,0.19776119402985073,0.9893,0.2,0,3,2,212,49,0.4141,38.82,1,0,0,1
ORD_101_03489,PIN_078,Apparel,0,0.2647058823529412,0.19776119402985073,4.0,0.4,0,0,1,240,48,0.4812,133.67,0,0,0,0
ORD_101_03490,PIN_035,Electronics,0,0.05714285714285714,0.5535911602209945,-0.0618,0.3333,1,1,1,583,79,0.2235,65.65,0,0,0,0
ORD_101_03491,PIN_044,Apparel,0,0.21428571428571427,0.19776119402985073,-0.7556,0.2,0,2,1,92,18,0.0963,80.11,0,0,0,0
ORD_101_03492,PIN_076,Apparel,0,0.4117647058823529,0.19776119402985073,2.0905,0.2,0,3,1,204,21,0.4659,141.49,1,0,0,1
ORD_101_03493,PIN_009,Apparel,0,0.23684210526315788,0.19776119402985073,4.0,0.2,0,1,1,297,38,0.0226,28.76,1,0,0,0
ORD_101_03494,PIN_008,Electronics,1,0.14285714285714285,0.5535911602209945,-1.2824,0.6667,1,0,1,48,12,0.4022,29.73,1,0,0,1
ORD_101_03495,PIN_048,Apparel,0,0.21621621621621623,0.19776119402985073,1.5029,0.4,0,3,1,101,64,0.2631,91.15,1,0,0,0
ORD_101_03496,PIN_085,Electronics,0,0.25,0.5535911602209945,-1.8559,0.3333,0,3,1,174,64,0.3084,146.72,1,0,0,1
ORD_101_03497,PIN_087,Apparel,0,0.23333333333333334,0.19776119402985073,0.6379,0.2,0,1,1,21,56,0.3193,146.73,1,0,0,0
ORD_101_03498,PIN_058,Apparel,2,0.28125,0.19776119402985073,1.2194,0.2,1,3,1,118,10,0.0599,100.83,1,0,0,1
ORD_101_03499,PIN_046,Electronics,0,0.23529411764705882,0.5535911602209945,-1.617,1.3333,1,5,1,308,46,0.2865,99.31,0,0,0,0
ORD_101_03500,PIN_010,Books,0,0.24444444444444444,0.01764705882352941,4.0,0.25,0,4,2,146,39,0.1841,21.92,1,0,0,0
ORD_101_03501,PIN_029,Home,0,0.16666666666666666,0.03017241379310345,0.6757,0.25,0,5,1,345,49,0.2118,59.98,1,0,0,0
ORD_101_03502,PIN_019,Beauty,0,0.13513513513513514,0.02,-0.378,0.1667,0,0,1,92,59,0.2101,45.66,1,0,0,0
ORD_101_03503,PIN_075,Apparel,0,0.26666666666666666,0.19776119402985073,-1.5276,0.2,0,2,1,781,54,0.3864,139.69,1,0,0,0
ORD_101_03504,PIN_003,Home,0,0.275,0.03017241379310345,-0.123,0.25,0,1,1,551,39,0.3438,19.21,1,0,0,0
ORD_101_03505,PIN_081,Beauty,0,0.375,0.02,0.6486,0.1667,0,2,1,144,21,0.4409,144.84,0,0,0,0
ORD_101_03506,PIN_005,Electronics,0,0.06666666666666667,0.5535911602209945,-1.4178,0.3333,0,2,1,640,61,0.1645,20.49,0,0,0,0
ORD_101_03507,PIN_004,Books,0,0.21212121212121213,0.01764705882352941,1.1287,0.25,0,0,1,616,58,0.2159,24.18,0,0,0,0
ORD_101_03508,PIN_088,Apparel,0,0.29411764705882354,0.19776119402985073,0.8767,0.2,0,2,1,508,11,0.0645,152.66,1,0,0,0
ORD_101_03509,PIN_021,Apparel,1,0.15151515151515152,0.19776119402985073,-1.3016,2.0,0,5,1,137,31,0.3686,50.96,0,0,0,0
ORD_101_03510,PIN_025,Books,0,0.21052631578947367,0.01764705882352941,0.5125,0.25,0,0,1,268,48,0.1767,38.39,1,0,0,0
ORD_101_03511,PIN_067,Apparel,0,0.19444444444444445,0.19776119402985073,2.8492,0.2,0,3,1,650,30,0.4492,123.51,1,0,0,0
ORD_101_03512,PIN_060,Books,0,0.25806451612903225,0.01764705882352941,2.3621,0.25,0,3,2,209,20,0.2651,106.01,0,0,0,0
ORD_101_03513,PIN_027,Apparel,0,0.1875,0.19776119402985073,1.4308,0.2,1,2,1,313,58,0.139,63.87,1,0,0,0
ORD_101_03514,PIN_063,Apparel,1,0.175,0.19776119402985073,0.2439,0.2,0,1,1,2,36,0.2012,109.21,0,0,0,0
ORD_101_03515,PIN_086,Beauty,0,0.3783783783783784,0.02,4.0,0.1667,0,2,1,616,43,0.1902,169.76,0,0,0,0
ORD_101_03516,PIN_010,Apparel,0,0.24444444444444444,0.19776119402985073,-1.4412,2.0,0,2,1,912,42,0.4154,31.62,0,0,0,0
ORD_101_03517,PIN_074,Apparel,0,0.23076923076923078,0.19776119402985073,-1.1005,0.2,0,2,1,92,51,0.4169,135.28,1,0,0,0
ORD_101_03518,PIN_024,Electronics,0,0.26666666666666666,0.5535911602209945,-0.7776,0.3333,0,3,1,239,48,0.2963,41.19,1,0,0,0
ORD_101_03519,PIN_035,Electronics,0,0.05714285714285714,0.5535911602209945,-1.7871,0.3333,0,0,1,931,50,0.3239,62.01,1,0,0,0
ORD_101_03520,PIN_042,Books,0,0.25,0.01764705882352941,4.0,0.25,0,2,1,116,34,0.0831,95.76,0,0,0,0
ORD_101_03521,PIN_048,Home,0,0.21621621621621623,0.03017241379310345,-1.0241,0.25,0,3,1,190,80,0.4221,98.66,0,0,0,0
ORD_101_03522,PIN_053,Apparel,0,0.22857142857142856,0.19776119402985073,-1.2411,0.2,0,3,1,46,29,0.5804,107.93,1,0,0,1
ORD_101_03523,PIN_080,Books,0,0.32,0.01764705882352941,4.0,0.25,0,1,1,26,30,0.1425,140.64,1,0,0,0
ORD_101_03524,PIN_082,Books,0,0.25,0.01764705882352941,4.0,0.25,0,2,1,587,44,0.3508,154.26,1,0,0,0
ORD_101_03525,PIN_079,Beauty,0,0.2571428571428571,0.02,-0.7603,0.1667,0,2,1,237,70,0.1393,144.79,0,0,0,0
ORD_101_03526,PIN_016,Beauty,0,0.20930232558139536,0.02,2.4244,0.6667,1,3,1,975,13,0.3516,28.97,1,0,0,0
ORD_101_03527,PIN_022,Apparel,0,0.15384615384615385,0.19776119402985073,0.0008,1.2,1,2,1,467,50,0.3643,51.46,1,0,0,0
ORD_101_03528,PIN_033,Electronics,0,0.15151515151515152,0.5535911602209945,-0.8036,0.6667,0,2,1,17,41,0.3696,46.13,1,0,0,1
ORD_101_03529,PIN_034,Books,0,0.22580645161290322,0.01764705882352941,4.0,0.5,0,4,1,13,39,0.4266,75.41,0,0,0,0
ORD_101_03530,PIN_055,Electronics,0,0.19047619047619047,0.5535911602209945,-0.4165,0.6667,0,3,1,154,52,0.3198,102.84,1,0,0,1
ORD_101_03531,PIN_013,Apparel,0,0.16666666666666666,0.19776119402985073,4.0,0.2,0,1,1,406,52,0.3614,37.05,0,0,0,0
ORD_101_03532,PIN_039,Apparel,0,0.2647058823529412,0.19776119402985073,1.2276,0.2,0,2,1,0,10,0.3592,73.33,1,0,0,0
ORD_101_03533,PIN_079,Beauty,3,0.2571428571428571,0.02,4.0,0.1667,0,2,1,155,58,0.2653,152.49,1,0,0,1
ORD_101_03534,PIN_011,Electronics,1,0.10810810810810811,0.5535911602209945,-0.9966,0.3333,0,2,1,4,36,0.1372,40.43,0,0,0,0
ORD_101_03535,PIN_051,Electronics,1,0.375,0.5535911602209945,-1.1797,0.6667,0,5,1,155,54,0.2597,96.78,1,0,0,1
ORD_101_03536,PIN_019,Apparel,0,0.13513513513513514,0.19776119402985073,4.0,0.2,0,1,1,555,63,0.5004,50.58,0,0,0,0
ORD_101_03537,PIN_056,Apparel,0,0.25,0.19776119402985073,4.0,0.2,1,2,2,1202,62,0.2344,106.74,1,0,0,0
ORD_101_03538,PIN_025,Electronics,0,0.21052631578947367,0.5535911602209945,-1.448,0.6667,1,5,1,6,55,0.424,47.87,0,0,0,0
ORD_101_03539,PIN_064,Apparel,0,0.13157894736842105,0.19776119402985073,0.962,0.2,1,3,1,125,60,0.4628,109.98,1,0,0,0
ORD_101_03540,PIN_034,Electronics,0,0.22580645161290322,0.5535911602209945,-0.4388,0.6667,0,0,1,328,40,0.3507,73.2,1,0,0,0
ORD_101_03541,PIN_005,Electronics,0,0.06666666666666667,0.5535911602209945,-1.2747,0.3333,0,2,1,160,30,0.1997,3.62,0,0,0,0
ORD_101_03542,PIN_036,Electronics,0,0.3,0.5535911602209945,-1.8855,3.3333,0,1,1,312,51,0.2862,71.41,0,0,0,0
ORD_101_03543,PIN_011,Books,0,0.10810810810810811,0.01764705882352941,-0.6852,0.75,0,3,1,1379,36,0.3217,47.33,1,0,0,0
ORD_101_03544,PIN_071,Electronics,0,0.43243243243243246,0.5535911602209945,-1.7598,0.3333,0,2,2,236,59,0.5523,125.56,0,0,0,0
ORD_101_03545,PIN_013,Apparel,0,0.16666666666666666,0.19776119402985073,-1.0808,0.6,0,1,1,561,36,0.1682,35.81,1,0,0,0
ORD_101_03546,PIN_016,Electronics,0,0.20930232558139536,0.5535911602209945,-1.7236,0.3333,0,3,1,4,31,0.0458,37.32,1,0,0,0
ORD_101_03547,PIN_084,Apparel,0,0.28,0.19776119402985073,4.0,0.2,0,4,1,74,41,0.0283,175.59,0,0,0,0
ORD_101_03548,PIN_036,Apparel,0,0.3,0.19776119402985073,-0.1164,1.0,0,1,1,248,69,0.2637,69.39,1,0,0,0
ORD_101_03549,PIN_034,Apparel,0,0.22580645161290322,0.19776119402985073,4.0,0.2,1,1,1,20,47,0.2966,71.89,0,0,0,0
ORD_101_03550,PIN_069,Home,0,0.25806451612903225,0.03017241379310345,-1.8006,0.25,0,1,1,258,57,0.2909,105.62,0,0,0,0
ORD_101_03551,PIN_012,Apparel,1,0.2571428571428571,0.19776119402985073,2.8066,0.2,0,3,1,27,54,0.6691,29.3,1,0,0,1
ORD_101_03552,PIN_090,Electronics,0,0.42424242424242425,0.5535911602209945,-1.0567,0.3333,0,3,1,421,51,0.1967,161.18,1,0,0,0
ORD_101_03553,PIN_005,Apparel,0,0.06666666666666667,0.19776119402985073,0.5613,0.2,0,6,1,336,67,0.2756,13.72,0,0,0,0
ORD_101_03554,PIN_035,Electronics,0,0.05714285714285714,0.5535911602209945,0.3693,0.3333,0,5,1,310,32,0.135,73.34,1,0,0,0
ORD_101_03555,PIN_060,Electronics,0,0.25806451612903225,0.5535911602209945,-0.6141,0.3333,0,7,1,7,32,0.3521,108.35,0,0,0,0
ORD_101_03556,PIN_065,Home,0,0.2619047619047619,0.03017241379310345,-1.5108,0.25,1,5,1,13,75,0.5542,109.16,1,0,0,0
ORD_101_03557,PIN_087,Beauty,0,0.23333333333333334,0.02,4.0,0.1667,0,5,1,66,48,0.4671,148.63,0,0,0,0
ORD_101_03558,PIN_090,Apparel,0,0.42424242424242425,0.19776119402985073,1.0744,0.2,0,4,1,214,16,0.3554,159.36,0,0,0,0
ORD_101_03559,PIN_019,Apparel,0,0.13513513513513514,0.19776119402985073,-1.5733,0.4,1,3,1,23,55,0.2061,46.0,1,0,0,0
ORD_101_03560,PIN_046,Apparel,2,0.23529411764705882,0.19776119402985073,-1.3641,0.4,0,4,3,846,25,0.0284,89.84,1,0,0,1
ORD_101_03561,PIN_036,Electronics,0,0.3,0.5535911602209945,-0.6212,0.3333,0,3,1,376,43,0.0895,60.72,1,0,0,0
ORD_101_03562,PIN_059,Home,0,0.21739130434782608,0.03017241379310345,1.0286,0.5,0,4,2,147,67,0.1503,107.24,0,0,0,0
ORD_101_03563,PIN_060,Beauty,3,0.25806451612903225,0.02,-1.0242,0.1667,0,5,2,72,48,0.4469,116.22,0,0,0,0
ORD_101_03564,PIN_013,Electronics,0,0.16666666666666666,0.5535911602209945,-1.826,0.3333,0,2,1,29,36,0.3859,34.58,1,0,0,1
ORD_101_03565,PIN_049,Electronics,0,0.23333333333333334,0.5535911602209945,-1.5352,0.3333,0,0,2,161,59,0.3833,92.32,1,0,0,1
ORD_101_03566,PIN_055,Apparel,0,0.19047619047619047,0.19776119402985073,1.5757,0.2,0,2,1,304,53,0.3505,105.19,0,0,0,0
ORD_101_03567,PIN_086,Books,0,0.3783783783783784,0.01764705882352941,4.0,0.25,0,2,1,273,19,0.4371,153.48,1,0,0,0
ORD_101_03568,PIN_014,Books,1,0.20689655172413793,0.01764705882352941,1.7805,0.25,1,2,1,177,60,0.2773,36.02,1,0,0,0
ORD_101_03569,PIN_020,Home,0,0.2413793103448276,0.03017241379310345,1.662,0.25,0,4,1,64,53,0.5509,35.52,1,0,0,0
ORD_101_03570,PIN_034,Apparel,0,0.22580645161290322,0.19776119402985073,0.7056,0.6,0,2,1,330,67,0.394,53.6,0,0,0,0
ORD_101_03571,PIN_089,Electronics,0,0.3888888888888889,0.5535911602209945,-1.9004,0.3333,1,1,1,1464,24,0.5877,164.85,1,0,0,0
ORD_101_03572,PIN_080,Beauty,2,0.32,0.02,2.0539,0.8333,0,1,1,2,24,0.1189,149.97,1,0,0,0
ORD_101_03573,PIN_049,Beauty,0,0.23333333333333334,0.02,-0.9708,0.8333,0,1,1,346,45,0.1133,88.57,0,0,0,0
ORD_101_03574,PIN_058,Apparel,0,0.28125,0.19776119402985073,0.2461,1.6,0,3,1,75,61,0.6272,118.52,1,0,0,1
ORD_101_03575,PIN_065,Electronics,2,0.2619047619047619,0.5535911602209945,-1.6675,0.3333,0,2,1,54,16,0.5095,128.98,1,0,0,1
ORD_101_03576,PIN_045,Home,0,0.2777777777777778,0.03017241379310345,-0.9021,0.25,0,3,1,79,62,0.5031,97.09,0,0,0,0
ORD_101_03577,PIN_033,Books,1,0.15151515151515152,0.01764705882352941,4.0,0.25,1,7,1,431,39,0.2906,68.96,0,0,0,0
ORD_101_03578,PIN_029,Apparel,0,0.16666666666666666,0.19776119402985073,-0.9264,0.4,0,6,1,1771,63,0.4551,61.54,0,0,0,0
ORD_101_03579,PIN_050,Apparel,1,0.375,0.19776119402985073,-0.6911,0.4,0,3,1,207,91,0.4362,97.5,1,0,0,1
ORD_101_03580,PIN_014,Electronics,0,0.20689655172413793,0.5535911602209945,-0.4003,0.3333,1,5,2,50,50,0.2009,26.48,1,0,0,1
ORD_101_03581,PIN_062,Apparel,0,0.4,0.19776119402985073,4.0,0.2,0,0,1,885,19,0.2586,125.52,1,0,0,0
ORD_101_03582,PIN_064,Books,0,0.13157894736842105,0.01764705882352941,4.0,0.25,0,2,2,17,49,0.1133,112.2,1,0,0,0
ORD_101_03583,PIN_077,Home,3,0.358974358974359,0.03017241379310345,-0.9931,1.25,0,3,1,254,60,0.1325,141.85,1,0,0,1
ORD_101_03584,PIN_073,Electronics,0,0.25,0.5535911602209945,-1.8977,0.3333,0,2,1,417,46,0.2371,140.66,0,0,0,0
ORD_101_03585,PIN_045,Electronics,0,0.2777777777777778,0.5535911602209945,-1.0629,0.3333,0,4,2,610,70,0.4141,86.15,1,0,0,1
ORD_101_03586,PIN_007,Apparel,0,0.125,0.19776119402985073,4.0,1.0,0,2,1,18,46,0.2364,24.69,0,0,0,0
ORD_101_03587,PIN_008,Apparel,1,0.14285714285714285,0.19776119402985073,1.2812,0.2,0,1,1,394,42,0.1647,17.7,0,0,0,0
ORD_101_03588,PIN_070,Apparel,0,0.2682926829268293,0.19776119402985073,-1.4759,0.2,0,1,1,462,54,0.2378,134.04,0,0,0,0
ORD_101_03589,PIN_005,Electronics,1,0.06666666666666667,0.5535911602209945,-1.898,0.3333,0,5,1,596,63,0.2902,21.75,0,0,0,0
ORD_101_03590,PIN_001,Home,1,0.1282051282051282,0.03017241379310345,-0.6183,0.25,0,1,1,153,61,0.3477,13.88,1,0,0,0
ORD_101_03591,PIN_077,Electronics,0,0.358974358974359,0.5535911602209945,-1.2677,0.3333,0,2,1,693,40,0.4166,144.41,0,0,0,0
ORD_101_03592,PIN_023,Apparel,0,0.1875,0.19776119402985073,-1.2054,0.2,0,2,1,176,27,0.2927,53.85,1,0,0,0
ORD_101_03593,PIN_021,Books,0,0.15151515151515152,0.01764705882352941,-0.7787,0.25,0,1,1,378,50,0.446,64.09,1,0,0,0
ORD_101_03594,PIN_044,Books,0,0.21428571428571427,0.01764705882352941,4.0,0.25,0,5,1,397,23,0.5503,85.98,1,0,0,0
ORD_101_03595,PIN_011,Electronics,0,0.10810810810810811,0.5535911602209945,-1.5908,0.3333,0,2,1,206,54,0.3338,37.52,1,0,0,0
ORD_101_03596,PIN_081,Apparel,0,0.375,0.19776119402985073,4.0,0.2,0,1,1,105,49,0.1685,136.89,1,0,0,0
ORD_101_03597,PIN_014,Electronics,0,0.20689655172413793,0.5535911602209945,-1.4756,0.3333,0,5,1,77,44,0.2415,31.89,1,0,0,1
ORD_101_03598,PIN_076,Home,2,0.4117647058823529,0.03017241379310345,-1.6687,0.25,0,2,1,158,56,0.157,149.95,0,0,0,0
ORD_101_03599,PIN_041,Electronics,0,0.21875,0.5535911602209945,-1.8028,0.3333,0,3,1,125,46,0.5566,73.96,1,0,0,1
ORD_101_03600,PIN_044,Books,0,0.21428571428571427,0.01764705882352941,3.0478,0.25,0,2,1,123,70,0.3196,72.13,1,0,0,0
ORD_101_03601,PIN_051,Books,0,0.375,0.01764705882352941,1.6613,0.25,1,8,1,75,70,0.1251,100.37,1,0,0,0
ORD_101_03602,PIN_066,Books,1,0.34210526315789475,0.01764705882352941,4.0,0.75,1,1,1,82,42,0.0522,137.54,1,0,0,0
ORD_101_03603,PIN_055,Electronics,0,0.19047619047619047,0.5535911602209945,-1.7685,0.6667,0,5,1,286,30,0.5019,112.89,0,0,0,0
ORD_101_03604,PIN_077,Electronics,0,0.358974358974359,0.5535911602209945,-1.1766,0.6667,0,1,1,101,66,0.2885,145.37,1,0,0,0
ORD_101_03605,PIN_057,Books,0,0.25,0.01764705882352941,-0.0186,0.25,0,4,1,771,40,0.3106,109.45,0,0,0,0
ORD_101_03606,PIN_019,Home,0,0.13513513513513514,0.03017241379310345,-1.2991,0.25,1,2,1,312,59,0.3964,40.59,1,0,0,0
ORD_101_03607,PIN_053,Electronics,0,0.22857142857142856,0.5535911602209945,-1.8444,0.3333,1,3,1,239,53,0.4524,104.72,1,0,0,1
ORD_101_03608,PIN_025,Electronics,1,0.21052631578947367,0.5535911602209945,-0.0399,0.3333,0,0,1,47,51,0.2716,42.63,1,0,0,1
ORD_101_03609,PIN_061,Electronics,0,0.45454545454545453,0.5535911602209945,-0.042,0.3333,0,3,1,43,24,0.343,115.77,1,0,0,1
ORD_101_03610,PIN_049,Electronics,0,0.23333333333333334,0.5535911602209945,-1.7611,0.3333,0,1,1,6,53,0.4961,89.66,1,0,0,1
ORD_101_03611,PIN_081,Home,1,0.375,0.03017241379310345,-0.1873,0.25,1,1,1,64,30,0.1874,148.22,1,0,0,0
ORD_101_03612,PIN_055,Electronics,0,0.19047619047619047,0.5535911602209945,-1.8247,0.3333,0,5,1,240,55,0.1242,109.48,0,0,0,0
ORD_101_03613,PIN_048,Beauty,0,0.21621621621621623,0.02,4.0,0.1667,1,2,1,839,48,0.2,85.98,1,0,0,0
ORD_101_03614,PIN_046,Apparel,0,0.23529411764705882,0.19776119402985073,1.0737,0.4,0,2,1,944,44,0.2908,88.5,1,0,0,0
ORD_101_03615,PIN_083,Books,0,0.3404255319148936,0.01764705882352941,4.0,0.25,0,0,1,78,61,0.3602,141.03,0,0,0,0
ORD_101_03616,PIN_027,Apparel,0,0.1875,0.19776119402985073,-0.5024,0.2,0,1,1,221,42,0.2399,55.73,1,0,0,0
ORD_101_03617,PIN_039,Electronics,1,0.2647058823529412,0.5535911602209945,-1.3696,0.3333,1,3,1,802,45,0.0604,64.12,1,0,0,0
ORD_101_03618,PIN_069,Electronics,0,0.25806451612903225,0.5535911602209945,-1.5722,0.3333,0,2,1,547,48,0.1461,126.67,0,0,0,0
ORD_101_03619,PIN_025,Beauty,0,0.21052631578947367,0.02,2.8669,0.1667,0,2,1,59,32,0.2261,57.27,0,0,0,0
ORD_101_03620,PIN_064,Books,0,0.13157894736842105,0.01764705882352941,4.0,0.5,0,2,1,561,54,0.6192,119.99,1,0,0,0
ORD_101_03621,PIN_062,Apparel,0,0.4,0.19776119402985073,1.505,0.6,0,5,1,147,49,0.2835,106.08,1,0,0,0
ORD_101_03622,PIN_084,Apparel,0,0.28,0.19776119402985073,-0.0861,0.4,0,0,1,127,53,0.5501,166.16,1,0,0,0
ORD_101_03623,PIN_071,Books,0,0.43243243243243246,0.01764705882352941,4.0,0.25,0,3,1,132,18,0.2415,124.8,0,0,0,0
ORD_101_03624,PIN_013,Electronics,0,0.16666666666666666,0.5535911602209945,0.2491,0.3333,1,1,1,604,41,0.3587,32.95,1,0,0,0
ORD_101_03625,PIN_062,Apparel,0,0.4,0.19776119402985073,4.0,0.2,0,2,2,297,43,0.4086,123.07,0,0,0,0
ORD_101_03626,PIN_012,Apparel,1,0.2571428571428571,0.19776119402985073,0.726,0.4,0,1,1,395,58,0.2856,26.0,0,0,0,0
ORD_101_03627,PIN_025,Books,0,0.21052631578947367,0.01764705882352941,4.0,0.25,0,3,1,57,51,0.1001,58.42,1,0,0,0
ORD_101_03628,PIN_001,Electronics,0,0.1282051282051282,0.5535911602209945,-1.0859,0.3333,1,0,1,449,19,0.4665,5.25,1,0,0,0
ORD_101_03629,PIN_033,Electronics,0,0.15151515151515152,0.5535911602209945,-1.397,0.3333,1,8,1,844,39,0.0847,62.46,1,0,0,0
ORD_101_03630,PIN_042,Apparel,0,0.25,0.19776119402985073,-0.446,0.2,0,3,1,528,49,0.1383,106.86,0,0,0,0
ORD_101_03631,PIN_003,Electronics,0,0.275,0.5535911602209945,-1.505,0.3333,1,3,3,110,24,0.1175,18.89,1,0,0,1
ORD_101_03632,PIN_008,Apparel,0,0.14285714285714285,0.19776119402985073,-1.0109,0.4,1,3,1,206,46,0.2177,27.06,1,0,0,0
ORD_101_03633,PIN_062,Electronics,0,0.4,0.5535911602209945,-1.8381,1.0,0,2,1,31,65,0.3051,126.52,1,0,0,1
ORD_101_03634,PIN_020,Books,1,0.2413793103448276,0.01764705882352941,4.0,0.25,1,3,1,20,23,0.0818,59.06,1,0,0,0
ORD_101_03635,PIN_017,Books,1,0.24242424242424243,0.01764705882352941,4.0,0.25,0,2,1,583,37,0.7135,38.63,0,0,0,0
ORD_101_03636,PIN_048,Books,0,0.21621621621621623,0.01764705882352941,2.3884,0.25,0,4,1,128,50,0.1713,90.94,0,0,0,0
ORD_101_03637,PIN_051,Apparel,0,0.375,0.19776119402985073,4.0,0.4,0,2,1,209,41,0.3963,96.03,1,0,0,0
ORD_101_03638,PIN_063,Beauty,1,0.175,0.02,0.4761,0.1667,0,1,1,146,16,0.3686,112.26,1,0,0,0
ORD_101_03639,PIN_031,Books,0,0.1875,0.01764705882352941,0.4551,0.25,0,4,1,856,28,0.3096,64.93,0,0,0,0
ORD_101_03640,PIN_052,Books,0,0.2571428571428571,0.01764705882352941,4.0,0.25,1,1,1,16,74,0.4835,96.29,0,0,0,0
ORD_101_03641,PIN_084,Home,0,0.28,0.03017241379310345,-1.8078,0.25,0,5,1,365,54,0.159,146.66,0,0,0,0
ORD_101_03642,PIN_006,Apparel,0,0.23529411764705882,0.19776119402985073,1.4137,0.2,0,3,2,12,39,0.2899,22.83,1,0,0,1
ORD_101_03643,PIN_011,Books,0,0.10810810810810811,0.01764705882352941,-0.9555,0.5,0,3,1,802,53,0.1367,38.97,0,0,0,0
ORD_101_03644,PIN_084,Books,0,0.28,0.01764705882352941,4.0,0.25,1,2,1,1,41,0.3795,156.88,0,0,0,0
ORD_101_03645,PIN_008,Home,0,0.14285714285714285,0.03017241379310345,0.4786,0.25,0,4,1,237,65,0.4736,24.2,0,0,0,0
ORD_101_03646,PIN_089,Electronics,0,0.3888888888888889,0.5535911602209945,-1.8634,0.6667,0,1,1,266,49,0.3799,164.58,0,0,0,0
ORD_101_03647,PIN_055,Apparel,1,0.19047619047619047,0.19776119402985073,0.9455,0.2,0,2,1,35,27,0.0557,89.2,0,0,0,0
ORD_101_03648,PIN_006,Electronics,0,0.23529411764705882,0.5535911602209945,0.8073,0.3333,0,6,1,3,25,0.3592,40.2,0,0,0,0
ORD_101_03649,PIN_007,Electronics,1,0.125,0.5535911602209945,-0.6139,0.3333,0,0,1,78,44,0.479,17.4,1,0,0,1
ORD_101_03650,PIN_004,Apparel,0,0.21212121212121213,0.19776119402985073,1.1032,0.2,0,1,1,177,47,0.1276,20.67,0,0,0,0
ORD_101_03651,PIN_021,Beauty,0,0.15151515151515152,0.02,0.4112,0.1667,1,3,1,1135,68,0.1361,49.45,1,0,0,0
ORD_101_03652,PIN_038,Books,1,0.14634146341463414,0.01764705882352941,4.0,0.25,0,4,1,9,40,0.4355,56.05,1,0,0,0
ORD_101_03653,PIN_016,Apparel,0,0.20930232558139536,0.19776119402985073,3.2632,0.2,0,3,2,434,64,0.6292,52.29,1,0,0,1
ORD_101_03654,PIN_076,Electronics,1,0.4117647058823529,0.5535911602209945,-1.3924,0.3333,0,5,1,1331,17,0.3463,145.11,1,0,0,1
ORD_101_03655,PIN_020,Electronics,0,0.2413793103448276,0.5535911602209945,-1.5858,0.3333,0,3,1,1047,64,0.3429,42.03,1,0,0,0
ORD_101_03656,PIN_046,Apparel,0,0.23529411764705882,0.19776119402985073,3.5461,0.2,0,3,1,1408,37,0.1163,74.23,1,0,0,0
ORD_101_03657,PIN_088,Books,2,0.29411764705882354,0.01764705882352941,0.8075,0.5,0,3,1,273,27,0.0767,151.39,1,0,0,0
ORD_101_03658,PIN_018,Books,0,0.18421052631578946,0.01764705882352941,4.0,0.25,1,1,1,94,22,0.38,42.84,1,0,0,0
ORD_101_03659,PIN_048,Electronics,0,0.21621621621621623,0.5535911602209945,0.7732,1.3333,1,0,1,99,59,0.2843,101.02,0,0,0,0
ORD_101_03660,PIN_011,Electronics,0,0.10810810810810811,0.5535911602209945,-1.8302,0.3333,0,1,1,475,43,0.4407,28.79,1,0,0,0
ORD_101_03661,PIN_065,Apparel,0,0.2619047619047619,0.19776119402985073,-0.3842,0.2,0,0,1,103,19,0.3506,116.92,1,0,0,0
ORD_101_03662,PIN_034,Home,1,0.22580645161290322,0.03017241379310345,-0.2972,0.25,0,0,1,65,56,0.3069,73.41,1,0,0,0
ORD_101_03663,PIN_016,Books,0,0.20930232558139536,0.01764705882352941,4.0,0.25,1,1,1,156,40,0.523,28.51,1,0,0,0
ORD_101_03664,PIN_010,Apparel,0,0.24444444444444444,0.19776119402985073,0.2031,0.2,1,2,1,16,36,0.4132,26.02,1,0,0,0
ORD_101_03665,PIN_060,Books,0,0.25806451612903225,0.01764705882352941,4.0,0.5,1,3,1,374,44,0.7001,109.96,1,0,0,0
ORD_101_03666,PIN_001,Apparel,0,0.1282051282051282,0.19776119402985073,-0.1337,0.2,0,3,1,258,21,0.359,12.72,0,0,0,0
ORD_101_03667,PIN_018,Electronics,0,0.18421052631578946,0.5535911602209945,-1.3405,0.3333,0,2,1,321,51,0.1986,34.45,0,0,0,0
ORD_101_03668,PIN_030,Electronics,0,0.09090909090909091,0.5535911602209945,-1.8617,0.3333,1,2,1,430,50,0.394,54.29,1,0,0,0
ORD_101_03669,PIN_019,Electronics,0,0.13513513513513514,0.5535911602209945,-1.4145,0.3333,0,2,1,315,47,0.3741,49.24,0,0,0,0
ORD_101_03670,PIN_005,Home,0,0.06666666666666667,0.03017241379310345,-1.1547,1.25,0,3,1,106,39,0.0575,35.4,0,0,0,0
ORD_101_03671,PIN_066,Apparel,0,0.34210526315789475,0.19776119402985073,-0.0513,0.4,0,6,1,348,59,0.1108,120.95,1,0,0,0
ORD_101_03672,PIN_029,Electronics,0,0.16666666666666666,0.5535911602209945,-1.8799,0.3333,0,1,1,43,31,0.2389,59.77,1,0,0,0
ORD_101_03673,PIN_032,Home,0,0.11538461538461539,0.03017241379310345,-0.5577,0.25,1,2,1,37,37,0.0413,66.59,1,0,0,0
ORD_101_03674,PIN_075,Apparel,1,0.26666666666666666,0.19776119402985073,-1.5551,0.2,1,5,1,199,64,0.3254,144.6,1,0,0,1
ORD_101_03675,PIN_038,Electronics,0,0.14634146341463414,0.5535911602209945,-1.1451,0.3333,1,3,1,316,38,0.2199,66.23,1,0,0,0
ORD_101_03676,PIN_041,Home,0,0.21875,0.03017241379310345,-1.3067,0.5,0,2,1,48,35,0.4398,94.02,1,0,0,0
ORD_101_03677,PIN_063,Electronics,0,0.175,0.5535911602209945,-0.8626,0.3333,1,3,1,84,31,0.4251,124.8,0,0,0,0
ORD_101_03678,PIN_010,Apparel,1,0.24444444444444444,0.19776119402985073,2.8258,0.2,0,4,1,163,40,0.224,27.42,0,0,0,0
ORD_101_03679,PIN_089,Books,0,0.3888888888888889,0.01764705882352941,3.0244,0.25,0,2,1,286,55,0.1078,170.77,1,0,0,0
ORD_101_03680,PIN_022,Home,1,0.15384615384615385,0.03017241379310345,-0.3705,0.25,0,6,1,135,30,0.2904,51.01,1,0,0,0
ORD_101_03681,PIN_051,Electronics,0,0.375,0.5535911602209945,-0.6493,0.3333,0,4,1,578,69,0.2872,103.28,1,0,0,0
ORD_101_03682,PIN_064,Books,0,0.13157894736842105,0.01764705882352941,2.2271,0.75,0,4,1,31,74,0.1588,110.34,1,0,0,0
ORD_101_03683,PIN_004,Books,0,0.21212121212121213,0.01764705882352941,1.5405,0.25,0,1,1,1265,44,0.4416,17.28,1,0,0,0
ORD_101_03684,PIN_049,Electronics,0,0.23333333333333334,0.5535911602209945,-1.3943,0.3333,0,4,1,1234,69,0.6247,86.42,1,0,0,0
ORD_101_03685,PIN_017,Electronics,0,0.24242424242424243,0.5535911602209945,-1.8111,0.3333,1,2,1,822,59,0.1269,53.83,1,0,0,0
ORD_101_03686,PIN_009,Home,0,0.23684210526315788,0.03017241379310345,0.1556,0.25,0,6,1,776,58,0.2531,6.99,1,0,0,0
ORD_101_03687,PIN_082,Apparel,1,0.25,0.19776119402985073,0.0285,0.2,1,2,1,301,29,0.4142,156.22,1,0,0,1
ORD_101_03688,PIN_051,Apparel,2,0.375,0.19776119402985073,4.0,0.2,1,1,1,301,39,0.2429,104.56,1,0,0,1
ORD_101_03689,PIN_027,Electronics,0,0.1875,0.5535911602209945,-1.1777,0.3333,0,1,1,179,28,0.2,59.69,0,0,0,0
ORD_101_03690,PIN_040,Electronics,1,0.21428571428571427,0.5535911602209945,-1.7358,0.6667,1,0,1,158,32,0.2636,76.76,1,0,0,1
ORD_101_03691,PIN_036,Electronics,0,0.3,0.5535911602209945,-1.9111,0.3333,0,5,2,182,46,0.1907,70.31,0,0,0,0
ORD_101_03692,PIN_016,Apparel,0,0.20930232558139536,0.19776119402985073,-1.2916,0.2,0,4,1,92,24,0.4163,45.83,1,0,0,0
ORD_101_03693,PIN_011,Electronics,0,0.10810810810810811,0.5535911602209945,-1.7039,0.3333,0,2,1,192,29,0.3877,28.16,0,0,0,0
ORD_101_03694,PIN_077,Beauty,0,0.358974358974359,0.02,2.8784,0.3333,1,5,1,991,44,0.2632,136.93,1,0,0,0
ORD_101_03695,PIN_076,Electronics,1,0.4117647058823529,0.5535911602209945,-1.8626,0.3333,0,3,1,138,32,0.1851,148.43,1,0,0,1
ORD_101_03696,PIN_003,Home,1,0.275,0.03017241379310345,-0.3814,0.25,0,4,1,248,52,0.2412,27.85,0,0,0,0
ORD_101_03697,PIN_086,Electronics,0,0.3783783783783784,0.5535911602209945,-1.8508,1.0,0,4,1,8,44,0.3519,171.2,1,0,0,1
ORD_101_03698,PIN_047,Home,1,0.2727272727272727,0.03017241379310345,-0.6436,1.0,1,4,1,62,47,0.5459,92.63,1,0,0,0
ORD_101_03699,PIN_031,Apparel,0,0.1875,0.19776119402985073,0.7728,0.2,0,2,1,464,45,0.0847,67.12,1,0,0,0
ORD_101_03700,PIN_037,Beauty,0,0.21875,0.02,4.0,0.3333,0,2,2,143,32,0.231,63.89,0,0,0,0
ORD_101_03701,PIN_073,Apparel,0,0.25,0.19776119402985073,0.6235,0.2,1,4,1,629,29,0.1688,141.04,1,0,0,0
ORD_101_03702,PIN_011,Apparel,0,0.10810810810810811,0.19776119402985073,-1.2332,0.2,0,5,1,30,45,0.1151,16.17,0,0,0,0
ORD_101_03703,PIN_063,Apparel,0,0.175,0.19776119402985073,-1.4217,0.2,0,2,1,35,55,0.3884,111.66,1,0,0,0
ORD_101_03704,PIN_064,Home,0,0.13157894736842105,0.03017241379310345,-0.6353,0.25,0,2,1,180,39,0.2538,110.81,1,0,0,0
ORD_101_03705,PIN_043,Books,0,0.34615384615384615,0.01764705882352941,4.0,0.25,0,5,1,187,43,0.2297,80.19,0,0,0,0
ORD_101_03706,PIN_029,Apparel,0,0.16666666666666666,0.19776119402985073,4.0,0.8,1,3,1,0,39,0.2476,65.18,0,0,0,0
ORD_101_03707,PIN_086,Apparel,4,0.3783783783783784,0.19776119402985073,-1.3717,0.2,0,4,1,65,61,0.2525,152.81,1,0,0,1
ORD_101_03708,PIN_081,Apparel,0,0.375,0.19776119402985073,-0.0248,0.2,0,2,1,518,27,0.3154,134.72,0,0,0,0
ORD_101_03709,PIN_015,Apparel,0,0.1724137931034483,0.19776119402985073,-0.2063,2.0,0,5,1,241,25,0.4934,40.81,1,0,0,1
ORD_101_03710,PIN_046,Beauty,0,0.23529411764705882,0.02,4.0,0.1667,1,1,1,0,62,0.2133,80.35,1,0,0,0
ORD_101_03711,PIN_063,Apparel,0,0.175,0.19776119402985073,-1.6511,0.2,0,2,1,142,12,0.2786,119.67,1,0,0,0
ORD_101_03712,PIN_031,Electronics,0,0.1875,0.5535911602209945,-1.1706,0.3333,0,0,1,71,55,0.1549,67.49,0,0,0,0
ORD_101_03713,PIN_051,Electronics,0,0.375,0.5535911602209945,-1.8565,0.3333,0,3,2,96,53,0.1433,107.29,1,0,0,1
ORD_101_03714,PIN_048,Home,1,0.21621621621621623,0.03017241379310345,0.4494,0.25,0,2,1,283,71,0.4143,70.94,1,0,0,0
ORD_101_03715,PIN_035,Home,0,0.05714285714285714,0.03017241379310345,-1.1967,0.25,1,3,1,233,63,0.312,64.03,1,0,0,0
ORD_101_03716,PIN_067,Apparel,0,0.19444444444444445,0.19776119402985073,4.0,0.2,1,3,2,189,61,0.2413,123.74,1,0,0,0
ORD_101_03717,PIN_087,Apparel,0,0.23333333333333334,0.19776119402985073,-1.0595,0.2,0,1,1,282,46,0.05,139.06,1,0,0,0
ORD_101_03718,PIN_090,Apparel,2,0.42424242424242425,0.19776119402985073,4.0,0.2,0,4,1,71,48,0.3185,173.45,1,0,0,1
ORD_101_03719,PIN_002,Electronics,0,0.15,0.5535911602209945,-1.6913,0.6667,0,4,1,340,62,0.2624,13.47,1,0,0,0
ORD_101_03720,PIN_080,Electronics,0,0.32,0.5535911602209945,-1.5382,0.3333,0,1,1,167,36,0.3346,134.79,0,0,0,0
ORD_101_03721,PIN_036,Apparel,0,0.3,0.19776119402985073,4.0,0.4,0,1,1,104,31,0.0083,63.79,1,0,0,0
ORD_101_03722,PIN_031,Apparel,0,0.1875,0.19776119402985073,1.223,0.2,0,3,1,882,48,0.3549,66.24,1,0,0,0
ORD_101_03723,PIN_036,Electronics,0,0.3,0.5535911602209945,-1.8467,0.3333,0,5,2,554,43,0.4714,70.19,1,0,0,1
ORD_101_03724,PIN_064,Apparel,0,0.13157894736842105,0.19776119402985073,4.0,0.2,0,2,1,176,66,0.2081,134.17,0,0,0,0
ORD_101_03725,PIN_047,Electronics,0,0.2727272727272727,0.5535911602209945,-1.5037,0.3333,0,2,2,74,15,0.2178,97.01,0,0,0,0
ORD_101_03726,PIN_077,Electronics,0,0.358974358974359,0.5535911602209945,-1.2431,0.3333,0,3,1,584,39,0.6266,136.59,1,0,0,1
ORD_101_03727,PIN_045,Electronics,0,0.2777777777777778,0.5535911602209945,-1.3201,0.3333,0,2,1,694,62,0.5086,81.16,1,0,0,0
ORD_101_03728,PIN_077,Apparel,2,0.358974358974359,0.19776119402985073,-0.9164,0.2,0,3,1,557,59,0.1635,142.37,1,0,0,1
ORD_101_03729,PIN_061,Electronics,0,0.45454545454545453,0.5535911602209945,-1.4009,0.3333,0,4,1,21,10,0.2074,114.57,1,0,0,1
ORD_101_03730,PIN_060,Electronics,2,0.25806451612903225,0.5535911602209945,4.0,0.3333,0,1,1,53,48,0.2114,108.51,1,0,0,1
ORD_101_03731,PIN_043,Electronics,0,0.34615384615384615,0.5535911602209945,-1.8331,0.3333,0,1,1,136,57,0.1429,72.55,1,0,0,0
ORD_101_03732,PIN_055,Beauty,0,0.19047619047619047,0.02,1.8436,0.1667,0,2,1,16,37,0.3753,94.88,1,0,0,0
ORD_101_03733,PIN_037,Apparel,0,0.21875,0.19776119402985073,0.0778,0.4,0,0,1,33,40,0.459,67.88,0,0,0,0
ORD_101_03734,PIN_012,Apparel,2,0.2571428571428571,0.19776119402985073,-1.5464,0.6,0,3,1,17,63,0.2039,18.28,1,0,0,1
ORD_101_03735,PIN_088,Electronics,0,0.29411764705882354,0.5535911602209945,-1.8485,0.3333,1,2,1,658,58,0.3324,143.48,1,0,0,0
ORD_101_03736,PIN_085,Electronics,0,0.25,0.5535911602209945,-1.9249,0.3333,0,2,1,115,42,0.7566,160.84,1,0,0,1
ORD_101_03737,PIN_056,Apparel,0,0.25,0.19776119402985073,-0.8316,0.2,0,1,1,77,64,0.4941,100.75,1,0,0,0
ORD_101_03738,PIN_064,Books,0,0.13157894736842105,0.01764705882352941,4.0,0.25,0,3,1,386,46,0.2712,102.29,1,0,0,0
ORD_101_03739,PIN_078,Apparel,0,0.2647058823529412,0.19776119402985073,-1.3138,0.2,0,3,1,1926,65,0.0725,143.77,1,0,0,0
ORD_101_03740,PIN_014,Electronics,0,0.20689655172413793,0.5535911602209945,-0.5562,0.3333,0,0,1,225,10,0.5347,35.55,0,0,0,0
ORD_101_03741,PIN_054,Electronics,1,0.34782608695652173,0.5535911602209945,-1.8222,0.3333,0,1,3,85,31,0.1585,114.52,0,0,0,0
ORD_101_03742,PIN_015,Electronics,0,0.1724137931034483,0.5535911602209945,-0.1278,0.6667,0,5,1,121,39,0.3858,47.07,0,0,0,0
ORD_101_03743,PIN_087,Apparel,0,0.23333333333333334,0.19776119402985073,-0.4916,0.2,1,1,1,740,49,0.1278,149.06,1,0,0,0
ORD_101_03744,PIN_013,Apparel,2,0.16666666666666666,0.19776119402985073,-0.6198,0.4,0,2,2,341,26,0.4377,37.43,0,0,0,0
ORD_101_03745,PIN_057,Beauty,1,0.25,0.02,-1.3155,0.1667,0,2,1,478,27,0.1688,108.24,0,0,0,0
ORD_101_03746,PIN_052,Books,0,0.2571428571428571,0.01764705882352941,-0.9742,0.25,0,2,1,275,50,0.5104,99.14,0,0,0,0
ORD_101_03747,PIN_064,Beauty,0,0.13157894736842105,0.02,1.1277,0.1667,0,1,2,59,60,0.2548,122.8,1,0,0,0
ORD_101_03748,PIN_026,Electronics,0,0.1891891891891892,0.5535911602209945,-0.9862,2.3333,0,2,1,75,44,0.2051,46.45,0,0,0,0
ORD_101_03749,PIN_075,Apparel,0,0.26666666666666666,0.19776119402985073,0.9183,0.2,0,1,1,147,37,0.1989,144.24,0,0,0,0
ORD_101_03750,PIN_013,Apparel,0,0.16666666666666666,0.19776119402985073,1.4029,0.4,0,2,1,343,38,0.4882,30.23,0,0,0,0
ORD_101_03751,PIN_074,Apparel,0,0.23076923076923078,0.19776119402985073,3.6538,0.2,0,2,1,151,52,0.1275,130.69,1,0,0,0
ORD_101_03752,PIN_006,Beauty,0,0.23529411764705882,0.02,-0.2046,0.1667,0,0,2,227,31,0.4096,22.85,1,0,0,0
ORD_101_03753,PIN_029,Apparel,0,0.16666666666666666,0.19776119402985073,4.0,0.4,0,5,2,659,43,0.3986,62.43,1,0,0,0
ORD_101_03754,PIN_079,Electronics,0,0.2571428571428571,0.5535911602209945,-1.8036,0.3333,0,2,2,21,46,0.487,136.16,0,0,0,0
ORD_101_03755,PIN_043,Electronics,0,0.34615384615384615,0.5535911602209945,-1.9073,0.3333,1,2,2,641,19,0.4616,77.58,0,0,0,0
ORD_101_03756,PIN_011,Apparel,0,0.10810810810810811,0.19776119402985073,4.0,0.2,0,2,1,66,63,0.4344,24.45,1,0,0,0
ORD_101_03757,PIN_005,Electronics,0,0.06666666666666667,0.5535911602209945,-1.7588,0.6667,0,6,1,1015,10,0.1082,21.2,0,0,0,0
ORD_101_03758,PIN_048,Electronics,0,0.21621621621621623,0.5535911602209945,-1.7359,0.3333,0,0,1,338,59,0.1644,84.6,0,0,0,0
ORD_101_03759,PIN_043,Electronics,1,0.34615384615384615,0.5535911602209945,-1.3228,0.3333,0,3,1,381,64,0.1074,85.43,0,0,0,0
ORD_101_03760,PIN_056,Electronics,0,0.25,0.5535911602209945,-1.6259,0.3333,0,1,1,962,53,0.2865,99.49,1,0,0,0
ORD_101_03761,PIN_008,Beauty,0,0.14285714285714285,0.02,3.3883,0.1667,0,6,1,55,33,0.122,8.57,1,0,0,0
ORD_101_03762,PIN_033,Home,0,0.15151515151515152,0.03017241379310345,1.6114,0.25,0,4,1,182,73,0.3202,64.3,1,0,0,0
ORD_101_03763,PIN_088,Beauty,0,0.29411764705882354,0.02,0.5162,1.6667,0,0,1,332,38,0.3618,157.63,0,0,0,0
ORD_101_03764,PIN_002,Apparel,0,0.15,0.19776119402985073,3.011,0.2,0,4,1,910,47,0.0525,8.46,1,0,0,0
ORD_101_03765,PIN_069,Electronics,0,0.25806451612903225,0.5535911602209945,-0.4344,0.3333,0,5,1,815,49,0.1603,130.5,0,0,0,0
ORD_101_03766,PIN_054,Home,0,0.34782608695652173,0.03017241379310345,-0.8133,0.25,0,1,1,176,38,0.2647,105.66,0,0,0,0
ORD_101_03767,PIN_048,Home,2,0.21621621621621623,0.03017241379310345,-0.7968,0.25,0,3,1,195,57,0.6875,89.93,1,0,0,1
ORD_101_03768,PIN_009,Home,1,0.23684210526315788,0.03017241379310345,-1.2005,0.25,0,1,1,107,41,0.4698,27.43,0,0,0,0
ORD_101_03769,PIN_027,Home,0,0.1875,0.03017241379310345,-0.7599,0.25,0,4,1,1156,34,0.111,61.96,1,0,0,0
ORD_101_03770,PIN_003,Electronics,0,0.275,0.5535911602209945,-1.688,0.3333,1,2,1,98,66,0.2465,8.85,0,0,0,0
ORD_101_03771,PIN_051,Electronics,0,0.375,0.5535911602209945,-1.5225,0.3333,0,1,1,243,50,0.1844,91.75,1,0,0,0
ORD_101_03772,PIN_026,Books,0,0.1891891891891892,0.01764705882352941,4.0,0.25,1,4,1,274,30,0.2157,55.03,0,0,0,0
ORD_101_03773,PIN_051,Apparel,0,0.375,0.19776119402985073,-0.5538,1.6,0,0,1,144,46,0.2393,96.08,0,0,0,0
ORD_101_03774,PIN_033,Beauty,0,0.15151515151515152,0.02,-1.3854,0.1667,0,5,2,148,41,0.2425,68.82,0,0,0,0
ORD_101_03775,PIN_013,Electronics,0,0.16666666666666666,0.5535911602209945,-1.8689,0.3333,0,2,1,179,64,0.3553,53.98,1,0,0,0
ORD_101_03776,PIN_011,Apparel,0,0.10810810810810811,0.19776119402985073,-0.146,0.2,1,1,1,320,45,0.091,18.74,1,0,0,0
ORD_101_03777,PIN_027,Beauty,2,0.1875,0.02,2.838,0.3333,0,1,1,219,58,0.5854,61.26,1,0,0,0
ORD_101_03778,PIN_076,Electronics,0,0.4117647058823529,0.5535911602209945,-1.0193,0.6667,1,2,1,213,38,0.3832,149.81,1,0,0,1
ORD_101_03779,PIN_085,Books,0,0.25,0.01764705882352941,4.0,0.25,1,6,1,65,33,0.4602,148.04,0,0,0,0
ORD_101_03780,PIN_043,Electronics,0,0.34615384615384615,0.5535911602209945,-1.802,0.3333,0,2,1,54,33,0.1778,87.99,1,0,0,0
ORD_101_03781,PIN_089,Home,0,0.3888888888888889,0.03017241379310345,-0.7356,0.25,0,1,1,905,40,0.3783,158.37,0,0,0,0
ORD_101_03782,PIN_044,Books,0,0.21428571428571427,0.01764705882352941,4.0,0.25,0,1,1,631,41,0.1564,70.48,0,0,0,0
ORD_101_03783,PIN_062,Apparel,0,0.4,0.19776119402985073,4.0,1.0,0,2,1,142,62,0.5259,101.7,0,0,0,0
ORD_101_03784,PIN_030,Apparel,0,0.09090909090909091,0.19776119402985073,4.0,0.2,0,0,1,113,63,0.1817,72.28,1,0,0,0
ORD_101_03785,PIN_008,Beauty,0,0.14285714285714285,0.02,-1.3693,0.1667,1,6,2,465,44,0.172,30.51,0,0,0,0
ORD_101_03786,PIN_043,Electronics,0,0.34615384615384615,0.5535911602209945,-1.2862,0.3333,0,2,1,106,62,0.1971,82.92,1,0,0,0
ORD_101_03787,PIN_053,Apparel,1,0.22857142857142856,0.19776119402985073,4.0,0.2,0,2,1,719,35,0.2696,93.34,0,0,0,0
ORD_101_03788,PIN_007,Electronics,0,0.125,0.5535911602209945,-1.8473,0.3333,0,3,1,28,18,0.046,16.47,0,0,0,0
ORD_101_03789,PIN_006,Beauty,0,0.23529411764705882,0.02,0.8109,1.6667,0,1,1,97,63,0.056,24.92,0,0,0,0
ORD_101_03790,PIN_070,Books,1,0.2682926829268293,0.01764705882352941,4.0,0.75,0,1,1,493,57,0.1613,130.95,0,0,0,0
ORD_101_03791,PIN_058,Books,0,0.28125,0.01764705882352941,4.0,0.25,1,4,1,141,45,0.5108,113.42,1,0,0,0
ORD_101_03792,PIN_032,Books,0,0.11538461538461539,0.01764705882352941,-1.0282,0.25,0,2,1,144,46,0.1492,58.4,0,0,0,0
ORD_101_03793,PIN_021,Apparel,0,0.15151515151515152,0.19776119402985073,-0.2301,0.2,0,4,1,230,39,0.1066,42.34,0,0,0,0
ORD_101_03794,PIN_045,Electronics,0,0.2777777777777778,0.5535911602209945,-1.35,0.3333,1,3,1,157,53,0.3497,77.12,0,0,0,0
ORD_101_03795,PIN_059,Books,1,0.21739130434782608,0.01764705882352941,4.0,0.75,0,3,1,129,42,0.536,124.96,1,0,0,0
ORD_101_03796,PIN_038,Apparel,0,0.14634146341463414,0.19776119402985073,1.7611,1.0,0,3,1,35,34,0.1322,78.53,0,0,0,0
ORD_101_03797,PIN_085,Home,0,0.25,0.03017241379310345,-1.626,0.25,0,4,1,176,14,0.1306,164.6,1,0,0,0
ORD_101_03798,PIN_029,Apparel,0,0.16666666666666666,0.19776119402985073,-0.9595,0.2,0,5,1,882,70,0.176,54.7,1,0,0,0
ORD_101_03799,PIN_081,Apparel,0,0.375,0.19776119402985073,-1.0445,2.0,1,0,1,299,39,0.2538,153.02,0,0,0,0
ORD_101_03800,PIN_074,Apparel,0,0.23076923076923078,0.19776119402985073,-0.1125,0.2,0,2,1,25,28,0.2385,138.34,1,0,0,0
ORD_101_03801,PIN_036,Apparel,0,0.3,0.19776119402985073,-0.9601,0.2,0,1,1,40,31,0.3118,49.83,0,0,0,0
ORD_101_03802,PIN_019,Apparel,0,0.13513513513513514,0.19776119402985073,-1.1526,0.4,1,1,1,217,70,0.3649,26.71,1,0,0,0
ORD_101_03803,PIN_084,Home,0,0.28,0.03017241379310345,-1.2578,0.5,0,1,1,52,21,0.1489,140.44,1,0,0,0
ORD_101_03804,PIN_061,Apparel,0,0.45454545454545453,0.19776119402985073,0.1754,0.2,0,8,1,475,47,0.7949,104.77,1,0,0,1
ORD_101_03805,PIN_067,Electronics,0,0.19444444444444445,0.5535911602209945,-1.8795,0.6667,0,2,1,360,90,0.2009,122.47,1,0,0,0
ORD_101_03806,PIN_082,Electronics,0,0.25,0.5535911602209945,-0.9228,1.0,1,4,1,46,47,0.2908,151.9,1,0,0,1
ORD_101_03807,PIN_076,Electronics,0,0.4117647058823529,0.5535911602209945,-0.4331,0.6667,0,3,1,461,48,0.7431,144.6,1,0,0,1
ORD_101_03808,PIN_061,Electronics,1,0.45454545454545453,0.5535911602209945,-1.2603,0.3333,0,3,1,122,27,0.3818,115.81,1,0,0,1
ORD_101_03809,PIN_030,Apparel,0,0.09090909090909091,0.19776119402985073,2.3202,0.6,0,4,2,614,56,0.1091,59.12,0,0,0,0
ORD_101_03810,PIN_076,Beauty,0,0.4117647058823529,0.02,4.0,0.3333,0,3,1,293,54,0.2573,146.43,0,0,0,0
ORD_101_03811,PIN_009,Electronics,0,0.23684210526315788,0.5535911602209945,-1.6186,0.3333,0,2,1,52,42,0.316,11.72,1,0,0,0
ORD_101_03812,PIN_077,Electronics,0,0.358974358974359,0.5535911602209945,-1.5786,0.6667,0,4,1,480,35,0.3534,142.66,1,0,0,1
ORD_101_03813,PIN_024,Apparel,0,0.26666666666666666,0.19776119402985073,1.1878,0.2,0,5,1,107,37,0.2256,49.84,1,0,0,0
ORD_101_03814,PIN_003,Books,0,0.275,0.01764705882352941,4.0,1.0,1,2,1,49,33,0.6853,12.38,0,0,0,0
ORD_101_03815,PIN_042,Home,0,0.25,0.03017241379310345,0.1936,0.25,0,5,1,128,66,0.132,87.4,0,0,0,0
ORD_101_03816,PIN_029,Apparel,0,0.16666666666666666,0.19776119402985073,-1.4949,0.2,1,2,1,559,53,0.1802,63.52,0,0,0,0
ORD_101_03817,PIN_003,Apparel,0,0.275,0.19776119402985073,0.9537,0.2,0,1,1,111,34,0.5101,8.79,0,0,0,0
ORD_101_03818,PIN_046,Beauty,0,0.23529411764705882,0.02,4.0,0.1667,0,2,1,165,63,0.1437,89.93,1,0,0,0
ORD_101_03819,PIN_089,Beauty,0,0.3888888888888889,0.02,-0.0425,0.1667,0,2,3,54,36,0.7842,153.53,0,0,0,0
ORD_101_03820,PIN_028,Home,0,0.0625,0.03017241379310345,-0.4697,2.0,0,0,1,8,65,0.3883,59.33,0,0,0,0
ORD_101_03821,PIN_052,Apparel,0,0.2571428571428571,0.19776119402985073,-1.4859,0.2,0,3,1,261,51,0.1955,119.04,1,0,0,0
ORD_101_03822,PIN_012,Electronics,1,0.2571428571428571,0.5535911602209945,-1.7358,0.3333,0,3,1,152,65,0.2309,23.54,1,0,0,1
ORD_101_03823,PIN_026,Apparel,0,0.1891891891891892,0.19776119402985073,-0.3759,0.2,1,3,1,62,37,0.1062,54.48,0,0,0,0
ORD_101_03824,PIN_033,Electronics,0,0.15151515151515152,0.5535911602209945,-1.2418,0.3333,0,4,1,215,66,0.2145,68.23,1,0,0,0
ORD_101_03825,PIN_015,Apparel,0,0.1724137931034483,0.19776119402985073,4.0,0.2,0,5,1,71,42,0.2226,53.08,1,0,0,0
ORD_101_03826,PIN_007,Apparel,0,0.125,0.19776119402985073,-0.3345,0.2,0,2,1,41,43,0.2561,26.49,1,0,0,0
ORD_101_03827,PIN_090,Electronics,0,0.42424242424242425,0.5535911602209945,-1.5137,0.3333,0,1,1,283,19,0.0935,166.35,0,0,0,0
ORD_101_03828,PIN_011,Home,0,0.10810810810810811,0.03017241379310345,1.9297,0.75,0,2,2,379,32,0.0353,30.46,0,0,0,0
ORD_101_03829,PIN_013,Beauty,0,0.16666666666666666,0.02,-0.2599,1.6667,0,3,3,452,49,0.3974,23.76,1,0,0,0
ORD_101_03830,PIN_073,Apparel,0,0.25,0.19776119402985073,0.4585,0.2,0,2,1,191,62,0.1353,129.99,1,0,0,0
ORD_101_03831,PIN_068,Apparel,0,0.225,0.19776119402985073,0.9929,0.2,0,1,1,159,53,0.1455,121.71,1,0,0,0
ORD_101_03832,PIN_043,Apparel,2,0.34615384615384615,0.19776119402985073,4.0,0.2,0,1,1,376,50,0.1834,82.5,1,0,0,1
ORD_101_03833,PIN_016,Apparel,0,0.20930232558139536,0.19776119402985073,-0.9765,0.2,1,4,1,1750,42,0.1724,42.2,1,0,0,0
ORD_101_03834,PIN_049,Apparel,0,0.23333333333333334,0.19776119402985073,4.0,0.2,1,6,1,72,44,0.5908,110.85,1,0,0,1
ORD_101_03835,PIN_029,Apparel,1,0.16666666666666666,0.19776119402985073,4.0,0.2,1,3,1,631,43,0.251,70.93,1,0,0,0
ORD_101_03836,PIN_045,Beauty,0,0.2777777777777778,0.02,2.9667,0.1667,0,1,1,86,42,0.5381,85.35,1,0,0,0
ORD_101_03837,PIN_071,Home,2,0.43243243243243246,0.03017241379310345,-1.2862,0.25,0,2,1,140,25,0.3221,119.83,1,0,0,1
ORD_101_03838,PIN_012,Electronics,0,0.2571428571428571,0.5535911602209945,-1.2657,0.3333,0,5,1,232,39,0.3244,34.68,0,0,0,0
ORD_101_03839,PIN_042,Home,3,0.25,0.03017241379310345,-0.7817,0.25,1,1,1,355,54,0.25,87.78,1,0,0,0
ORD_101_03840,PIN_066,Home,0,0.34210526315789475,0.03017241379310345,-0.9349,0.25,0,3,1,433,46,0.3132,119.76,0,0,0,0
ORD_101_03841,PIN_086,Home,0,0.3783783783783784,0.03017241379310345,-0.6031,0.25,0,3,1,512,34,0.599,153.67,1,0,0,0
ORD_101_03842,PIN_057,Apparel,0,0.25,0.19776119402985073,2.6581,0.2,0,1,2,174,41,0.3113,111.81,1,0,0,0
ORD_101_03843,PIN_072,Beauty,0,0.3548387096774194,0.02,-0.6763,0.1667,0,3,1,32,22,0.1766,136.25,0,0,0,0
ORD_101_03844,PIN_058,Home,0,0.28125,0.03017241379310345,-0.8957,0.25,0,3,1,320,49,0.0247,107.49,1,0,0,0
ORD_101_03845,PIN_055,Books,0,0.19047619047619047,0.01764705882352941,4.0,0.5,0,5,1,137,36,0.2029,85.21,1,0,0,0
ORD_101_03846,PIN_023,Home,1,0.1875,0.03017241379310345,2.0073,0.25,0,0,1,282,56,0.1319,43.62,0,0,0,0
ORD_101_03847,PIN_048,Home,0,0.21621621621621623,0.03017241379310345,-1.0901,0.5,0,1,1,357,53,0.1502,78.16,1,0,0,0
ORD_101_03848,PIN_052,Apparel,1,0.2571428571428571,0.19776119402985073,-0.049,2.0,0,0,1,11,66,0.386,86.89,1,0,0,0
ORD_101_03849,PIN_083,Electronics,0,0.3404255319148936,0.5535911602209945,-1.8151,0.6667,1,2,1,174,30,0.1705,158.51,1,0,0,1
ORD_101_03850,PIN_082,Home,1,0.25,0.03017241379310345,-0.7882,0.25,0,2,1,108,60,0.2559,152.8,1,0,0,0
ORD_101_03851,PIN_061,Home,1,0.45454545454545453,0.03017241379310345,0.1167,0.25,0,2,1,60,25,0.4055,106.6,0,0,0,0
ORD_101_03852,PIN_075,Home,0,0.26666666666666666,0.03017241379310345,-0.6256,0.25,1,3,1,280,47,0.1363,149.96,0,0,0,0
ORD_101_03853,PIN_071,Electronics,0,0.43243243243243246,0.5535911602209945,-1.8341,0.3333,1,5,1,816,36,0.1034,144.09,1,0,0,0
ORD_101_03854,PIN_076,Books,0,0.4117647058823529,0.01764705882352941,1.5956,0.5,0,4,1,442,60,0.3936,141.24,1,0,0,0
ORD_101_03855,PIN_060,Apparel,0,0.25806451612903225,0.19776119402985073,-1.5283,0.2,0,1,1,1242,46,0.4428,105.74,1,0,0,0
ORD_101_03856,PIN_001,Home,0,0.1282051282051282,0.03017241379310345,-1.7343,0.25,0,2,1,357,33,0.2138,9.62,1,0,0,0
ORD_101_03857,PIN_024,Books,0,0.26666666666666666,0.01764705882352941,-0.7408,0.25,1,1,1,1027,45,0.3957,44.5,0,0,0,0
ORD_101_03858,PIN_025,Books,0,0.21052631578947367,0.01764705882352941,4.0,0.25,0,1,1,64,54,0.2035,51.28,0,0,0,0
ORD_101_03859,PIN_089,Electronics,2,0.3888888888888889,0.5535911602209945,-0.4604,0.6667,0,1,1,127,55,0.5051,152.04,1,0,0,1
ORD_101_03860,PIN_048,Home,0,0.21621621621621623,0.03017241379310345,-0.1385,0.5,0,0,1,15,56,0.06,85.33,1,0,0,0
ORD_101_03861,PIN_090,Home,0,0.42424242424242425,0.03017241379310345,-0.8245,0.25,0,3,1,70,29,0.3076,160.74,1,0,0,0
ORD_101_03862,PIN_063,Apparel,0,0.175,0.19776119402985073,-0.7556,0.2,0,2,1,214,47,0.3593,121.83,0,0,0,0
ORD_101_03863,PIN_024,Apparel,0,0.26666666666666666,0.19776119402985073,-0.0667,0.2,1,0,1,127,50,0.1722,52.43,0,0,0,0
ORD_101_03864,PIN_086,Home,0,0.3783783783783784,0.03017241379310345,-1.3931,0.5,0,1,1,101,58,0.0726,176.38,1,0,0,0
ORD_101_03865,PIN_068,Apparel,0,0.225,0.19776119402985073,-0.0495,0.2,0,2,1,322,40,0.6496,136.45,1,0,0,1
ORD_101_03866,PIN_079,Electronics,0,0.2571428571428571,0.5535911602209945,-1.0262,1.0,0,1,1,361,56,0.2997,146.55,1,0,0,0
ORD_101_03867,PIN_056,Apparel,1,0.25,0.19776119402985073,-1.452,0.2,0,1,2,414,31,0.2046,112.53,1,0,0,1
ORD_101_03868,PIN_023,Electronics,0,0.1875,0.5535911602209945,-1.6322,0.3333,0,3,1,558,68,0.5576,51.49,1,0,0,0
ORD_101_03869,PIN_025,Beauty,0,0.21052631578947367,0.02,-0.9136,0.1667,0,4,1,442,46,0.0855,58.14,0,0,0,0
ORD_101_03870,PIN_046,Apparel,0,0.23529411764705882,0.19776119402985073,0.4563,0.2,1,3,1,62,16,0.2335,74.62,1,0,0,0
ORD_101_03871,PIN_016,Apparel,0,0.20930232558139536,0.19776119402985073,-1.2761,0.2,0,1,1,158,23,0.0472,57.86,1,0,0,0
ORD_101_03872,PIN_009,Electronics,0,0.23684210526315788,0.5535911602209945,-1.8072,0.3333,0,4,1,61,50,0.3156,11.71,0,0,0,0
ORD_101_03873,PIN_073,Apparel,0,0.25,0.19776119402985073,-0.2474,0.2,0,2,1,71,32,0.3047,142.64,1,0,0,0
ORD_101_03874,PIN_078,Beauty,0,0.2647058823529412,0.02,4.0,1.0,1,1,1,191,55,0.4579,152.28,1,0,0,0
ORD_101_03875,PIN_064,Electronics,0,0.13157894736842105,0.5535911602209945,-0.1495,0.3333,0,6,1,268,41,0.1955,119.04,0,0,0,0
ORD_101_03876,PIN_088,Apparel,0,0.29411764705882354,0.19776119402985073,-0.9529,0.2,0,2,1,249,41,0.1846,162.25,1,0,0,0
ORD_101_03877,PIN_088,Home,0,0.29411764705882354,0.03017241379310345,-1.0246,0.25,1,6,1,912,78,0.2424,158.22,0,0,0,0
ORD_101_03878,PIN_077,Electronics,0,0.358974358974359,0.5535911602209945,-1.5335,0.3333,0,4,1,5,45,0.1395,121.96,1,0,0,1
ORD_101_03879,PIN_013,Books,0,0.16666666666666666,0.01764705882352941,0.0494,0.25,0,3,1,0,59,0.204,29.45,1,0,0,0
ORD_101_03880,PIN_048,Apparel,1,0.21621621621621623,0.19776119402985073,-0.3934,0.2,0,1,1,207,62,0.3084,90.8,0,0,0,0
ORD_101_03881,PIN_074,Apparel,0,0.23076923076923078,0.19776119402985073,1.9507,0.2,0,1,1,220,22,0.2094,137.31,0,0,0,0
ORD_101_03882,PIN_004,Home,0,0.21212121212121213,0.03017241379310345,-0.9589,0.25,0,4,1,606,38,0.4295,29.16,1,0,0,0
ORD_101_03883,PIN_052,Beauty,0,0.2571428571428571,0.02,4.0,0.1667,0,3,1,111,30,0.4187,102.49,0,0,0,0
ORD_101_03884,PIN_053,Apparel,0,0.22857142857142856,0.19776119402985073,1.1901,0.2,0,0,1,146,25,0.3096,108.49,0,0,0,0
ORD_101_03885,PIN_066,Electronics,0,0.34210526315789475,0.5535911602209945,-1.2877,0.3333,0,1,1,90,65,0.2006,112.11,1,0,0,0
ORD_101_03886,PIN_035,Home,0,0.05714285714285714,0.03017241379310345,-0.7279,0.25,0,2,2,10,51,0.2235,84.8,1,0,0,0
ORD_101_03887,PIN_019,Electronics,0,0.13513513513513514,0.5535911602209945,-1.5693,0.6667,0,4,1,37,54,0.7028,28.53,1,0,0,1
ORD_101_03888,PIN_067,Apparel,0,0.19444444444444445,0.19776119402985073,-1.145,0.4,1,2,1,113,54,0.2039,125.48,0,0,0,0
ORD_101_03889,PIN_010,Electronics,0,0.24444444444444444,0.5535911602209945,-1.4017,0.3333,0,4,1,33,29,0.1899,24.57,0,0,0,0
ORD_101_03890,PIN_063,Electronics,0,0.175,0.5535911602209945,-0.503,0.3333,1,3,1,190,49,0.0726,114.58,0,0,0,0
ORD_101_03891,PIN_073,Beauty,0,0.25,0.02,4.0,1.6667,0,4,1,5,22,0.4373,133.64,1,0,0,0
ORD_101_03892,PIN_072,Home,0,0.3548387096774194,0.03017241379310345,-1.0892,0.5,0,3,1,860,20,0.1175,118.76,1,0,0,0
ORD_101_03893,PIN_060,Electronics,0,0.25806451612903225,0.5535911602209945,-1.4314,0.3333,0,4,2,587,35,0.2917,113.88,1,0,0,1
ORD_101_03894,PIN_075,Home,1,0.26666666666666666,0.03017241379310345,2.1262,0.25,0,2,1,13,43,0.0955,145.05,1,0,0,0
ORD_101_03895,PIN_065,Apparel,0,0.2619047619047619,0.19776119402985073,-1.3398,0.2,0,6,1,73,40,0.4147,115.16,1,0,0,1
ORD_101_03896,PIN_064,Home,0,0.13157894736842105,0.03017241379310345,-0.1199,0.25,0,4,1,153,72,0.4233,107.97,0,0,0,0
ORD_101_03897,PIN_034,Beauty,2,0.22580645161290322,0.02,0.4873,0.3333,0,1,1,88,52,0.0631,59.63,0,0,0,0
ORD_101_03898,PIN_050,Electronics,0,0.375,0.5535911602209945,-1.9224,0.3333,0,0,1,215,24,0.2753,100.8,1,0,0,0
ORD_101_03899,PIN_050,Electronics,0,0.375,0.5535911602209945,-1.0517,1.0,0,2,1,86,24,0.2732,105.29,1,0,0,1
ORD_101_03900,PIN_065,Apparel,1,0.2619047619047619,0.19776119402985073,0.1247,0.2,1,6,1,109,52,0.2003,120.16,1,0,0,1
ORD_101_03901,PIN_046,Home,0,0.23529411764705882,0.03017241379310345,-1.101,0.25,0,4,1,163,48,0.311,89.36,1,0,0,0
ORD_101_03902,PIN_013,Home,1,0.16666666666666666,0.03017241379310345,3.7589,0.25,0,1,2,301,57,0.3071,28.56,1,0,0,0
ORD_101_03903,PIN_073,Apparel,0,0.25,0.19776119402985073,-0.0981,0.2,1,1,1,244,30,0.4123,145.52,1,0,0,0
ORD_101_03904,PIN_083,Apparel,0,0.3404255319148936,0.19776119402985073,-0.0267,0.4,0,1,1,634,30,0.1812,154.82,1,0,0,0
ORD_101_03905,PIN_042,Books,0,0.25,0.01764705882352941,2.5799,0.25,1,1,1,103,32,0.2092,82.94,0,0,0,0
ORD_101_03906,PIN_026,Beauty,0,0.1891891891891892,0.02,4.0,0.3333,1,4,2,81,49,0.6378,50.89,1,0,0,0
ORD_101_03907,PIN_081,Electronics,0,0.375,0.5535911602209945,-1.8165,0.6667,1,2,1,105,13,0.1654,162.97,1,0,0,1
ORD_101_03908,PIN_057,Home,0,0.25,0.03017241379310345,-0.2468,0.25,0,4,1,372,29,0.2781,107.44,0,0,0,0
ORD_101_03909,PIN_081,Home,0,0.375,0.03017241379310345,-1.1839,0.25,1,2,1,559,46,0.2632,161.52,1,0,0,0
ORD_101_03910,PIN_029,Apparel,1,0.16666666666666666,0.19776119402985073,0.0199,0.2,1,4,1,114,57,0.3202,45.59,1,0,0,1
ORD_101_03911,PIN_047,Books,0,0.2727272727272727,0.01764705882352941,4.0,0.25,0,3,1,372,24,0.1147,105.93,1,0,0,0
ORD_101_03912,PIN_087,Electronics,0,0.23333333333333334,0.5535911602209945,-0.4889,0.3333,0,1,1,104,69,0.0487,152.89,0,0,0,0
ORD_101_03913,PIN_034,Home,1,0.22580645161290322,0.03017241379310345,-1.4603,0.5,0,3,1,325,40,0.1192,72.89,1,0,0,0
ORD_101_03914,PIN_012,Apparel,0,0.2571428571428571,0.19776119402985073,-1.3288,0.4,0,0,2,173,74,0.1904,31.4,1,0,0,0
ORD_101_03915,PIN_046,Apparel,0,0.23529411764705882,0.19776119402985073,0.7047,0.2,0,0,1,237,53,0.0178,83.72,1,0,0,0
ORD_101_03916,PIN_036,Home,0,0.3,0.03017241379310345,-1.1217,2.5,0,2,1,49,43,0.2306,66.34,0,0,0,0
ORD_101_03917,PIN_056,Apparel,2,0.25,0.19776119402985073,2.4165,0.2,0,1,1,497,44,0.2978,103.26,0,0,0,0
ORD_101_03918,PIN_008,Home,0,0.14285714285714285,0.03017241379310345,4.0,0.25,0,2,1,202,57,0.1488,30.71,1,0,0,0
ORD_101_03919,PIN_031,Beauty,0,0.1875,0.02,4.0,0.1667,0,4,2,16,51,0.009,66.98,0,0,0,0
ORD_101_03920,PIN_036,Apparel,0,0.3,0.19776119402985073,1.8842,0.2,1,5,1,715,10,0.1298,67.26,1,0,0,0
ORD_101_03921,PIN_079,Electronics,1,0.2571428571428571,0.5535911602209945,-1.7823,0.3333,0,0,1,38,45,0.1539,143.88,1,0,0,1
ORD_101_03922,PIN_075,Apparel,0,0.26666666666666666,0.19776119402985073,-0.7219,0.4,1,1,1,372,56,0.1213,139.15,1,0,0,0
ORD_101_03923,PIN_028,Home,0,0.0625,0.03017241379310345,2.6181,0.25,0,1,1,73,35,0.3041,61.21,1,0,0,0
ORD_101_03924,PIN_074,Electronics,1,0.23076923076923078,0.5535911602209945,-1.4163,0.6667,0,1,1,180,37,0.0175,136.2,0,0,0,0
ORD_101_03925,PIN_025,Home,0,0.21052631578947367,0.03017241379310345,-1.0049,0.25,0,1,1,246,40,0.1722,52.35,1,0,0,0
ORD_101_03926,PIN_083,Beauty,0,0.3404255319148936,0.02,1.2255,0.1667,0,4,1,9,59,0.1157,148.14,0,0,0,0
ORD_101_03927,PIN_045,Electronics,0,0.2777777777777778,0.5535911602209945,-1.0737,0.3333,1,3,1,343,65,0.2542,87.09,0,0,0,0
ORD_101_03928,PIN_058,Home,0,0.28125,0.03017241379310345,-0.997,0.5,1,2,1,850,43,0.4906,105.58,1,0,0,0
ORD_101_03929,PIN_025,Electronics,0,0.21052631578947367,0.5535911602209945,-1.6018,0.6667,0,2,1,97,55,0.2309,53.91,0,0,0,0
ORD_101_03930,PIN_056,Electronics,1,0.25,0.5535911602209945,-0.74,0.6667,0,3,1,134,49,0.5794,96.13,1,0,0,1
ORD_101_03931,PIN_045,Electronics,0,0.2777777777777778,0.5535911602209945,-1.8335,1.3333,0,2,1,97,40,0.3861,89.43,1,0,0,1
ORD_101_03932,PIN_038,Apparel,0,0.14634146341463414,0.19776119402985073,1.3461,0.2,0,1,1,466,40,0.1936,75.37,1,0,0,0
ORD_101_03933,PIN_059,Electronics,3,0.21739130434782608,0.5535911602209945,-1.5741,1.6667,0,4,1,527,24,0.2239,99.1,0,0,0,0
ORD_101_03934,PIN_031,Home,0,0.1875,0.03017241379310345,-1.4285,0.25,0,3,1,591,53,0.4345,59.3,1,0,0,0
ORD_101_03935,PIN_057,Home,0,0.25,0.03017241379310345,0.2011,0.75,0,0,2,584,43,0.2526,112.17,1,0,0,0
ORD_101_03936,PIN_071,Apparel,0,0.43243243243243246,0.19776119402985073,-1.4914,0.4,0,5,1,696,30,0.3728,130.5,0,0,0,0
ORD_101_03937,PIN_002,Home,0,0.15,0.03017241379310345,-1.777,1.25,1,2,2,69,27,0.2002,20.07,0,0,0,0
ORD_101_03938,PIN_090,Electronics,0,0.42424242424242425,0.5535911602209945,-1.5296,0.3333,1,5,1,570,64,0.408,169.67,1,0,0,1
ORD_101_03939,PIN_013,Apparel,0,0.16666666666666666,0.19776119402985073,-0.9023,0.6,0,2,1,32,82,0.2234,17.69,1,0,0,0
ORD_101_03940,PIN_065,Electronics,0,0.2619047619047619,0.5535911602209945,-1.5814,0.3333,0,1,1,288,67,0.3578,120.52,1,0,0,0
ORD_101_03941,PIN_004,Apparel,0,0.21212121212121213,0.19776119402985073,4.0,0.2,0,3,1,635,78,0.5266,23.71,0,0,0,0
ORD_101_03942,PIN_083,Home,0,0.3404255319148936,0.03017241379310345,0.7543,0.25,1,2,1,460,27,0.4753,160.86,1,0,0,0
ORD_101_03943,PIN_013,Beauty,0,0.16666666666666666,0.02,3.3457,0.3333,0,3,1,1334,60,0.4355,29.31,1,0,0,0
ORD_101_03944,PIN_058,Electronics,0,0.28125,0.5535911602209945,-1.0739,0.3333,0,5,1,146,21,0.1215,101.07,1,0,0,1
ORD_101_03945,PIN_050,Apparel,0,0.375,0.19776119402985073,4.0,0.4,0,2,1,418,51,0.3864,101.67,1,0,0,0
ORD_101_03946,PIN_054,Apparel,0,0.34782608695652173,0.19776119402985073,0.7078,0.2,0,2,1,98,70,0.4644,114.4,1,0,0,0
ORD_101_03947,PIN_048,Electronics,0,0.21621621621621623,0.5535911602209945,-0.9607,0.3333,0,3,1,570,50,0.2966,85.7,1,0,0,0
ORD_101_03948,PIN_041,Apparel,0,0.21875,0.19776119402985073,-0.3876,0.2,0,0,1,65,47,0.315,74.43,0,0,0,0
ORD_101_03949,PIN_023,Electronics,0,0.1875,0.5535911602209945,-1.3828,0.6667,0,1,1,196,37,0.1991,51.09,1,0,0,0
ORD_101_03950,PIN_073,Apparel,1,0.25,0.19776119402985073,-0.8233,0.2,0,2,1,460,60,0.1766,131.43,1,0,0,0
ORD_101_03951,PIN_065,Apparel,1,0.2619047619047619,0.19776119402985073,1.282,0.2,0,2,1,703,39,0.4246,130.7,1,0,0,0
ORD_101_03952,PIN_079,Home,2,0.2571428571428571,0.03017241379310345,0.7459,0.25,0,5,1,269,49,0.2303,133.84,1,0,0,0
ORD_101_03953,PIN_002,Electronics,1,0.15,0.5535911602209945,-1.626,0.3333,1,1,2,570,31,0.4051,17.12,0,0,0,0
ORD_101_03954,PIN_013,Electronics,0,0.16666666666666666,0.5535911602209945,-0.9985,0.3333,1,3,1,518,76,0.2211,22.09,1,0,0,0
ORD_101_03955,PIN_035,Apparel,0,0.05714285714285714,0.19776119402985073,4.0,0.2,0,3,1,748,45,0.6225,64.12,0,0,0,0
ORD_101_03956,PIN_016,Apparel,0,0.20930232558139536,0.19776119402985073,-1.423,0.4,0,3,1,142,41,0.2375,43.71,1,0,0,0
ORD_101_03957,PIN_007,Home,0,0.125,0.03017241379310345,-1.5878,0.25,0,2,1,49,52,0.2023,11.61,1,0,0,0
ORD_101_03958,PIN_078,Apparel,0,0.2647058823529412,0.19776119402985073,4.0,0.8,0,2,1,527,52,0.2845,164.85,1,0,0,0
ORD_101_03959,PIN_053,Apparel,0,0.22857142857142856,0.19776119402985073,-1.4291,0.6,0,1,1,192,67,0.4663,92.2,1,0,0,0
ORD_101_03960,PIN_077,Electronics,0,0.358974358974359,0.5535911602209945,-0.8164,0.3333,0,1,2,306,47,0.2896,133.98,1,0,0,1
ORD_101_03961,PIN_045,Apparel,0,0.2777777777777778,0.19776119402985073,0.1048,0.2,0,1,1,376,35,0.1822,87.83,1,0,0,0
ORD_101_03962,PIN_073,Beauty,1,0.25,0.02,1.8826,0.1667,1,3,1,1512,31,0.3203,137.42,0,0,0,0
ORD_101_03963,PIN_002,Beauty,0,0.15,0.02,-0.5809,0.3333,0,3,1,79,53,0.0917,8.78,1,0,0,0
ORD_101_03964,PIN_049,Electronics,0,0.23333333333333334,0.5535911602209945,-1.2286,0.3333,1,4,1,991,60,0.147,98.86,1,0,0,0
ORD_101_03965,PIN_085,Beauty,1,0.25,0.02,-0.3884,0.1667,0,2,1,171,43,0.1669,150.83,0,0,0,0
ORD_101_03966,PIN_011,Apparel,0,0.10810810810810811,0.19776119402985073,-1.4697,0.2,0,3,1,343,40,0.5553,27.04,1,0,0,0
ORD_101_03967,PIN_060,Electronics,0,0.25806451612903225,0.5535911602209945,-1.7362,0.3333,0,1,2,2,46,0.1133,123.18,0,0,0,0
ORD_101_03968,PIN_022,Electronics,1,0.15384615384615385,0.5535911602209945,0.6673,0.6667,1,1,1,730,63,0.0568,41.2,0,0,0,0
ORD_101_03969,PIN_064,Home,0,0.13157894736842105,0.03017241379310345,-1.1389,0.25,0,3,1,648,30,0.242,115.11,1,0,0,0
ORD_101_03970,PIN_020,Books,0,0.2413793103448276,0.01764705882352941,2.4445,0.25,0,0,1,113,58,0.2822,50.64,0,0,0,0
ORD_101_03971,PIN_032,Home,0,0.11538461538461539,0.03017241379310345,-1.2653,0.25,0,2,1,306,31,0.371,48.48,0,0,0,0
ORD_101_03972,PIN_046,Beauty,2,0.23529411764705882,0.02,4.0,0.1667,0,0,1,545,53,0.6187,98.61,1,0,0,0
ORD_101_03973,PIN_034,Apparel,0,0.22580645161290322,0.19776119402985073,0.5875,1.4,1,2,1,63,54,0.3986,72.33,1,0,0,0
ORD_101_03974,PIN_016,Apparel,1,0.20930232558139536,0.19776119402985073,3.1812,0.4,0,4,1,97,59,0.1774,31.23,1,0,0,0
ORD_101_03975,PIN_041,Electronics,2,0.21875,0.5535911602209945,-0.961,0.3333,0,5,1,57,42,0.4062,70.08,1,0,0,1
ORD_101_03976,PIN_063,Electronics,0,0.175,0.5535911602209945,-1.388,0.3333,1,2,2,721,56,0.2888,114.67,1,0,0,0
ORD_101_03977,PIN_045,Beauty,0,0.2777777777777778,0.02,-1.0907,0.3333,1,2,1,294,31,0.5637,87.37,1,0,0,0
ORD_101_03978,PIN_047,Beauty,0,0.2727272727272727,0.02,0.4574,0.1667,1,2,1,91,43,0.1854,81.56,1,0,0,0
ORD_101_03979,PIN_052,Electronics,0,0.2571428571428571,0.5535911602209945,-1.8821,0.3333,0,2,1,141,50,0.3456,107.07,0,0,0,0
ORD_101_03980,PIN_055,Apparel,1,0.19047619047619047,0.19776119402985073,4.0,0.2,0,1,1,216,46,0.0959,111.73,1,0,0,0
ORD_101_03981,PIN_063,Electronics,0,0.175,0.5535911602209945,-1.9207,0.3333,1,1,1,2,53,0.3649,104.45,1,0,0,1
ORD_101_03982,PIN_074,Beauty,0,0.23076923076923078,0.02,4.0,1.6667,0,3,1,69,31,0.1536,142.39,0,0,0,0
ORD_101_03983,PIN_055,Books,0,0.19047619047619047,0.01764705882352941,0.2856,0.75,0,3,1,92,51,0.1341,86.27,0,0,0,0
ORD_101_03984,PIN_070,Home,0,0.2682926829268293,0.03017241379310345,0.4815,0.75,1,3,2,205,60,0.1491,127.29,1,0,0,0
ORD_101_03985,PIN_056,Apparel,0,0.25,0.19776119402985073,0.3908,0.2,0,2,2,99,53,0.4253,112.07,0,0,0,0
ORD_101_03986,PIN_061,Books,0,0.45454545454545453,0.01764705882352941,3.3949,0.5,0,0,2,93,52,0.3359,109.69,0,0,0,0
ORD_101_03987,PIN_038,Electronics,0,0.14634146341463414,0.5535911602209945,-1.7193,0.3333,0,2,1,1,42,0.0981,65.55,0,0,0,0
ORD_101_03988,PIN_019,Home,0,0.13513513513513514,0.03017241379310345,-0.5562,0.25,0,7,1,125,45,0.3831,36.89,1,0,0,0
ORD_101_03989,PIN_084,Apparel,0,0.28,0.19776119402985073,-0.1075,0.2,0,2,1,371,53,0.2767,145.49,1,0,0,0
ORD_101_03990,PIN_037,Home,0,0.21875,0.03017241379310345,1.8608,0.25,0,4,1,288,37,0.2472,75.03,1,0,0,0
ORD_101_03991,PIN_079,Home,2,0.2571428571428571,0.03017241379310345,-0.7331,0.25,0,3,1,1021,63,0.2525,140.91,0,0,0,0
ORD_101_03992,PIN_015,Books,0,0.1724137931034483,0.01764705882352941,4.0,0.25,0,1,1,263,48,0.4052,50.62,0,0,0,0
ORD_101_03993,PIN_024,Apparel,1,0.26666666666666666,0.19776119402985073,2.1506,0.2,1,6,1,155,41,0.2075,43.12,1,0,0,1
ORD_101_03994,PIN_018,Apparel,0,0.18421052631578946,0.19776119402985073,-0.8349,0.4,0,1,1,753,13,0.3065,32.71,1,0,0,0
ORD_101_03995,PIN_071,Electronics,0,0.43243243243243246,0.5535911602209945,-1.8027,1.3333,0,4,1,551,47,0.342,127.43,1,0,0,1
ORD_101_03996,PIN_060,Electronics,0,0.25806451612903225,0.5535911602209945,-1.2366,0.3333,0,3,1,220,51,0.0772,115.08,0,0,0,0
ORD_101_03997,PIN_017,Home,0,0.24242424242424243,0.03017241379310345,0.3651,0.25,0,1,2,142,49,0.3735,49.28,1,0,0,0
ORD_101_03998,PIN_058,Electronics,0,0.28125,0.5535911602209945,-1.8739,0.3333,1,0,1,111,72,0.1858,107.56,0,0,0,0
ORD_101_03999,PIN_086,Beauty,0,0.3783783783783784,0.02,-0.5489,0.1667,0,0,1,968,48,0.0945,150.03,1,0,0,0
ORD_101_04000,PIN_037,Apparel,0,0.21875,0.19776119402985073,0.3638,0.2,0,1,1,229,57,0.314,64.92,1,0,0,0
ORD_101_04001,PIN_070,Electronics,1,0.2682926829268293,0.5535911602209945,-1.5922,0.3333,1,6,1,339,49,0.0783,119.59,1,0,0,1
ORD_101_04002,PIN_021,Apparel,0,0.15151515151515152,0.19776119402985073,-0.1854,0.4,0,1,1,721,25,0.6784,47.68,0,0,0,0
ORD_101_04003,PIN_023,Electronics,0,0.1875,0.5535911602209945,-0.9422,0.3333,1,2,1,294,70,0.141,59.09,1,0,0,0
ORD_101_04004,PIN_024,Electronics,0,0.26666666666666666,0.5535911602209945,-1.793,0.3333,0,1,1,72,14,0.1413,49.28,0,0,0,0
ORD_101_04005,PIN_060,Apparel,0,0.25806451612903225,0.19776119402985073,3.1735,0.2,0,2,1,37,36,0.2446,108.81,1,0,0,0
ORD_101_04006,PIN_046,Home,0,0.23529411764705882,0.03017241379310345,-0.6252,0.25,0,2,1,269,66,0.1595,78.28,0,0,0,0
ORD_101_04007,PIN_059,Home,0,0.21739130434782608,0.03017241379310345,-1.1777,0.25,0,3,1,26,20,0.141,108.27,1,0,0,0
ORD_101_04008,PIN_079,Home,1,0.2571428571428571,0.03017241379310345,0.8737,0.25,0,4,1,171,45,0.6175,149.8,1,0,0,1
ORD_101_04009,PIN_079,Electronics,1,0.2571428571428571,0.5535911602209945,-0.0473,0.3333,0,3,1,171,37,0.1167,146.4,0,0,0,0
ORD_101_04010,PIN_010,Apparel,0,0.24444444444444444,0.19776119402985073,4.0,0.2,0,1,2,228,51,0.1613,26.18,1,0,0,0
ORD_101_04011,PIN_066,Books,0,0.34210526315789475,0.01764705882352941,4.0,0.25,0,3,1,177,43,0.1377,113.47,1,0,0,0
ORD_101_04012,PIN_020,Home,0,0.2413793103448276,0.03017241379310345,4.0,0.25,1,7,1,188,57,0.0563,50.01,0,0,0,0
ORD_101_04013,PIN_033,Apparel,0,0.15151515151515152,0.19776119402985073,-0.9779,0.6,0,3,1,227,52,0.4042,77.36,0,0,0,0
ORD_101_04014,PIN_078,Apparel,0,0.2647058823529412,0.19776119402985073,4.0,0.2,0,2,2,313,51,0.1548,146.24,0,0,0,0
ORD_101_04015,PIN_029,Apparel,0,0.16666666666666666,0.19776119402985073,4.0,0.2,0,1,1,223,52,0.3043,69.67,1,0,0,0
ORD_101_04016,PIN_016,Home,0,0.20930232558139536,0.03017241379310345,-1.4519,0.25,0,2,1,232,59,0.5189,39.12,1,0,0,0
ORD_101_04017,PIN_060,Books,1,0.25806451612903225,0.01764705882352941,4.0,0.25,0,2,1,160,61,0.3366,119.67,0,0,0,0
ORD_101_04018,PIN_050,Apparel,0,0.375,0.19776119402985073,-0.5586,0.2,1,3,1,56,45,0.4924,94.0,0,0,0,0
ORD_101_04019,PIN_017,Electronics,0,0.24242424242424243,0.5535911602209945,-1.911,0.3333,0,0,1,356,65,0.111,40.47,0,0,0,0
ORD_101_04020,PIN_083,Electronics,1,0.3404255319148936,0.5535911602209945,-1.2578,0.6667,0,0,1,47,58,0.1914,154.28,1,0,0,1
ORD_101_04021,PIN_015,Books,0,0.1724137931034483,0.01764705882352941,4.0,0.25,0,1,1,462,33,0.2184,39.46,1,0,0,0
ORD_101_04022,PIN_089,Books,0,0.3888888888888889,0.01764705882352941,-0.4253,0.25,0,3,1,303,35,0.1176,160.76,1,0,0,0
ORD_101_04023,PIN_003,Apparel,0,0.275,0.19776119402985073,4.0,0.4,0,3,1,205,52,0.4633,27.62,0,0,0,0
ORD_101_04024,PIN_067,Electronics,0,0.19444444444444445,0.5535911602209945,-1.4559,0.3333,0,1,1,211,69,0.1236,129.51,0,0,0,0
ORD_101_04025,PIN_031,Apparel,0,0.1875,0.19776119402985073,1.2136,0.8,1,2,1,214,44,0.1558,69.13,1,0,0,0
ORD_101_04026,PIN_054,Books,0,0.34782608695652173,0.01764705882352941,4.0,0.25,0,2,1,220,19,0.2776,112.18,0,0,0,0
ORD_101_04027,PIN_008,Apparel,1,0.14285714285714285,0.19776119402985073,-1.651,0.2,0,3,1,350,68,0.2605,20.98,0,0,0,0
ORD_101_04028,PIN_027,Electronics,1,0.1875,0.5535911602209945,-1.1577,0.3333,0,3,2,30,37,0.1436,59.38,1,0,0,1
ORD_101_04029,PIN_057,Apparel,0,0.25,0.19776119402985073,-1.1421,1.8,1,2,1,146,60,0.1204,104.36,0,0,0,0
ORD_101_04030,PIN_035,Electronics,0,0.05714285714285714,0.5535911602209945,-0.8361,0.3333,0,3,1,174,36,0.4302,72.9,0,0,0,0
ORD_101_04031,PIN_014,Home,0,0.20689655172413793,0.03017241379310345,-1.4839,0.25,0,4,1,16,52,0.5374,57.1,0,0,0,0
ORD_101_04032,PIN_022,Electronics,3,0.15384615384615385,0.5535911602209945,-1.8882,0.3333,0,1,1,231,49,0.3643,45.76,0,0,0,0
ORD_101_04033,PIN_069,Apparel,0,0.25806451612903225,0.19776119402985073,3.0174,0.2,0,1,1,3,75,0.5496,121.71,1,0,0,0
ORD_101_04034,PIN_004,Apparel,0,0.21212121212121213,0.19776119402985073,-1.0138,0.6,0,3,1,22,54,0.126,15.5,1,0,0,0
ORD_101_04035,PIN_060,Electronics,1,0.25806451612903225,0.5535911602209945,-1.667,0.3333,0,0,1,627,29,0.3009,100.43,1,0,0,0
ORD_101_04036,PIN_049,Apparel,0,0.23333333333333334,0.19776119402985073,4.0,0.4,0,0,1,257,57,0.1346,86.51,0,0,0,0
ORD_101_04037,PIN_054,Apparel,0,0.34782608695652173,0.19776119402985073,1.799,0.2,0,0,1,447,51,0.1374,96.85,1,0,0,0
ORD_101_04038,PIN_010,Electronics,0,0.24444444444444444,0.5535911602209945,-1.8763,0.3333,0,4,1,434,42,0.2432,16.36,1,0,0,0
ORD_101_04039,PIN_011,Electronics,0,0.10810810810810811,0.5535911602209945,-1.593,0.3333,0,2,2,14,51,0.1528,20.04,0,0,0,0
ORD_101_04040,PIN_076,Electronics,0,0.4117647058823529,0.5535911602209945,-1.0858,0.3333,0,3,1,573,41,0.2934,143.88,0,0,0,0
ORD_101_04041,PIN_053,Electronics,0,0.22857142857142856,0.5535911602209945,-1.6389,0.3333,1,1,2,359,29,0.0259,100.32,1,0,0,0
ORD_101_04042,PIN_044,Home,0,0.21428571428571427,0.03017241379310345,4.0,0.25,0,4,2,58,44,0.404,71.75,1,0,0,0
ORD_101_04043,PIN_086,Apparel,0,0.3783783783783784,0.19776119402985073,2.8531,0.6,0,3,2,44,48,0.1974,156.78,0,0,0,0
ORD_101_04044,PIN_081,Home,0,0.375,0.03017241379310345,-1.8052,0.25,0,0,1,488,35,0.4107,152.13,0,0,0,0
ORD_101_04045,PIN_058,Apparel,0,0.28125,0.19776119402985073,3.4006,2.0,0,2,1,114,72,0.1042,100.59,0,0,0,0
ORD_101_04046,PIN_055,Books,0,0.19047619047619047,0.01764705882352941,4.0,0.25,0,2,1,274,46,0.5096,104.76,0,0,0,0
ORD_101_04047,PIN_024,Electronics,0,0.26666666666666666,0.5535911602209945,-0.5729,0.3333,0,6,1,233,48,0.0905,55.77,1,0,0,0
ORD_101_04048,PIN_079,Apparel,2,0.2571428571428571,0.19776119402985073,4.0,0.2,0,1,1,179,26,0.3415,156.47,0,0,0,0
ORD_101_04049,PIN_055,Electronics,1,0.19047619047619047,0.5535911602209945,-1.5786,0.3333,0,3,1,606,47,0.3163,100.69,0,0,0,0
ORD_101_04050,PIN_019,Home,0,0.13513513513513514,0.03017241379310345,-1.0209,0.25,0,1,1,178,40,0.4426,35.84,1,0,0,0
ORD_101_04051,PIN_048,Apparel,0,0.21621621621621623,0.19776119402985073,3.2757,0.2,0,1,1,56,50,0.5244,86.84,0,0,0,0
ORD_101_04052,PIN_018,Apparel,1,0.18421052631578946,0.19776119402985073,-0.7608,0.8,0,1,1,195,20,0.1403,48.52,0,0,0,0
ORD_101_04053,PIN_017,Electronics,0,0.24242424242424243,0.5535911602209945,-1.7715,0.3333,1,2,1,169,58,0.2442,53.09,1,0,0,0
ORD_101_04054,PIN_030,Beauty,0,0.09090909090909091,0.02,4.0,0.1667,1,0,1,491,65,0.3457,60.71,1,0,0,0
ORD_101_04055,PIN_043,Beauty,1,0.34615384615384615,0.02,3.0845,0.1667,0,4,1,287,10,0.0509,80.83,1,0,0,0
ORD_101_04056,PIN_073,Apparel,0,0.25,0.19776119402985073,4.0,0.2,0,6,1,502,48,0.3016,139.69,1,0,0,0
ORD_101_04057,PIN_004,Apparel,0,0.21212121212121213,0.19776119402985073,4.0,0.2,0,5,1,849,54,0.1217,9.67,0,0,0,0
ORD_101_04058,PIN_020,Home,2,0.2413793103448276,0.03017241379310345,1.3258,0.25,0,7,1,6,45,0.2084,34.34,1,0,0,1
ORD_101_04059,PIN_073,Electronics,1,0.25,0.5535911602209945,-1.2867,1.0,0,1,2,430,62,0.2818,145.54,1,0,0,1
ORD_101_04060,PIN_045,Apparel,0,0.2777777777777778,0.19776119402985073,1.7195,0.4,0,2,1,233,33,0.7343,91.69,1,0,0,1
ORD_101_04061,PIN_065,Apparel,0,0.2619047619047619,0.19776119402985073,-1.1554,0.2,0,5,1,159,52,0.2841,124.13,1,0,0,0
ORD_101_04062,PIN_038,Apparel,0,0.14634146341463414,0.19776119402985073,-1.1065,0.4,1,3,1,95,58,0.2496,85.34,1,0,0,0
ORD_101_04063,PIN_040,Books,0,0.21428571428571427,0.01764705882352941,4.0,0.25,0,2,1,313,81,0.3175,74.61,1,0,0,0
ORD_101_04064,PIN_087,Apparel,0,0.23333333333333334,0.19776119402985073,-0.4906,0.4,0,2,1,995,42,0.0496,160.52,1,0,0,0
ORD_101_04065,PIN_080,Electronics,0,0.32,0.5535911602209945,0.237,0.3333,0,2,1,314,29,0.3462,136.88,0,0,0,0
ORD_101_04066,PIN_009,Apparel,0,0.23684210526315788,0.19776119402985073,4.0,0.6,0,5,1,358,29,0.2109,23.98,1,0,0,0
ORD_101_04067,PIN_065,Apparel,0,0.2619047619047619,0.19776119402985073,3.0241,0.2,1,5,1,12,59,0.1462,108.89,1,0,0,0
ORD_101_04068,PIN_061,Apparel,0,0.45454545454545453,0.19776119402985073,1.2998,0.2,1,3,1,30,62,0.1746,119.99,0,0,0,0
ORD_101_04069,PIN_071,Electronics,0,0.43243243243243246,0.5535911602209945,-1.3817,0.3333,0,2,1,39,29,0.1261,131.63,1,0,0,1
ORD_101_04070,PIN_063,Apparel,0,0.175,0.19776119402985073,-1.6369,0.2,1,4,1,27,22,0.1195,114.04,0,0,0,0
ORD_101_04071,PIN_071,Electronics,0,0.43243243243243246,0.5535911602209945,-1.4567,0.3333,0,6,1,326,19,0.2267,117.65,0,0,0,0
ORD_101_04072,PIN_037,Home,0,0.21875,0.03017241379310345,-0.9095,0.25,0,3,1,403,55,0.2726,73.8,1,0,0,0
ORD_101_04073,PIN_067,Apparel,0,0.19444444444444445,0.19776119402985073,-1.5631,0.4,0,4,1,78,44,0.456,110.9,0,0,0,0
ORD_101_04074,PIN_077,Home,1,0.358974358974359,0.03017241379310345,0.1927,0.25,0,4,1,53,40,0.4759,143.84,1,0,0,0
ORD_101_04075,PIN_054,Apparel,0,0.34782608695652173,0.19776119402985073,0.0331,2.0,1,0,1,691,29,0.16,109.96,1,0,0,0
ORD_101_04076,PIN_086,Beauty,0,0.3783783783783784,0.02,4.0,0.1667,0,1,1,322,44,0.3173,147.86,0,0,0,0
ORD_101_04077,PIN_090,Electronics,3,0.42424242424242425,0.5535911602209945,-1.714,2.3333,0,2,2,41,25,0.2281,162.83,1,0,0,1
ORD_101_04078,PIN_033,Apparel,0,0.15151515151515152,0.19776119402985073,-0.2805,0.2,1,3,1,106,47,0.3254,67.98,1,0,0,0
ORD_101_04079,PIN_076,Apparel,0,0.4117647058823529,0.19776119402985073,1.3569,0.2,0,3,1,52,49,0.1982,123.15,1,0,0,0
ORD_101_04080,PIN_086,Apparel,0,0.3783783783783784,0.19776119402985073,3.9137,0.2,0,5,1,1175,36,0.0949,157.42,1,0,0,0
ORD_101_04081,PIN_029,Apparel,0,0.16666666666666666,0.19776119402985073,-0.9399,0.2,0,3,1,808,45,0.306,67.34,0,0,0,0
ORD_101_04082,PIN_007,Books,1,0.125,0.01764705882352941,4.0,0.25,1,2,1,931,81,0.1937,29.15,1,0,0,0
ORD_101_04083,PIN_008,Beauty,0,0.14285714285714285,0.02,1.7252,0.1667,0,4,1,160,35,0.085,20.96,0,0,0,0
ORD_101_04084,PIN_004,Electronics,0,0.21212121212121213,0.5535911602209945,-1.2337,0.3333,1,0,2,134,33,0.045,21.55,1,0,0,0
ORD_101_04085,PIN_063,Electronics,0,0.175,0.5535911602209945,-1.3506,1.6667,0,2,1,175,18,0.0363,105.94,1,0,0,0
ORD_101_04086,PIN_037,Books,0,0.21875,0.01764705882352941,4.0,0.25,0,2,1,514,25,0.127,85.53,1,0,0,0
ORD_101_04087,PIN_004,Apparel,0,0.21212121212121213,0.19776119402985073,0.2378,0.2,0,1,1,154,50,0.1839,15.35,0,0,0,0
ORD_101_04088,PIN_002,Apparel,0,0.15,0.19776119402985073,-1.2444,0.2,0,3,2,25,38,0.2316,1.0,0,0,0,0
ORD_101_04089,PIN_005,Electronics,0,0.06666666666666667,0.5535911602209945,-0.6939,1.0,0,0,1,194,25,0.2316,29.38,0,0,0,0
ORD_101_04090,PIN_048,Electronics,1,0.21621621621621623,0.5535911602209945,-1.56,0.3333,0,2,1,764,57,0.5113,104.93,1,0,0,1
ORD_101_04091,PIN_082,Apparel,1,0.25,0.19776119402985073,-0.3478,0.2,0,3,1,364,44,0.25,148.0,1,0,0,1
ORD_101_04092,PIN_045,Electronics,0,0.2777777777777778,0.5535911602209945,-1.859,0.3333,1,1,1,663,57,0.0205,64.87,0,0,0,0
ORD_101_04093,PIN_045,Apparel,1,0.2777777777777778,0.19776119402985073,0.8619,0.2,1,2,1,98,57,0.1036,89.78,1,0,0,0
ORD_101_04094,PIN_001,Apparel,0,0.1282051282051282,0.19776119402985073,2.012,0.2,0,3,1,1304,64,0.534,10.26,1,0,0,0
ORD_101_04095,PIN_054,Apparel,0,0.34782608695652173,0.19776119402985073,-0.0603,0.2,0,1,1,417,46,0.6238,100.87,1,0,0,0
ORD_101_04096,PIN_047,Home,1,0.2727272727272727,0.03017241379310345,-0.4293,0.25,0,4,1,63,43,0.2231,70.07,0,0,0,0
ORD_101_04097,PIN_051,Apparel,1,0.375,0.19776119402985073,4.0,0.2,0,4,1,5,73,0.112,95.17,0,0,0,0
ORD_101_04098,PIN_028,Apparel,1,0.0625,0.19776119402985073,-1.0805,0.2,1,2,1,30,28,0.4585,58.93,1,0,0,1
ORD_101_04099,PIN_041,Electronics,0,0.21875,0.5535911602209945,-0.289,0.3333,0,1,1,35,46,0.435,76.97,0,0,0,0
ORD_101_04100,PIN_085,Home,0,0.25,0.03017241379310345,-1.7259,0.25,1,1,2,413,12,0.0719,164.91,1,0,0,0
ORD_101_04101,PIN_056,Apparel,0,0.25,0.19776119402985073,3.2093,0.2,0,0,1,5,55,0.5266,97.88,1,0,0,0
ORD_101_04102,PIN_005,Electronics,0,0.06666666666666667,0.5535911602209945,-1.8078,0.6667,0,0,1,224,47,0.3834,20.95,0,0,0,0
ORD_101_04103,PIN_053,Electronics,0,0.22857142857142856,0.5535911602209945,-1.2058,0.3333,0,1,1,7,45,0.5707,93.89,1,0,0,1
ORD_101_04104,PIN_070,Electronics,1,0.2682926829268293,0.5535911602209945,-1.2755,0.3333,0,1,1,1774,61,0.3057,120.53,1,0,0,0
ORD_101_04105,PIN_066,Electronics,0,0.34210526315789475,0.5535911602209945,-1.4106,0.3333,0,2,1,0,58,0.4312,137.45,1,0,0,1
ORD_101_04106,PIN_062,Apparel,0,0.4,0.19776119402985073,2.2268,0.2,0,1,1,283,46,0.2439,115.7,0,0,0,0
ORD_101_04107,PIN_033,Home,0,0.15151515151515152,0.03017241379310345,-1.1894,0.25,0,4,1,108,17,0.5665,62.39,0,0,0,0
ORD_101_04108,PIN_056,Home,0,0.25,0.03017241379310345,3.3904,1.0,0,3,1,162,44,0.0761,98.28,1,0,0,0
ORD_101_04109,PIN_025,Home,0,0.21052631578947367,0.03017241379310345,-1.5575,0.25,0,3,1,102,39,0.3341,38.68,1,0,0,0
ORD_101_04110,PIN_081,Home,0,0.375,0.03017241379310345,-0.8353,0.25,0,1,1,290,38,0.2125,157.39,0,0,0,0
ORD_101_04111,PIN_018,Electronics,0,0.18421052631578946,0.5535911602209945,-0.7625,0.3333,0,2,1,698,36,0.1706,29.07,0,0,0,0
ORD_101_04112,PIN_006,Apparel,0,0.23529411764705882,0.19776119402985073,1.5914,0.2,1,3,2,107,58,0.2345,24.2,0,0,0,0
ORD_101_04113,PIN_025,Electronics,0,0.21052631578947367,0.5535911602209945,-1.8103,1.0,0,1,2,123,50,0.3559,57.53,1,0,0,1
ORD_101_04114,PIN_002,Apparel,0,0.15,0.19776119402985073,1.8825,0.2,0,1,1,166,39,0.5907,11.56,1,0,0,0
ORD_101_04115,PIN_029,Electronics,0,0.16666666666666666,0.5535911602209945,-1.5437,1.0,0,3,1,1167,35,0.4518,48.11,1,0,0,0
ORD_101_04116,PIN_066,Books,0,0.34210526315789475,0.01764705882352941,-0.22,0.25,1,1,1,403,30,0.5043,123.35,1,0,0,0
ORD_101_04117,PIN_056,Books,0,0.25,0.01764705882352941,-1.0256,0.25,0,0,1,468,25,0.3565,103.51,1,0,0,0
ORD_101_04118,PIN_062,Electronics,0,0.4,0.5535911602209945,0.3788,0.3333,1,3,1,158,53,0.0819,119.59,1,0,0,0
ORD_101_04119,PIN_043,Apparel,0,0.34615384615384615,0.19776119402985073,-1.1423,0.2,1,1,1,534,35,0.303,97.84,0,0,0,0
ORD_101_04120,PIN_090,Books,0,0.42424242424242425,0.01764705882352941,4.0,0.25,1,4,1,54,49,0.2523,172.52,1,0,0,0
ORD_101_04121,PIN_086,Home,0,0.3783783783783784,0.03017241379310345,0.0408,0.5,0,4,1,185,62,0.1435,155.72,0,0,0,0
ORD_101_04122,PIN_058,Apparel,0,0.28125,0.19776119402985073,0.8881,0.2,0,2,1,126,20,0.2045,106.64,0,0,0,0
ORD_101_04123,PIN_041,Electronics,0,0.21875,0.5535911602209945,0.3544,0.3333,1,4,1,38,50,0.641,71.19,1,0,0,1
ORD_101_04124,PIN_039,Apparel,1,0.2647058823529412,0.19776119402985073,2.1515,0.2,0,2,1,408,48,0.0288,75.58,1,0,0,0
ORD_101_04125,PIN_030,Electronics,1,0.09090909090909091,0.5535911602209945,-0.0487,0.3333,0,3,1,39,51,0.0455,61.17,0,0,0,0
ORD_101_04126,PIN_074,Apparel,0,0.23076923076923078,0.19776119402985073,0.5213,0.2,1,3,1,12,49,0.3959,144.66,1,0,0,1
ORD_101_04127,PIN_008,Electronics,0,0.14285714285714285,0.5535911602209945,1.601,0.3333,1,1,1,394,32,0.4124,23.21,1,0,0,0
ORD_101_04128,PIN_076,Books,0,0.4117647058823529,0.01764705882352941,4.0,0.25,0,3,1,290,61,0.2375,136.23,0,0,0,0
ORD_101_04129,PIN_081,Beauty,0,0.375,0.02,-0.0851,0.3333,0,4,1,205,48,0.0379,149.07,1,0,0,0
ORD_101_04130,PIN_043,Home,0,0.34615384615384615,0.03017241379310345,-1.4146,0.25,0,4,1,409,47,0.5568,87.73,1,0,0,0
ORD_101_04131,PIN_033,Books,0,0.15151515151515152,0.01764705882352941,4.0,0.25,0,0,1,33,33,0.1823,54.61,0,0,0,0
ORD_101_04132,PIN_014,Electronics,0,0.20689655172413793,0.5535911602209945,-1.7992,0.3333,0,2,1,57,65,0.1439,29.08,1,0,0,0
ORD_101_04133,PIN_055,Electronics,0,0.19047619047619047,0.5535911602209945,-1.8932,0.3333,0,0,1,101,38,0.6417,107.23,1,0,0,1
ORD_101_04134,PIN_065,Beauty,0,0.2619047619047619,0.02,-1.4762,0.1667,0,1,1,164,18,0.2547,128.03,1,0,0,0
ORD_101_04135,PIN_027,Apparel,2,0.1875,0.19776119402985073,-0.9188,2.0,1,3,1,75,74,0.317,57.04,0,0,0,0
ORD_101_04136,PIN_053,Apparel,1,0.22857142857142856,0.19776119402985073,-1.1662,0.2,0,6,1,261,43,0.1653,107.13,0,0,0,0
ORD_101_04137,PIN_056,Home,1,0.25,0.03017241379310345,-1.2656,0.25,0,5,1,148,31,0.5134,118.13,1,0,0,1
ORD_101_04138,PIN_062,Apparel,0,0.4,0.19776119402985073,4.0,0.2,1,1,1,301,61,0.5638,107.12,1,0,0,0
ORD_101_04139,PIN_008,Apparel,0,0.14285714285714285,0.19776119402985073,1.1418,0.2,0,2,1,17,10,0.394,13.11,0,0,0,0
ORD_101_04140,PIN_037,Electronics,1,0.21875,0.5535911602209945,-1.4596,1.0,0,4,1,56,13,0.1059,66.84,0,0,0,0
ORD_101_04141,PIN_059,Books,1,0.21739130434782608,0.01764705882352941,0.4997,1.25,0,3,2,64,34,0.2056,112.14,0,0,0,0
ORD_101_04142,PIN_017,Apparel,0,0.24242424242424243,0.19776119402985073,4.0,0.6,0,1,1,342,44,0.1529,24.0,1,0,0,0
ORD_101_04143,PIN_073,Apparel,0,0.25,0.19776119402985073,0.181,0.2,1,1,1,254,51,0.2086,144.64,1,0,0,0
ORD_101_04144,PIN_011,Home,0,0.10810810810810811,0.03017241379310345,1.17,0.25,1,0,1,222,51,0.105,42.08,1,0,0,0
ORD_101_04145,PIN_038,Books,0,0.14634146341463414,0.01764705882352941,4.0,0.25,0,1,1,518,47,0.0963,75.02,1,0,0,0
ORD_101_04146,PIN_081,Apparel,0,0.375,0.19776119402985073,2.2467,2.0,1,6,1,1006,37,0.1427,148.81,1,0,0,0
ORD_101_04147,PIN_050,Apparel,0,0.375,0.19776119402985073,-0.4087,0.2,0,2,1,12,62,0.2663,92.48,1,0,0,0
ORD_101_04148,PIN_049,Apparel,1,0.23333333333333334,0.19776119402985073,1.277,0.2,0,4,1,267,41,0.4124,91.16,1,0,0,1
ORD_101_04149,PIN_072,Home,0,0.3548387096774194,0.03017241379310345,2.2888,0.25,0,3,1,272,69,0.437,126.65,1,0,0,0
ORD_101_04150,PIN_011,Books,1,0.10810810810810811,0.01764705882352941,4.0,0.25,0,3,1,8,54,0.0544,22.76,0,0,0,0
ORD_101_04151,PIN_048,Electronics,0,0.21621621621621623,0.5535911602209945,-1.5951,0.3333,0,3,2,236,52,0.2386,98.21,0,0,0,0
ORD_101_04152,PIN_063,Home,0,0.175,0.03017241379310345,-0.8245,0.75,0,0,1,452,26,0.0675,116.64,1,0,0,0
ORD_101_04153,PIN_047,Electronics,0,0.2727272727272727,0.5535911602209945,-1.344,0.3333,0,3,1,15,31,0.3671,80.99,1,0,0,1
ORD_101_04154,PIN_051,Beauty,0,0.375,0.02,4.0,0.1667,0,2,1,209,39,0.5596,109.66,0,0,0,0
ORD_101_04155,PIN_036,Apparel,0,0.3,0.19776119402985073,1.8461,0.2,0,1,1,56,59,0.0558,67.39,0,0,0,0
ORD_101_04156,PIN_002,Books,0,0.15,0.01764705882352941,4.0,0.25,0,1,1,635,40,0.266,13.32,1,0,0,0
ORD_101_04157,PIN_047,Home,0,0.2727272727272727,0.03017241379310345,-1.124,0.25,0,6,1,568,63,0.1591,79.81,1,0,0,0
ORD_101_04158,PIN_028,Apparel,0,0.0625,0.19776119402985073,-0.51,0.2,0,1,1,748,31,0.055,69.09,1,0,0,0
ORD_101_04159,PIN_013,Beauty,0,0.16666666666666666,0.02,2.1642,0.1667,0,3,1,178,62,0.085,29.58,1,0,0,0
ORD_101_04160,PIN_054,Apparel,0,0.34782608695652173,0.19776119402985073,-0.8952,0.4,1,3,1,55,40,0.2033,117.54,0,0,0,0
ORD_101_04161,PIN_019,Apparel,0,0.13513513513513514,0.19776119402985073,-1.6641,0.2,0,3,1,337,37,0.2254,38.45,0,0,0,0
ORD_101_04162,PIN_030,Home,0,0.09090909090909091,0.03017241379310345,-1.7287,0.5,1,2,1,102,36,0.3315,70.25,0,0,0,0
ORD_101_04163,PIN_035,Books,1,0.05714285714285714,0.01764705882352941,2.0529,0.25,0,3,1,19,64,0.258,70.67,0,0,0,0
ORD_101_04164,PIN_090,Home,0,0.42424242424242425,0.03017241379310345,1.5432,0.25,0,2,1,309,47,0.0613,155.6,0,0,0,0
ORD_101_04165,PIN_050,Beauty,0,0.375,0.02,4.0,0.1667,0,2,1,106,54,0.1891,98.7,1,0,0,0
ORD_101_04166,PIN_037,Books,0,0.21875,0.01764705882352941,4.0,0.5,1,1,1,723,45,0.1138,75.13,0,0,0,0
ORD_101_04167,PIN_007,Home,1,0.125,0.03017241379310345,-1.5456,0.25,1,1,2,226,18,0.1314,32.61,0,0,0,0
ORD_101_04168,PIN_077,Beauty,0,0.358974358974359,0.02,3.3562,0.1667,0,2,1,7,14,0.1546,151.32,1,0,0,0
ORD_101_04169,PIN_076,Home,0,0.4117647058823529,0.03017241379310345,1.8962,0.25,0,5,1,478,53,0.1783,149.06,0,0,0,0
ORD_101_04170,PIN_005,Beauty,0,0.06666666666666667,0.02,0.6068,0.1667,0,4,1,12,69,0.2864,30.22,0,0,0,0
ORD_101_04171,PIN_042,Apparel,0,0.25,0.19776119402985073,1.2047,0.2,1,3,1,49,48,0.1066,85.99,1,0,0,0
ORD_101_04172,PIN_067,Home,0,0.19444444444444445,0.03017241379310345,-1.443,0.25,0,1,1,51,24,0.0517,121.32,1,0,0,0
ORD_101_04173,PIN_053,Books,0,0.22857142857142856,0.01764705882352941,4.0,0.25,0,4,1,386,33,0.3563,115.68,0,0,0,0
ORD_101_04174,PIN_008,Electronics,0,0.14285714285714285,0.5535911602209945,-1.9183,0.3333,0,2,1,25,71,0.6651,30.87,1,0,0,1
ORD_101_04175,PIN_003,Apparel,0,0.275,0.19776119402985073,4.0,1.4,1,1,1,432,55,0.462,18.4,1,0,0,0
ORD_101_04176,PIN_018,Beauty,1,0.18421052631578946,0.02,3.804,0.1667,0,1,1,102,52,0.1333,42.18,1,0,0,0
ORD_101_04177,PIN_056,Home,1,0.25,0.03017241379310345,-1.3914,0.5,0,3,1,76,23,0.4537,109.26,1,0,0,0
ORD_101_04178,PIN_087,Home,0,0.23333333333333334,0.03017241379310345,4.0,0.25,0,4,1,129,10,0.0594,162.4,1,0,0,0
ORD_101_04179,PIN_018,Electronics,1,0.18421052631578946,0.5535911602209945,-0.1594,0.3333,0,4,2,370,26,0.6199,43.24,1,0,0,1
ORD_101_04180,PIN_049,Apparel,0,0.23333333333333334,0.19776119402985073,4.0,0.2,0,3,1,455,42,0.5403,83.47,1,0,0,0
ORD_101_04181,PIN_057,Electronics,0,0.25,0.5535911602209945,-1.7171,0.3333,0,1,1,294,34,0.4067,115.46,1,0,0,1
ORD_101_04182,PIN_061,Electronics,1,0.45454545454545453,0.5535911602209945,-1.8576,0.6667,0,6,1,455,49,0.1684,118.29,0,0,0,0
ORD_101_04183,PIN_089,Electronics,0,0.3888888888888889,0.5535911602209945,-1.6827,0.3333,0,1,1,946,64,0.375,152.79,0,0,0,0
ORD_101_04184,PIN_058,Electronics,0,0.28125,0.5535911602209945,-1.9099,0.3333,1,3,1,486,52,0.1734,105.26,0,0,0,0
ORD_101_04185,PIN_040,Electronics,0,0.21428571428571427,0.5535911602209945,-1.4512,0.3333,0,2,1,694,49,0.3063,74.51,1,0,0,0
ORD_101_04186,PIN_088,Beauty,0,0.29411764705882354,0.02,4.0,0.1667,0,2,1,106,45,0.1912,175.84,1,0,0,0
ORD_101_04187,PIN_090,Electronics,0,0.42424242424242425,0.5535911602209945,-1.8612,0.3333,0,6,1,287,54,0.145,161.13,1,0,0,1
ORD_101_04188,PIN_069,Home,0,0.25806451612903225,0.03017241379310345,2.1986,0.25,0,4,1,381,43,0.1425,124.1,1,0,0,0
ORD_101_04189,PIN_036,Apparel,2,0.3,0.19776119402985073,3.1986,0.2,0,2,1,114,55,0.4892,86.19,1,0,0,1
ORD_101_04190,PIN_051,Electronics,0,0.375,0.5535911602209945,-1.3965,0.3333,0,3,2,748,48,0.4022,92.07,0,0,0,0
ORD_101_04191,PIN_043,Electronics,1,0.34615384615384615,0.5535911602209945,-1.8757,0.3333,0,3,1,330,40,0.2033,86.45,1,0,0,1
ORD_101_04192,PIN_054,Apparel,0,0.34782608695652173,0.19776119402985073,1.4013,0.6,0,4,3,83,41,0.1923,109.37,0,0,0,0
ORD_101_04193,PIN_082,Beauty,1,0.25,0.02,-0.9578,0.1667,0,7,1,31,35,0.3404,149.64,1,0,0,0
ORD_101_04194,PIN_090,Electronics,0,0.42424242424242425,0.5535911602209945,0.6877,0.3333,0,2,1,225,31,0.2936,151.61,1,0,0,1
ORD_101_04195,PIN_066,Apparel,0,0.34210526315789475,0.19776119402985073,4.0,0.2,1,1,1,43,53,0.2898,132.56,0,0,0,0
ORD_101_04196,PIN_018,Books,0,0.18421052631578946,0.01764705882352941,4.0,0.25,1,5,1,215,27,0.0693,38.88,1,0,0,0
ORD_101_04197,PIN_077,Home,0,0.358974358974359,0.03017241379310345,-1.2081,0.25,0,1,1,178,57,0.3285,131.91,1,0,0,0
ORD_101_04198,PIN_011,Apparel,0,0.10810810810810811,0.19776119402985073,3.9501,0.2,0,0,1,70,11,0.2671,31.31,1,0,0,0
ORD_101_04199,PIN_083,Electronics,1,0.3404255319148936,0.5535911602209945,-1.8935,0.3333,1,4,1,709,73,0.2165,140.12,1,0,0,1
ORD_101_04200,PIN_008,Home,1,0.14285714285714285,0.03017241379310345,4.0,0.25,1,4,2,157,19,0.2756,20.34,1,0,0,0
ORD_101_04201,PIN_010,Electronics,0,0.24444444444444444,0.5535911602209945,-1.4913,1.0,0,3,1,1046,45,0.2353,6.2,1,0,0,0
ORD_101_04202,PIN_044,Apparel,0,0.21428571428571427,0.19776119402985073,1.6666,0.2,0,1,1,472,24,0.2982,87.85,0,0,0,0
ORD_101_04203,PIN_028,Electronics,0,0.0625,0.5535911602209945,-1.0588,0.3333,0,0,1,1540,46,0.3442,51.59,0,0,0,0
ORD_101_04204,PIN_022,Books,0,0.15384615384615385,0.01764705882352941,0.3738,0.25,0,3,1,17,25,0.1181,54.34,0,0,0,0
ORD_101_04205,PIN_001,Books,0,0.1282051282051282,0.01764705882352941,2.346,0.75,0,1,1,14,32,0.0538,7.28,1,0,0,0
ORD_101_04206,PIN_083,Home,0,0.3404255319148936,0.03017241379310345,-1.1345,0.25,0,3,1,10,58,0.1512,147.7,1,0,0,0
ORD_101_04207,PIN_027,Apparel,0,0.1875,0.19776119402985073,0.3609,0.2,0,4,1,521,16,0.0694,58.66,0,0,0,0
ORD_101_04208,PIN_071,Apparel,0,0.43243243243243246,0.19776119402985073,0.4975,0.2,0,5,1,1397,49,0.0215,116.54,1,0,0,0
ORD_101_04209,PIN_067,Apparel,1,0.19444444444444445,0.19776119402985073,-1.361,0.2,0,1,1,368,43,0.3978,110.81,1,0,0,1
ORD_101_04210,PIN_023,Books,1,0.1875,0.01764705882352941,4.0,0.25,0,6,1,352,64,0.3942,62.24,1,0,0,0
ORD_101_04211,PIN_020,Home,0,0.2413793103448276,0.03017241379310345,-1.6569,0.25,0,1,1,107,65,0.3011,44.31,0,0,0,0
ORD_101_04212,PIN_089,Apparel,0,0.3888888888888889,0.19776119402985073,1.0775,0.2,0,4,1,214,39,0.1557,147.37,0,0,0,0
ORD_101_04213,PIN_002,Electronics,0,0.15,0.5535911602209945,-0.5668,0.3333,1,0,1,117,45,0.132,25.01,0,0,0,0
ORD_101_04214,PIN_060,Apparel,0,0.25806451612903225,0.19776119402985073,3.8285,0.2,0,1,1,67,25,0.0707,110.41,0,0,0,0
ORD_101_04215,PIN_017,Apparel,0,0.24242424242424243,0.19776119402985073,0.0333,0.2,1,4,1,154,68,0.2519,40.24,0,0,0,0
ORD_101_04216,PIN_017,Apparel,0,0.24242424242424243,0.19776119402985073,-1.1214,0.6,0,3,2,197,37,0.3926,44.66,1,0,0,1
ORD_101_04217,PIN_016,Electronics,0,0.20930232558139536,0.5535911602209945,-1.5631,0.3333,0,3,1,79,33,0.4399,33.6,0,0,0,0
ORD_101_04218,PIN_089,Electronics,2,0.3888888888888889,0.5535911602209945,-1.3699,0.3333,0,4,1,27,49,0.2519,161.17,1,0,0,1
ORD_101_04219,PIN_010,Home,0,0.24444444444444444,0.03017241379310345,-1.6942,0.25,0,1,1,255,57,0.5199,29.63,0,0,0,0
ORD_101_04220,PIN_081,Electronics,0,0.375,0.5535911602209945,-1.3068,0.3333,1,2,1,68,47,0.3193,141.51,0,0,0,0
ORD_101_04221,PIN_028,Electronics,0,0.0625,0.5535911602209945,-1.277,0.3333,0,1,1,235,32,0.0855,60.06,1,0,0,0
ORD_101_04222,PIN_089,Home,0,0.3888888888888889,0.03017241379310345,-1.5109,1.0,0,3,1,356,30,0.3199,164.73,1,0,0,0
ORD_101_04223,PIN_054,Apparel,0,0.34782608695652173,0.19776119402985073,0.2272,0.2,0,1,1,229,20,0.5531,90.31,0,0,0,0
ORD_101_04224,PIN_050,Apparel,0,0.375,0.19776119402985073,-1.319,0.2,0,1,1,213,25,0.1906,104.42,1,0,0,0
ORD_101_04225,PIN_019,Electronics,0,0.13513513513513514,0.5535911602209945,-1.6952,0.3333,0,0,2,240,69,0.1901,39.9,1,0,0,0
ORD_101_04226,PIN_010,Electronics,0,0.24444444444444444,0.5535911602209945,-1.8709,0.3333,0,2,1,313,10,0.33,20.22,1,0,0,0
ORD_101_04227,PIN_068,Electronics,0,0.225,0.5535911602209945,-1.7447,0.6667,0,5,1,204,33,0.255,122.42,0,0,0,0
ORD_101_04228,PIN_003,Electronics,0,0.275,0.5535911602209945,-0.8966,0.3333,1,2,1,1252,51,0.3353,23.03,1,0,0,0
ORD_101_04229,PIN_058,Apparel,0,0.28125,0.19776119402985073,-1.2596,0.6,0,1,1,83,45,0.5098,95.25,1,0,0,0
ORD_101_04230,PIN_025,Electronics,0,0.21052631578947367,0.5535911602209945,-1.4893,0.3333,1,3,1,369,22,0.3533,50.37,1,0,0,1
ORD_101_04231,PIN_058,Electronics,0,0.28125,0.5535911602209945,-1.5284,0.3333,0,3,1,8,35,0.1328,105.55,0,0,0,0
ORD_101_04232,PIN_055,Apparel,0,0.19047619047619047,0.19776119402985073,-0.5446,0.2,0,0,1,149,34,0.0401,112.61,0,0,0,0
ORD_101_04233,PIN_030,Apparel,0,0.09090909090909091,0.19776119402985073,2.1786,0.2,0,4,1,59,48,0.0621,70.11,1,0,0,0
ORD_101_04234,PIN_072,Apparel,0,0.3548387096774194,0.19776119402985073,4.0,0.2,1,3,1,65,31,0.5363,140.69,0,0,0,0
ORD_101_04235,PIN_080,Apparel,1,0.32,0.19776119402985073,-1.5875,0.2,0,4,1,917,86,0.0673,152.27,0,0,0,0
ORD_101_04236,PIN_039,Apparel,0,0.2647058823529412,0.19776119402985073,4.0,0.4,0,0,1,639,43,0.4251,74.48,1,0,0,0
ORD_101_04237,PIN_040,Apparel,0,0.21428571428571427,0.19776119402985073,0.1275,0.6,0,4,1,116,32,0.1915,76.64,0,0,0,0
ORD_101_04238,PIN_023,Books,0,0.1875,0.01764705882352941,4.0,0.75,0,1,1,328,31,0.4092,59.04,0,0,0,0
ORD_101_04239,PIN_030,Apparel,0,0.09090909090909091,0.19776119402985073,1.2882,0.2,0,2,2,345,40,0.2444,68.81,1,0,0,0
ORD_101_04240,PIN_026,Beauty,0,0.1891891891891892,0.02,0.9041,0.1667,0,3,1,1067,10,0.2118,60.93,1,0,0,0
ORD_101_04241,PIN_032,Electronics,0,0.11538461538461539,0.5535911602209945,-1.3371,1.0,0,0,1,547,25,0.3661,70.91,1,0,0,0
ORD_101_04242,PIN_073,Electronics,0,0.25,0.5535911602209945,-0.2343,0.6667,0,3,1,392,35,0.4407,135.73,1,0,0,1
ORD_101_04243,PIN_069,Electronics,0,0.25806451612903225,0.5535911602209945,-1.7917,0.6667,0,0,1,98,23,0.1093,129.05,0,0,0,0
ORD_101_04244,PIN_002,Electronics,0,0.15,0.5535911602209945,-1.3395,0.3333,1,2,1,78,46,0.1871,6.53,1,0,0,0
ORD_101_04245,PIN_068,Electronics,1,0.225,0.5535911602209945,-1.5561,0.3333,0,5,1,32,48,0.4865,132.24,0,0,0,0
ORD_101_04246,PIN_066,Electronics,2,0.34210526315789475,0.5535911602209945,-1.0251,0.6667,0,1,1,25,31,0.1345,127.88,1,0,0,1
ORD_101_04247,PIN_012,Apparel,0,0.2571428571428571,0.19776119402985073,4.0,0.4,0,5,1,864,53,0.3077,38.25,0,0,0,0
ORD_101_04248,PIN_041,Books,0,0.21875,0.01764705882352941,4.0,0.25,0,3,1,140,51,0.49,92.68,1,0,0,0
ORD_101_04249,PIN_084,Apparel,0,0.28,0.19776119402985073,3.7703,0.2,0,3,1,221,62,0.2579,153.43,1,0,0,0
ORD_101_04250,PIN_055,Apparel,0,0.19047619047619047,0.19776119402985073,1.3947,0.2,1,1,1,460,15,0.3071,84.75,0,0,0,0
ORD_101_04251,PIN_058,Apparel,0,0.28125,0.19776119402985073,4.0,0.2,0,4,1,403,32,0.4827,112.79,1,0,0,0
ORD_101_04252,PIN_079,Apparel,0,0.2571428571428571,0.19776119402985073,-0.0133,0.4,0,3,1,726,30,0.5107,155.89,0,0,0,0
ORD_101_04253,PIN_017,Electronics,0,0.24242424242424243,0.5535911602209945,-1.5133,0.3333,0,3,1,192,56,0.0226,31.09,0,0,0,0
ORD_101_04254,PIN_012,Electronics,0,0.2571428571428571,0.5535911602209945,-1.8194,0.3333,0,4,1,2,17,0.4909,37.48,1,0,0,1
ORD_101_04255,PIN_058,Beauty,2,0.28125,0.02,4.0,0.1667,0,5,1,298,65,0.193,113.99,1,0,0,0
ORD_101_04256,PIN_066,Apparel,0,0.34210526315789475,0.19776119402985073,0.4843,0.2,0,0,1,1076,19,0.3601,132.18,0,0,0,0
ORD_101_04257,PIN_049,Apparel,1,0.23333333333333334,0.19776119402985073,2.4587,0.6,0,2,1,123,49,0.048,88.69,0,0,0,0
ORD_101_04258,PIN_062,Apparel,0,0.4,0.19776119402985073,-1.2804,0.2,0,1,1,245,42,0.3398,113.04,1,0,0,0
ORD_101_04259,PIN_090,Apparel,0,0.42424242424242425,0.19776119402985073,-0.3444,1.8,0,3,1,654,11,0.3094,160.15,1,0,0,0
ORD_101_04260,PIN_084,Apparel,0,0.28,0.19776119402985073,0.4108,0.2,0,1,1,491,30,0.1921,146.35,1,0,0,0
ORD_101_04261,PIN_020,Home,0,0.2413793103448276,0.03017241379310345,-1.8035,0.25,0,4,1,269,53,0.0257,39.56,0,0,0,0
ORD_101_04262,PIN_087,Electronics,0,0.23333333333333334,0.5535911602209945,0.2181,0.6667,0,5,1,374,31,0.1074,159.59,1,0,0,1
ORD_101_04263,PIN_082,Apparel,0,0.25,0.19776119402985073,2.7596,0.2,0,3,1,217,64,0.0842,156.02,0,0,0,0
ORD_101_04264,PIN_016,Books,0,0.20930232558139536,0.01764705882352941,4.0,0.25,0,5,1,154,18,0.3741,29.84,1,0,0,0
ORD_101_04265,PIN_055,Apparel,0,0.19047619047619047,0.19776119402985073,1.7987,1.6,1,1,1,107,37,0.5579,103.67,0,0,0,0
ORD_101_04266,PIN_053,Beauty,0,0.22857142857142856,0.02,4.0,0.1667,0,5,1,454,42,0.068,106.97,0,0,0,0
ORD_101_04267,PIN_036,Home,0,0.3,0.03017241379310345,-1.6801,0.25,1,0,2,51,51,0.4323,71.3,0,0,0,0
ORD_101_04268,PIN_089,Apparel,1,0.3888888888888889,0.19776119402985073,4.0,0.2,1,3,1,29,48,0.1157,161.34,0,0,0,0
ORD_101_04269,PIN_044,Books,0,0.21428571428571427,0.01764705882352941,-0.7951,0.25,0,1,1,58,38,0.5289,84.86,1,0,0,0
ORD_101_04270,PIN_040,Apparel,0,0.21428571428571427,0.19776119402985073,1.0531,0.2,0,2,1,204,50,0.1865,71.28,0,0,0,0
ORD_101_04271,PIN_048,Electronics,0,0.21621621621621623,0.5535911602209945,-1.8744,1.6667,1,1,1,500,30,0.4001,87.23,1,0,0,0
ORD_101_04272,PIN_022,Electronics,1,0.15384615384615385,0.5535911602209945,-1.6796,0.3333,1,5,2,47,68,0.2514,52.92,1,0,0,1
ORD_101_04273,PIN_031,Electronics,0,0.1875,0.5535911602209945,-0.6957,0.3333,0,4,1,619,31,0.3149,58.97,1,0,0,0
ORD_101_04274,PIN_028,Apparel,0,0.0625,0.19776119402985073,2.4821,0.2,0,1,1,345,36,0.0692,64.02,1,0,0,0
ORD_101_04275,PIN_046,Electronics,0,0.23529411764705882,0.5535911602209945,-1.8582,1.3333,0,4,2,72,59,0.389,104.88,1,0,0,1
ORD_101_04276,PIN_048,Home,0,0.21621621621621623,0.03017241379310345,-0.7701,0.25,0,1,1,25,40,0.2243,99.07,1,0,0,0
ORD_101_04277,PIN_042,Electronics,0,0.25,0.5535911602209945,-1.3163,0.3333,0,5,1,246,40,0.4536,78.21,0,0,0,0
ORD_101_04278,PIN_002,Electronics,0,0.15,0.5535911602209945,-1.4066,3.3333,0,1,1,770,48,0.0595,18.05,0,0,0,0
ORD_101_04279,PIN_007,Home,0,0.125,0.03017241379310345,-1.3806,0.5,1,3,1,15,31,0.4605,9.9,1,0,0,0
ORD_101_04280,PIN_039,Electronics,0,0.2647058823529412,0.5535911602209945,-1.3056,0.3333,0,5,1,621,19,0.1751,87.05,0,0,0,0
ORD_101_04281,PIN_065,Beauty,0,0.2619047619047619,0.02,4.0,1.6667,1,7,1,46,39,0.4087,116.32,1,0,0,0
ORD_101_04282,PIN_045,Home,0,0.2777777777777778,0.03017241379310345,0.6899,0.25,1,3,1,101,76,0.2202,81.17,1,0,0,0
ORD_101_04283,PIN_043,Electronics,0,0.34615384615384615,0.5535911602209945,-0.8112,0.6667,0,1,1,148,41,0.0554,87.94,1,0,0,0
ORD_101_04284,PIN_079,Apparel,0,0.2571428571428571,0.19776119402985073,4.0,0.2,0,1,1,133,70,0.3777,141.05,1,0,0,0
ORD_101_04285,PIN_077,Electronics,0,0.358974358974359,0.5535911602209945,-1.1218,0.3333,0,1,1,66,19,0.2014,146.24,0,0,0,0
ORD_101_04286,PIN_020,Electronics,0,0.2413793103448276,0.5535911602209945,-0.4211,0.3333,0,2,3,167,48,0.0295,48.04,1,0,0,1
ORD_101_04287,PIN_063,Home,2,0.175,0.03017241379310345,-1.307,0.75,0,0,1,147,35,0.4271,125.86,1,0,0,0
ORD_101_04288,PIN_040,Beauty,0,0.21428571428571427,0.02,0.6964,0.1667,0,4,1,38,42,0.268,81.81,0,0,0,0
ORD_101_04289,PIN_007,Apparel,0,0.125,0.19776119402985073,3.2629,0.2,0,7,1,99,39,0.0799,16.91,1,0,0,0
ORD_101_04290,PIN_074,Beauty,0,0.23076923076923078,0.02,2.5582,0.1667,0,2,1,191,71,0.1679,135.66,0,0,0,0
ORD_101_04291,PIN_050,Apparel,0,0.375,0.19776119402985073,3.1227,0.2,0,4,1,29,24,0.5169,84.79,1,0,0,1
ORD_101_04292,PIN_019,Home,0,0.13513513513513514,0.03017241379310345,-1.3441,0.25,0,3,1,152,28,0.147,42.96,0,0,0,0
ORD_101_04293,PIN_042,Electronics,0,0.25,0.5535911602209945,-1.4635,0.3333,0,1,1,54,66,0.5046,73.76,0,0,0,0
ORD_101_04294,PIN_007,Apparel,0,0.125,0.19776119402985073,4.0,0.6,0,4,1,6,54,0.3706,25.78,1,0,0,0
ORD_101_04295,PIN_026,Apparel,1,0.1891891891891892,0.19776119402985073,1.31,0.2,0,3,1,990,54,0.4455,57.5,1,0,0,0
ORD_101_04296,PIN_049,Electronics,0,0.23333333333333334,0.5535911602209945,-1.4673,0.3333,1,4,1,39,30,0.1187,90.11,0,0,0,0
ORD_101_04297,PIN_087,Home,0,0.23333333333333334,0.03017241379310345,0.5164,1.0,0,5,1,8,46,0.1752,149.77,1,0,0,0
ORD_101_04298,PIN_030,Books,0,0.09090909090909091,0.01764705882352941,2.5767,0.25,1,4,1,557,53,0.1852,61.6,1,0,0,0
ORD_101_04299,PIN_034,Books,0,0.22580645161290322,0.01764705882352941,4.0,0.25,0,3,1,73,45,0.1179,60.79,1,0,0,0
ORD_101_04300,PIN_018,Electronics,2,0.18421052631578946,0.5535911602209945,-1.7012,0.3333,0,2,1,308,59,0.2944,20.47,0,0,0,0
ORD_101_04301,PIN_052,Apparel,0,0.2571428571428571,0.19776119402985073,2.1367,0.4,0,1,1,378,46,0.2374,103.78,1,0,0,0
ORD_101_04302,PIN_046,Home,0,0.23529411764705882,0.03017241379310345,-1.7869,0.25,0,0,1,14,58,0.1683,86.78,0,0,0,0
ORD_101_04303,PIN_051,Beauty,0,0.375,0.02,-0.2852,0.1667,0,1,1,223,10,0.1674,95.34,1,0,0,0
ORD_101_04304,PIN_078,Electronics,0,0.2647058823529412,0.5535911602209945,-1.812,0.3333,0,1,1,317,42,0.4381,144.23,1,0,0,1
ORD_101_04305,PIN_085,Electronics,0,0.25,0.5535911602209945,-1.704,0.6667,0,1,1,1676,54,0.2168,143.23,0,0,0,0
ORD_101_04306,PIN_054,Apparel,0,0.34782608695652173,0.19776119402985073,-1.1941,0.2,1,4,1,641,58,0.2862,105.0,0,0,0,0
ORD_101_04307,PIN_032,Beauty,0,0.11538461538461539,0.02,4.0,0.1667,0,0,1,897,65,0.1768,47.22,1,0,0,0
ORD_101_04308,PIN_085,Beauty,0,0.25,0.02,1.6174,0.1667,0,4,1,39,43,0.2252,154.46,1,0,0,0
ORD_101_04309,PIN_026,Apparel,0,0.1891891891891892,0.19776119402985073,4.0,1.0,0,0,1,214,34,0.1469,65.52,0,0,0,0
ORD_101_04310,PIN_022,Apparel,0,0.15384615384615385,0.19776119402985073,-1.5893,0.2,1,2,1,719,32,0.2642,58.77,1,0,0,0
ORD_101_04311,PIN_083,Electronics,0,0.3404255319148936,0.5535911602209945,-1.8649,0.3333,0,2,1,10,57,0.1547,147.3,1,0,0,0
ORD_101_04312,PIN_079,Apparel,0,0.2571428571428571,0.19776119402985073,-1.1181,2.0,0,3,1,199,47,0.1182,145.56,1,0,0,0
ORD_101_04313,PIN_044,Apparel,0,0.21428571428571427,0.19776119402985073,0.9415,0.2,0,5,1,43,10,0.0504,99.34,1,0,0,0
ORD_101_04314,PIN_064,Apparel,0,0.13157894736842105,0.19776119402985073,0.1509,1.2,0,1,1,495,59,0.0735,117.76,1,0,0,0
ORD_101_04315,PIN_042,Apparel,0,0.25,0.19776119402985073,-0.9399,0.2,0,3,1,70,34,0.3928,94.55,1,0,0,0
ORD_101_04316,PIN_048,Apparel,1,0.21621621621621623,0.19776119402985073,1.8081,0.2,0,2,1,521,71,0.2585,87.45,0,0,0,0
ORD_101_04317,PIN_007,Home,0,0.125,0.03017241379310345,-0.3334,0.25,0,2,1,245,32,0.4896,23.89,0,0,0,0
ORD_101_04318,PIN_013,Home,0,0.16666666666666666,0.03017241379310345,-1.3235,0.25,0,1,1,329,46,0.4362,44.02,0,0,0,0
ORD_101_04319,PIN_083,Electronics,0,0.3404255319148936,0.5535911602209945,-1.7634,1.3333,1,4,1,182,23,0.3017,145.24,1,0,0,1
ORD_101_04320,PIN_028,Electronics,0,0.0625,0.5535911602209945,-1.8639,0.3333,0,1,1,309,55,0.112,61.54,1,0,0,0
ORD_101_04321,PIN_042,Electronics,0,0.25,0.5535911602209945,-1.2855,0.6667,0,3,2,245,70,0.1078,83.52,1,0,0,0
ORD_101_04322,PIN_077,Electronics,0,0.358974358974359,0.5535911602209945,-1.4725,0.3333,0,3,1,532,49,0.1155,137.96,1,0,0,0
ORD_101_04323,PIN_074,Electronics,0,0.23076923076923078,0.5535911602209945,0.3539,0.3333,0,3,1,372,58,0.3243,155.75,0,0,0,0
ORD_101_04324,PIN_035,Beauty,0,0.05714285714285714,0.02,4.0,0.1667,0,1,1,483,51,0.1695,63.77,1,0,0,0
ORD_101_04325,PIN_061,Electronics,0,0.45454545454545453,0.5535911602209945,-0.9964,0.3333,0,3,1,124,44,0.1546,99.63,1,0,0,0
ORD_101_04326,PIN_082,Books,0,0.25,0.01764705882352941,1.3047,0.5,1,2,1,1032,56,0.2874,152.77,1,0,0,0
ORD_101_04327,PIN_033,Electronics,0,0.15151515151515152,0.5535911602209945,-1.4402,0.6667,1,2,1,66,38,0.3646,67.05,0,0,0,0
ORD_101_04328,PIN_019,Apparel,0,0.13513513513513514,0.19776119402985073,-1.356,0.2,1,1,1,220,37,0.3533,41.17,1,0,0,0
ORD_101_04329,PIN_022,Books,0,0.15384615384615385,0.01764705882352941,2.8594,0.5,0,1,1,443,24,0.1685,62.13,1,0,0,0
ORD_101_04330,PIN_014,Books,0,0.20689655172413793,0.01764705882352941,4.0,1.0,0,1,1,277,49,0.2019,33.93,0,0,0,0
ORD_101_04331,PIN_090,Electronics,0,0.42424242424242425,0.5535911602209945,-1.8417,0.3333,1,2,1,337,46,0.2254,161.06,0,0,0,0
ORD_101_04332,PIN_063,Home,0,0.175,0.03017241379310345,-1.1028,0.25,0,4,1,85,62,0.5297,118.13,1,0,0,0
ORD_101_04333,PIN_030,Electronics,0,0.09090909090909091,0.5535911602209945,-1.3598,0.3333,1,3,2,452,42,0.1022,70.02,1,0,0,0
ORD_101_04334,PIN_081,Apparel,0,0.375,0.19776119402985073,2.1752,0.2,0,3,1,129,33,0.1426,175.18,0,0,0,0
ORD_101_04335,PIN_086,Books,0,0.3783783783783784,0.01764705882352941,4.0,0.25,0,3,1,109,49,0.7637,143.86,1,0,0,0
ORD_101_04336,PIN_032,Home,2,0.11538461538461539,0.03017241379310345,-1.3672,0.25,1,5,1,112,57,0.2473,71.11,0,0,0,0
ORD_101_04337,PIN_017,Beauty,0,0.24242424242424243,0.02,3.976,1.6667,0,4,1,138,45,0.2702,30.14,0,0,0,0
ORD_101_04338,PIN_007,Apparel,0,0.125,0.19776119402985073,-1.6134,0.2,1,6,1,542,37,0.1315,21.9,1,0,0,0
ORD_101_04339,PIN_073,Apparel,0,0.25,0.19776119402985073,0.7018,0.8,0,0,1,46,52,0.3618,136.01,0,0,0,0
ORD_101_04340,PIN_067,Beauty,0,0.19444444444444445,0.02,1.2665,0.1667,1,4,1,250,50,0.0918,122.81,1,0,0,0
ORD_101_04341,PIN_016,Electronics,0,0.20930232558139536,0.5535911602209945,-1.4518,0.6667,0,4,1,26,68,0.4505,43.66,1,0,0,1
ORD_101_04342,PIN_021,Apparel,0,0.15151515151515152,0.19776119402985073,-0.1168,0.2,0,2,1,103,37,0.1182,49.04,0,0,0,0
ORD_101_04343,PIN_049,Electronics,0,0.23333333333333334,0.5535911602209945,-1.7931,0.3333,1,0,1,668,23,0.0272,90.96,0,0,0,0
ORD_101_04344,PIN_073,Apparel,0,0.25,0.19776119402985073,-0.6295,0.2,0,4,1,76,54,0.3272,136.61,0,0,0,0
ORD_101_04345,PIN_088,Books,0,0.29411764705882354,0.01764705882352941,4.0,0.25,0,3,1,66,51,0.3412,160.39,1,0,0,0
ORD_101_04346,PIN_029,Apparel,0,0.16666666666666666,0.19776119402985073,0.8735,0.2,1,7,1,537,56,0.3627,66.12,1,0,0,0
ORD_101_04347,PIN_047,Apparel,0,0.2727272727272727,0.19776119402985073,-1.6018,0.4,0,3,2,361,36,0.1138,85.94,0,0,0,0
ORD_101_04348,PIN_057,Electronics,0,0.25,0.5535911602209945,-0.792,0.3333,1,4,2,597,20,0.3944,106.78,0,0,0,0
ORD_101_04349,PIN_052,Electronics,0,0.2571428571428571,0.5535911602209945,-1.674,0.3333,0,2,1,462,27,0.1792,109.87,0,0,0,0
ORD_101_04350,PIN_064,Electronics,1,0.13157894736842105,0.5535911602209945,-1.5693,0.3333,0,1,1,394,55,0.2145,128.19,0,0,0,0
ORD_101_04351,PIN_084,Home,0,0.28,0.03017241379310345,-1.5879,0.5,0,2,1,109,45,0.0334,158.87,0,0,0,0
ORD_101_04352,PIN_037,Apparel,1,0.21875,0.19776119402985073,3.183,0.6,1,4,1,299,41,0.3305,67.99,1,0,0,1
ORD_101_04353,PIN_005,Home,2,0.06666666666666667,0.03017241379310345,1.3916,0.25,0,1,1,324,33,0.1341,23.08,0,0,0,0
ORD_101_04354,PIN_021,Books,1,0.15151515151515152,0.01764705882352941,4.0,0.25,0,0,1,354,44,0.264,43.83,1,0,0,0
ORD_101_04355,PIN_041,Apparel,0,0.21875,0.19776119402985073,-1.3148,0.2,1,3,1,170,22,0.3603,75.92,0,0,0,0
ORD_101_04356,PIN_036,Electronics,0,0.3,0.5535911602209945,-1.4138,0.3333,0,1,1,322,49,0.3059,61.02,1,0,0,0
ORD_101_04357,PIN_012,Apparel,0,0.2571428571428571,0.19776119402985073,-0.9173,0.2,0,3,1,24,58,0.3677,15.71,1,0,0,0
ORD_101_04358,PIN_045,Electronics,0,0.2777777777777778,0.5535911602209945,-1.6887,0.3333,0,4,1,155,56,0.5096,74.12,0,0,0,0
ORD_101_04359,PIN_027,Beauty,0,0.1875,0.02,0.5737,0.3333,0,2,1,92,74,0.4881,54.06,1,0,0,0
ORD_101_04360,PIN_056,Beauty,0,0.25,0.02,-0.6838,0.1667,0,1,1,69,61,0.6703,98.55,1,0,0,0
ORD_101_04361,PIN_069,Apparel,0,0.25806451612903225,0.19776119402985073,-0.4435,0.2,0,2,1,39,49,0.4297,128.47,0,0,0,0
ORD_101_04362,PIN_052,Electronics,0,0.2571428571428571,0.5535911602209945,-1.4191,0.3333,0,0,1,327,48,0.2922,93.54,0,0,0,0
ORD_101_04363,PIN_015,Home,0,0.1724137931034483,0.03017241379310345,-0.3412,0.75,0,1,1,1,40,0.4466,40.32,1,0,0,0
ORD_101_04364,PIN_068,Books,0,0.225,0.01764705882352941,-0.1603,0.25,0,4,1,605,20,0.3916,121.97,0,0,0,0
ORD_101_04365,PIN_049,Electronics,0,0.23333333333333334,0.5535911602209945,-1.3891,0.3333,0,5,1,320,55,0.1146,85.23,1,0,0,0
ORD_101_04366,PIN_046,Beauty,0,0.23529411764705882,0.02,-0.2677,0.1667,0,3,1,559,47,0.2989,95.28,1,0,0,0
ORD_101_04367,PIN_046,Electronics,0,0.23529411764705882,0.5535911602209945,-0.5539,0.3333,0,6,1,434,47,0.555,100.62,0,0,0,0
ORD_101_04368,PIN_063,Electronics,0,0.175,0.5535911602209945,-1.605,0.6667,0,3,1,142,52,0.1033,111.9,1,0,0,0
ORD_101_04369,PIN_038,Books,0,0.14634146341463414,0.01764705882352941,4.0,0.25,0,4,1,153,45,0.3066,74.78,1,0,0,0
ORD_101_04370,PIN_009,Apparel,0,0.23684210526315788,0.19776119402985073,-0.0746,0.2,0,5,1,513,34,0.4549,28.09,1,0,0,0
ORD_101_04371,PIN_004,Apparel,1,0.21212121212121213,0.19776119402985073,4.0,0.2,0,4,1,224,38,0.4939,24.56,1,0,0,1
ORD_101_04372,PIN_062,Apparel,0,0.4,0.19776119402985073,2.962,0.2,1,1,1,26,52,0.3092,120.77,1,0,0,0
ORD_101_04373,PIN_016,Apparel,0,0.20930232558139536,0.19776119402985073,0.7483,0.2,0,2,1,45,15,0.4921,51.34,0,0,0,0
ORD_101_04374,PIN_054,Electronics,0,0.34782608695652173,0.5535911602209945,-0.2633,0.3333,1,2,1,210,56,0.4684,93.04,1,0,0,1
ORD_101_04375,PIN_062,Books,0,0.4,0.01764705882352941,-0.0034,0.5,0,3,1,546,59,0.1589,118.09,1,0,0,0
ORD_101_04376,PIN_055,Home,1,0.19047619047619047,0.03017241379310345,-0.3819,0.75,0,2,1,210,49,0.0713,103.81,0,0,0,0
ORD_101_04377,PIN_019,Electronics,1,0.13513513513513514,0.5535911602209945,-1.2424,0.3333,0,4,1,171,33,0.2611,46.79,0,0,0,0
ORD_101_04378,PIN_008,Home,0,0.14285714285714285,0.03017241379310345,-0.5912,1.25,0,5,1,1038,45,0.0525,24.11,1,0,0,0
ORD_101_04379,PIN_044,Electronics,0,0.21428571428571427,0.5535911602209945,-1.8679,0.3333,1,3,1,81,48,0.2177,75.76,1,0,0,0
ORD_101_04380,PIN_055,Home,0,0.19047619047619047,0.03017241379310345,-1.7172,0.25,1,3,1,159,47,0.614,106.16,1,0,0,0
ORD_101_04381,PIN_004,Apparel,0,0.21212121212121213,0.19776119402985073,-0.5332,0.4,0,3,1,65,44,0.0795,9.0,1,0,0,0
ORD_101_04382,PIN_062,Electronics,0,0.4,0.5535911602209945,-1.5736,1.6667,0,2,1,3,56,0.2204,115.31,1,0,0,1
ORD_101_04383,PIN_017,Home,0,0.24242424242424243,0.03017241379310345,-0.0774,2.5,1,2,1,62,46,0.5325,40.44,1,0,0,0
ORD_101_04384,PIN_063,Apparel,0,0.175,0.19776119402985073,2.4636,0.2,0,0,1,982,10,0.2597,118.36,1,0,0,0
ORD_101_04385,PIN_078,Home,0,0.2647058823529412,0.03017241379310345,-1.1593,0.5,0,2,1,248,32,0.3327,150.69,0,0,0,0
ORD_101_04386,PIN_082,Apparel,0,0.25,0.19776119402985073,0.3116,0.2,1,2,1,54,40,0.2,151.91,0,0,0,0
ORD_101_04387,PIN_081,Apparel,0,0.375,0.19776119402985073,-0.5985,0.2,0,5,1,1164,43,0.3257,144.05,0,0,0,0
ORD_101_04388,PIN_003,Electronics,0,0.275,0.5535911602209945,-0.2264,0.3333,0,4,1,62,40,0.2781,7.36,0,0,0,0
ORD_101_04389,PIN_006,Apparel,0,0.23529411764705882,0.19776119402985073,-1.5276,0.2,0,3,1,205,63,0.0741,18.54,1,0,0,0
ORD_101_04390,PIN_017,Apparel,0,0.24242424242424243,0.19776119402985073,-0.3263,0.2,0,5,1,467,55,0.3765,45.81,0,0,0,0
ORD_101_04391,PIN_074,Electronics,0,0.23076923076923078,0.5535911602209945,-1.8716,0.3333,0,2,1,4,59,0.1207,143.15,0,0,0,0
ORD_101_04392,PIN_059,Beauty,0,0.21739130434782608,0.02,-0.9159,0.8333,0,3,1,286,52,0.4308,105.97,0,0,0,0
ORD_101_04393,PIN_063,Home,0,0.175,0.03017241379310345,4.0,0.25,1,3,1,33,46,0.3086,119.35,1,0,0,0
ORD_101_04394,PIN_052,Electronics,0,0.2571428571428571,0.5535911602209945,-0.4324,0.3333,1,5,1,34,85,0.1025,105.94,0,0,0,0
ORD_101_04395,PIN_029,Electronics,0,0.16666666666666666,0.5535911602209945,-1.6203,0.3333,0,0,1,6,52,0.0947,46.62,1,0,0,0
ORD_101_04396,PIN_037,Beauty,0,0.21875,0.02,4.0,0.1667,0,1,1,488,56,0.0404,67.44,1,0,0,0
ORD_101_04397,PIN_066,Apparel,0,0.34210526315789475,0.19776119402985073,0.6357,0.2,0,3,1,183,41,0.4077,124.19,1,0,0,0
ORD_101_04398,PIN_004,Apparel,0,0.21212121212121213,0.19776119402985073,0.0835,0.2,0,3,2,109,34,0.2808,13.06,0,0,0,0
ORD_101_04399,PIN_070,Beauty,1,0.2682926829268293,0.02,-0.944,0.1667,1,3,1,25,24,0.2232,113.94,0,0,0,0
ORD_101_04400,PIN_003,Apparel,0,0.275,0.19776119402985073,2.0691,0.2,0,1,1,131,27,0.7367,1.0,1,0,0,1
ORD_101_04401,PIN_075,Home,0,0.26666666666666666,0.03017241379310345,2.0081,0.25,0,5,1,153,26,0.1233,135.0,1,0,0,0
ORD_101_04402,PIN_006,Books,1,0.23529411764705882,0.01764705882352941,4.0,0.5,0,2,1,94,39,0.0816,19.02,1,0,0,0
ORD_101_04403,PIN_011,Home,0,0.10810810810810811,0.03017241379310345,0.0271,1.5,1,2,1,212,48,0.5949,27.26,0,0,0,0
ORD_101_04404,PIN_071,Electronics,1,0.43243243243243246,0.5535911602209945,-0.8894,0.6667,0,1,1,300,64,0.5328,149.51,1,0,0,1
ORD_101_04405,PIN_072,Home,0,0.3548387096774194,0.03017241379310345,-0.6281,0.25,1,1,2,533,50,0.0458,133.52,1,0,0,0
ORD_101_04406,PIN_084,Apparel,0,0.28,0.19776119402985073,-0.1437,0.2,0,1,1,165,57,0.2422,148.8,0,0,0,0
ORD_101_04407,PIN_077,Apparel,0,0.358974358974359,0.19776119402985073,3.1389,0.2,0,2,1,68,62,0.4713,147.25,1,0,0,0
ORD_101_04408,PIN_083,Apparel,0,0.3404255319148936,0.19776119402985073,-1.1242,0.2,0,4,1,81,68,0.1257,157.96,1,0,0,0
ORD_101_04409,PIN_079,Home,0,0.2571428571428571,0.03017241379310345,-1.4283,0.25,0,1,1,479,18,0.168,153.77,0,0,0,0
ORD_101_04410,PIN_088,Home,0,0.29411764705882354,0.03017241379310345,-1.5519,0.75,0,3,1,274,60,0.4469,151.01,1,0,0,0
ORD_101_04411,PIN_083,Apparel,0,0.3404255319148936,0.19776119402985073,-1.582,0.2,0,1,1,87,55,0.094,155.11,1,0,0,0
ORD_101_04412,PIN_079,Books,1,0.2571428571428571,0.01764705882352941,2.0805,0.25,0,2,1,25,44,0.6107,151.23,1,0,0,1
ORD_101_04413,PIN_068,Electronics,0,0.225,0.5535911602209945,-1.4024,0.3333,0,6,1,234,37,0.6098,130.68,1,0,0,1
ORD_101_04414,PIN_028,Books,0,0.0625,0.01764705882352941,4.0,0.25,0,4,1,416,44,0.7133,51.31,0,0,0,0
ORD_101_04415,PIN_036,Electronics,2,0.3,0.5535911602209945,-1.6994,0.3333,1,2,1,180,76,0.3012,73.66,0,0,0,0
ORD_101_04416,PIN_037,Apparel,0,0.21875,0.19776119402985073,4.0,0.4,1,5,1,52,27,0.3049,76.24,0,0,0,0
ORD_101_04417,PIN_062,Books,0,0.4,0.01764705882352941,0.737,0.25,0,4,1,433,49,0.209,114.19,0,0,0,0
ORD_101_04418,PIN_079,Apparel,1,0.2571428571428571,0.19776119402985073,0.8772,0.2,0,2,1,5,68,0.0688,135.05,1,0,0,0
ORD_101_04419,PIN_089,Electronics,0,0.3888888888888889,0.5535911602209945,-1.0358,0.3333,1,1,1,276,40,0.395,156.26,0,0,0,0
ORD_101_04420,PIN_077,Books,0,0.358974358974359,0.01764705882352941,0.6586,0.75,0,3,1,12,35,0.2092,143.37,0,0,0,0
ORD_101_04421,PIN_025,Apparel,1,0.21052631578947367,0.19776119402985073,-0.0846,0.2,0,1,1,262,29,0.3668,57.69,0,0,0,0
ORD_101_04422,PIN_085,Home,0,0.25,0.03017241379310345,1.4974,0.25,0,4,1,505,43,0.3261,145.13,1,0,0,0
ORD_101_04423,PIN_072,Apparel,0,0.3548387096774194,0.19776119402985073,-1.2406,0.2,0,1,1,81,40,0.172,134.1,0,0,0,0
ORD_101_04424,PIN_070,Electronics,0,0.2682926829268293,0.5535911602209945,-1.7559,0.3333,0,1,1,175,31,0.0828,131.81,0,0,0,0
ORD_101_04425,PIN_003,Books,0,0.275,0.01764705882352941,4.0,0.25,1,1,1,431,55,0.4329,12.11,0,0,0,0
ORD_101_04426,PIN_087,Apparel,0,0.23333333333333334,0.19776119402985073,0.5758,0.2,1,5,1,209,10,0.197,151.37,0,0,0,0
ORD_101_04427,PIN_012,Apparel,0,0.2571428571428571,0.19776119402985073,4.0,0.2,0,4,1,55,13,0.2019,10.24,0,0,0,0
ORD_101_04428,PIN_004,Beauty,0,0.21212121212121213,0.02,4.0,0.3333,0,2,1,520,49,0.4827,23.3,1,0,0,0
ORD_101_04429,PIN_049,Apparel,1,0.23333333333333334,0.19776119402985073,0.0025,0.2,0,1,1,478,48,0.1956,98.0,1,0,0,0
ORD_101_04430,PIN_015,Beauty,0,0.1724137931034483,0.02,-0.1017,0.1667,0,5,1,957,60,0.125,34.49,0,0,0,0
ORD_101_04431,PIN_054,Beauty,1,0.34782608695652173,0.02,3.4165,0.1667,0,1,1,86,36,0.4834,99.65,0,0,0,0
ORD_101_04432,PIN_089,Home,0,0.3888888888888889,0.03017241379310345,-0.6752,0.25,0,1,1,84,52,0.1898,168.09,0,0,0,0
ORD_101_04433,PIN_084,Electronics,0,0.28,0.5535911602209945,-0.2871,0.6667,0,6,1,178,39,0.1902,158.17,0,0,0,0
ORD_101_04434,PIN_037,Electronics,0,0.21875,0.5535911602209945,-1.4043,0.3333,1,1,1,27,58,0.7333,66.3,1,0,0,1
ORD_101_04435,PIN_019,Apparel,0,0.13513513513513514,0.19776119402985073,4.0,0.2,0,0,1,280,41,0.1682,49.6,1,0,0,0
ORD_101_04436,PIN_066,Electronics,0,0.34210526315789475,0.5535911602209945,-0.8406,1.6667,0,4,1,864,30,0.3653,128.04,0,0,0,0
ORD_101_04437,PIN_042,Apparel,0,0.25,0.19776119402985073,4.0,0.6,0,2,1,28,44,0.4185,94.4,1,0,0,0
ORD_101_04438,PIN_042,Home,0,0.25,0.03017241379310345,-1.2865,1.25,0,2,1,587,34,0.4284,92.71,1,0,0,0
ORD_101_04439,PIN_026,Home,0,0.1891891891891892,0.03017241379310345,-1.4192,0.25,1,1,1,2572,40,0.5666,49.09,0,0,0,0
ORD_101_04440,PIN_044,Home,0,0.21428571428571427,0.03017241379310345,-0.6728,0.25,0,3,1,109,64,0.1737,83.98,0,0,0,0
ORD_101_04441,PIN_077,Books,0,0.358974358974359,0.01764705882352941,4.0,0.25,1,3,1,831,27,0.3044,141.35,0,0,0,0
ORD_101_04442,PIN_002,Home,0,0.15,0.03017241379310345,0.0892,0.25,0,3,1,35,93,0.0588,25.39,1,0,0,0
ORD_101_04443,PIN_066,Home,0,0.34210526315789475,0.03017241379310345,0.816,0.25,0,3,1,392,36,0.5451,123.44,0,0,0,0
ORD_101_04444,PIN_012,Apparel,0,0.2571428571428571,0.19776119402985073,0.4356,0.4,0,2,1,591,59,0.0871,35.38,1,0,0,0
ORD_101_04445,PIN_001,Electronics,2,0.1282051282051282,0.5535911602209945,0.9493,0.6667,0,2,1,146,35,0.2288,12.57,1,0,0,1
ORD_101_04446,PIN_076,Beauty,0,0.4117647058823529,0.02,-1.1015,0.1667,0,2,2,245,50,0.3334,144.1,1,0,0,0
ORD_101_04447,PIN_004,Home,2,0.21212121212121213,0.03017241379310345,1.3965,0.25,0,3,1,91,66,0.2017,28.59,1,0,0,0
ORD_101_04448,PIN_012,Apparel,0,0.2571428571428571,0.19776119402985073,4.0,0.2,0,1,1,4,33,0.3451,33.21,1,0,0,0
ORD_101_04449,PIN_010,Books,1,0.24444444444444444,0.01764705882352941,4.0,1.0,1,2,1,123,52,0.4272,13.42,0,0,0,0
ORD_101_04450,PIN_048,Beauty,0,0.21621621621621623,0.02,3.4033,0.3333,0,3,1,486,57,0.2941,88.85,1,0,0,0
ORD_101_04451,PIN_051,Apparel,1,0.375,0.19776119402985073,-1.2052,0.2,1,6,1,224,42,0.2257,93.18,0,0,0,0
ORD_101_04452,PIN_023,Home,1,0.1875,0.03017241379310345,-0.8637,0.5,0,2,1,240,63,0.1455,43.71,1,0,0,0
ORD_101_04453,PIN_083,Electronics,0,0.3404255319148936,0.5535911602209945,-0.5612,0.3333,0,3,1,523,39,0.5228,167.2,0,0,0,0
ORD_101_04454,PIN_087,Electronics,1,0.23333333333333334,0.5535911602209945,-1.1642,0.3333,0,2,1,123,71,0.3772,159.81,0,0,0,0
ORD_101_04455,PIN_013,Home,0,0.16666666666666666,0.03017241379310345,2.0004,0.25,0,5,2,110,70,0.5018,25.51,1,0,0,0
ORD_101_04456,PIN_036,Apparel,3,0.3,0.19776119402985073,-0.261,0.2,0,1,1,134,76,0.6037,56.22,1,0,0,1
ORD_101_04457,PIN_050,Electronics,1,0.375,0.5535911602209945,-0.2806,0.3333,0,3,1,657,38,0.3299,90.64,1,0,0,1
ORD_101_04458,PIN_077,Apparel,0,0.358974358974359,0.19776119402985073,4.0,0.2,0,3,1,282,45,0.3403,132.5,1,0,0,0
ORD_101_04459,PIN_032,Electronics,0,0.11538461538461539,0.5535911602209945,-1.0808,0.3333,0,4,1,219,82,0.2489,78.58,1,0,0,0
ORD_101_04460,PIN_063,Electronics,0,0.175,0.5535911602209945,-1.141,0.3333,0,3,1,161,33,0.3897,119.85,1,0,0,1
ORD_101_04461,PIN_079,Apparel,0,0.2571428571428571,0.19776119402985073,3.2077,0.4,0,2,1,155,51,0.1702,140.76,1,0,0,0
ORD_101_04462,PIN_063,Apparel,0,0.175,0.19776119402985073,1.5212,0.2,0,3,3,304,28,0.1901,120.45,1,0,0,1
ORD_101_04463,PIN_070,Home,0,0.2682926829268293,0.03017241379310345,-0.3977,0.25,0,3,1,137,41,0.4057,140.99,1,0,0,0
ORD_101_04464,PIN_016,Home,0,0.20930232558139536,0.03017241379310345,-0.9058,0.25,0,1,2,1382,42,0.4075,43.8,0,0,0,0
ORD_101_04465,PIN_084,Electronics,0,0.28,0.5535911602209945,-1.9036,0.3333,0,1,1,65,45,0.4414,167.07,0,0,0,0
ORD_101_04466,PIN_018,Books,1,0.18421052631578946,0.01764705882352941,4.0,0.25,0,3,1,3,45,0.2894,52.63,0,0,0,0
ORD_101_04467,PIN_030,Electronics,1,0.09090909090909091,0.5535911602209945,-1.8929,0.3333,1,0,1,492,37,0.3417,55.12,0,0,0,0
ORD_101_04468,PIN_030,Books,0,0.09090909090909091,0.01764705882352941,4.0,0.25,0,2,1,268,42,0.1904,57.93,1,0,0,0
ORD_101_04469,PIN_055,Home,0,0.19047619047619047,0.03017241379310345,1.5724,0.25,0,0,1,211,52,0.3642,116.47,1,0,0,0
ORD_101_04470,PIN_030,Books,0,0.09090909090909091,0.01764705882352941,2.827,1.0,0,2,1,558,17,0.5057,57.9,1,0,0,0
ORD_101_04471,PIN_049,Home,0,0.23333333333333334,0.03017241379310345,-0.412,0.25,1,4,1,281,52,0.1579,88.57,1,0,0,0
ORD_101_04472,PIN_070,Apparel,0,0.2682926829268293,0.19776119402985073,-1.3822,0.4,0,1,1,451,69,0.0801,128.85,0,0,0,0
ORD_101_04473,PIN_034,Electronics,0,0.22580645161290322,0.5535911602209945,-0.3314,0.3333,0,3,1,144,52,0.2268,76.04,1,0,0,0
ORD_101_04474,PIN_018,Apparel,0,0.18421052631578946,0.19776119402985073,-1.5572,0.2,1,3,1,350,10,0.467,38.01,1,0,0,0
ORD_101_04475,PIN_020,Apparel,0,0.2413793103448276,0.19776119402985073,0.0498,0.2,0,3,1,82,42,0.5074,48.92,0,0,0,0
ORD_101_04476,PIN_031,Beauty,2,0.1875,0.02,-1.4248,0.3333,0,1,1,311,16,0.4348,51.71,0,0,0,0
ORD_101_04477,PIN_007,Apparel,0,0.125,0.19776119402985073,0.7932,0.4,1,1,1,311,46,0.0903,10.42,1,0,0,0
ORD_101_04478,PIN_037,Home,0,0.21875,0.03017241379310345,-1.0111,0.5,0,6,1,670,18,0.0922,80.55,0,0,0,0
ORD_101_04479,PIN_068,Electronics,1,0.225,0.5535911602209945,-1.8069,0.3333,1,3,1,103,57,0.2644,136.48,1,0,0,1
ORD_101_04480,PIN_041,Electronics,0,0.21875,0.5535911602209945,-1.0225,0.3333,0,4,1,418,56,0.276,73.62,1,0,0,0
ORD_101_04481,PIN_058,Apparel,0,0.28125,0.19776119402985073,0.2498,0.2,0,3,1,745,44,0.044,95.92,0,0,0,0
ORD_101_04482,PIN_012,Electronics,0,0.2571428571428571,0.5535911602209945,-1.4156,0.3333,1,1,1,516,25,0.408,36.6,1,0,0,0
ORD_101_04483,PIN_024,Electronics,0,0.26666666666666666,0.5535911602209945,-1.1931,0.3333,0,2,1,373,65,0.1818,47.71,0,0,0,0
ORD_101_04484,PIN_051,Electronics,0,0.375,0.5535911602209945,-1.6695,0.6667,0,4,2,521,57,0.2866,112.78,1,0,0,1
ORD_101_04485,PIN_081,Beauty,0,0.375,0.02,-0.2234,0.1667,0,4,1,141,36,0.1271,153.01,0,0,0,0
ORD_101_04486,PIN_038,Apparel,0,0.14634146341463414,0.19776119402985073,4.0,0.4,0,2,1,396,36,0.482,85.25,1,0,0,0
ORD_101_04487,PIN_079,Home,0,0.2571428571428571,0.03017241379310345,-0.6412,0.25,0,3,1,1070,55,0.2276,145.32,1,0,0,0
ORD_101_04488,PIN_039,Apparel,0,0.2647058823529412,0.19776119402985073,0.0978,0.2,0,4,1,120,31,0.1902,79.34,0,0,0,0
ORD_101_04489,PIN_075,Home,0,0.26666666666666666,0.03017241379310345,-0.9824,0.25,0,3,1,416,80,0.3029,137.42,1,0,0,0
ORD_101_04490,PIN_045,Apparel,0,0.2777777777777778,0.19776119402985073,3.8363,0.2,0,3,1,274,30,0.1917,85.69,1,0,0,0
ORD_101_04491,PIN_004,Beauty,1,0.21212121212121213,0.02,1.7874,1.6667,0,1,1,164,50,0.1494,33.73,1,0,0,0
ORD_101_04492,PIN_089,Apparel,0,0.3888888888888889,0.19776119402985073,1.1592,0.2,1,4,1,217,26,0.3555,164.93,1,0,0,1
ORD_101_04493,PIN_078,Books,0,0.2647058823529412,0.01764705882352941,1.3238,0.5,1,4,1,15,32,0.3493,142.79,1,0,0,0
ORD_101_04494,PIN_072,Books,0,0.3548387096774194,0.01764705882352941,1.6044,0.5,0,2,1,125,39,0.2111,130.49,0,0,0,0
ORD_101_04495,PIN_030,Electronics,0,0.09090909090909091,0.5535911602209945,-0.8756,0.3333,1,2,1,219,50,0.3142,53.47,1,0,0,0
ORD_101_04496,PIN_040,Electronics,0,0.21428571428571427,0.5535911602209945,-1.7514,0.3333,0,4,1,100,32,0.0799,97.4,1,0,0,0
ORD_101_04497,PIN_006,Electronics,0,0.23529411764705882,0.5535911602209945,-0.6503,0.3333,0,2,1,1263,35,0.2896,11.89,1,0,0,0
ORD_101_04498,PIN_085,Electronics,0,0.25,0.5535911602209945,-1.7045,0.3333,0,7,1,253,53,0.2246,154.98,1,0,0,1
ORD_101_04499,PIN_025,Apparel,1,0.21052631578947367,0.19776119402985073,4.0,0.2,0,2,1,217,38,0.2228,52.51,1,0,0,0
ORD_101_04500,PIN_050,Beauty,0,0.375,0.02,0.9305,0.3333,0,1,1,234,10,0.8346,104.36,1,0,0,0
ORD_101_04501,PIN_060,Books,0,0.25806451612903225,0.01764705882352941,4.0,0.25,0,5,1,160,60,0.1692,112.52,1,0,0,0
ORD_101_04502,PIN_070,Electronics,0,0.2682926829268293,0.5535911602209945,-1.52,0.3333,0,5,1,97,68,0.1719,125.25,1,0,0,1
ORD_101_04503,PIN_080,Beauty,0,0.32,0.02,4.0,0.3333,1,5,1,8,45,0.204,147.95,0,0,0,0
ORD_101_04504,PIN_081,Electronics,0,0.375,0.5535911602209945,-1.1226,0.3333,0,3,1,310,16,0.769,135.21,1,0,0,1
ORD_101_04505,PIN_019,Electronics,0,0.13513513513513514,0.5535911602209945,-1.6689,0.3333,0,3,1,276,54,0.521,49.29,0,0,0,0
ORD_101_04506,PIN_044,Apparel,0,0.21428571428571427,0.19776119402985073,-1.1191,0.2,0,2,1,476,61,0.0689,77.82,0,0,0,0
ORD_101_04507,PIN_009,Home,0,0.23684210526315788,0.03017241379310345,1.3531,0.25,0,5,1,347,49,0.2487,14.48,1,0,0,0
ORD_101_04508,PIN_020,Beauty,0,0.2413793103448276,0.02,2.6167,1.6667,1,2,1,291,84,0.2436,35.27,1,0,0,0
ORD_101_04509,PIN_050,Apparel,0,0.375,0.19776119402985073,3.0887,1.2,0,1,1,113,61,0.2475,96.22,0,0,0,0
ORD_101_04510,PIN_026,Electronics,0,0.1891891891891892,0.5535911602209945,-1.7188,0.3333,0,1,1,159,41,0.3658,50.68,1,0,0,0
ORD_101_04511,PIN_037,Apparel,0,0.21875,0.19776119402985073,0.5223,0.2,0,2,1,5,36,0.1771,71.59,1,0,0,0
ORD_101_04512,PIN_090,Electronics,0,0.42424242424242425,0.5535911602209945,-1.6484,1.3333,0,1,1,130,39,0.1979,163.33,0,0,0,0
ORD_101_04513,PIN_076,Home,0,0.4117647058823529,0.03017241379310345,0.5676,0.25,0,2,1,423,42,0.0461,138.75,1,0,0,0
ORD_101_04514,PIN_073,Apparel,0,0.25,0.19776119402985073,4.0,2.0,0,3,1,277,47,0.4401,128.84,1,0,0,0
ORD_101_04515,PIN_029,Apparel,0,0.16666666666666666,0.19776119402985073,4.0,0.2,0,3,1,365,28,0.2418,62.21,1,0,0,0
ORD_101_04516,PIN_020,Electronics,0,0.2413793103448276,0.5535911602209945,-1.8764,0.6667,0,4,1,177,23,0.2388,46.36,1,0,0,1
ORD_101_04517,PIN_064,Books,0,0.13157894736842105,0.01764705882352941,0.7255,0.25,0,1,1,281,50,0.0497,118.01,0,0,0,0
ORD_101_04518,PIN_008,Apparel,0,0.14285714285714285,0.19776119402985073,-0.9165,0.2,0,2,1,338,66,0.3693,20.69,1,0,0,0
ORD_101_04519,PIN_080,Books,1,0.32,0.01764705882352941,0.5938,0.25,0,1,1,57,61,0.3347,150.19,0,0,0,0
ORD_101_04520,PIN_088,Home,0,0.29411764705882354,0.03017241379310345,-0.2999,0.25,0,2,1,43,21,0.1363,169.2,0,0,0,0
ORD_101_04521,PIN_012,Electronics,0,0.2571428571428571,0.5535911602209945,-1.1008,0.3333,1,3,2,304,60,0.4676,32.73,1,0,0,1
ORD_101_04522,PIN_052,Electronics,0,0.2571428571428571,0.5535911602209945,-0.0671,0.3333,0,1,1,287,28,0.276,95.8,1,0,0,0
ORD_101_04523,PIN_017,Apparel,1,0.24242424242424243,0.19776119402985073,4.0,0.6,0,2,1,156,39,0.6327,34.39,1,0,0,1
ORD_101_04524,PIN_041,Home,0,0.21875,0.03017241379310345,-0.9958,0.25,0,0,1,407,64,0.2562,74.3,1,0,0,0
ORD_101_04525,PIN_042,Apparel,1,0.25,0.19776119402985073,-1.5349,0.2,0,6,1,417,72,0.0841,68.0,1,0,0,0
ORD_101_04526,PIN_055,Home,0,0.19047619047619047,0.03017241379310345,-0.0118,0.25,1,4,1,327,35,0.5237,101.29,1,0,0,0
ORD_101_04527,PIN_045,Electronics,0,0.2777777777777778,0.5535911602209945,-1.5128,0.6667,0,3,1,208,63,0.429,91.27,1,0,0,1
ORD_101_04528,PIN_087,Apparel,0,0.23333333333333334,0.19776119402985073,-1.371,2.0,0,3,1,54,41,0.3157,156.23,1,0,0,0
ORD_101_04529,PIN_018,Apparel,1,0.18421052631578946,0.19776119402985073,4.0,0.2,0,4,1,12,39,0.609,41.03,0,0,0,0
ORD_101_04530,PIN_053,Books,0,0.22857142857142856,0.01764705882352941,4.0,0.25,0,4,1,407,57,0.2842,106.44,1,0,0,0
ORD_101_04531,PIN_085,Home,0,0.25,0.03017241379310345,0.1195,0.25,0,4,1,584,87,0.4349,154.55,0,0,0,0
ORD_101_04532,PIN_050,Apparel,0,0.375,0.19776119402985073,2.4271,0.2,0,4,1,297,40,0.1133,96.02,1,0,0,0
ORD_101_04533,PIN_006,Electronics,2,0.23529411764705882,0.5535911602209945,-1.6521,0.3333,0,2,1,112,46,0.047,33.69,1,0,0,1
ORD_101_04534,PIN_049,Beauty,0,0.23333333333333334,0.02,3.5399,0.1667,0,3,1,554,23,0.1356,91.11,1,0,0,0
ORD_101_04535,PIN_081,Apparel,0,0.375,0.19776119402985073,1.8144,0.2,1,2,1,86,30,0.623,146.68,1,0,0,1
ORD_101_04536,PIN_078,Apparel,0,0.2647058823529412,0.19776119402985073,2.6664,0.2,1,2,1,667,46,0.2658,145.97,1,0,0,0
ORD_101_04537,PIN_033,Apparel,0,0.15151515151515152,0.19776119402985073,4.0,1.0,0,2,1,437,49,0.1543,65.23,1,0,0,0
ORD_101_04538,PIN_030,Electronics,0,0.09090909090909091,0.5535911602209945,-1.0868,0.3333,0,4,1,25,60,0.0891,52.93,1,0,0,0
ORD_101_04539,PIN_026,Beauty,0,0.1891891891891892,0.02,-0.9897,0.1667,0,0,1,177,75,0.4592,53.01,1,0,0,0
ORD_101_04540,PIN_075,Electronics,2,0.26666666666666666,0.5535911602209945,-1.8761,0.6667,0,2,1,117,28,0.2797,138.09,1,0,0,1
ORD_101_04541,PIN_020,Electronics,0,0.2413793103448276,0.5535911602209945,1.76,0.3333,0,1,1,133,64,0.352,45.88,1,0,0,0
ORD_101_04542,PIN_007,Home,0,0.125,0.03017241379310345,-1.5832,0.25,0,1,1,158,90,0.4438,21.38,1,0,0,0
ORD_101_04543,PIN_049,Apparel,0,0.23333333333333334,0.19776119402985073,4.0,0.2,0,4,1,13,51,0.1361,112.89,1,0,0,0
ORD_101_04544,PIN_061,Apparel,0,0.45454545454545453,0.19776119402985073,0.7417,1.6,1,1,1,58,36,0.1528,114.06,0,0,0,0
ORD_101_04545,PIN_025,Home,0,0.21052631578947367,0.03017241379310345,2.3936,1.0,0,1,2,168,37,0.101,49.3,1,0,0,0
ORD_101_04546,PIN_020,Books,0,0.2413793103448276,0.01764705882352941,4.0,0.25,0,2,1,113,30,0.266,39.32,1,0,0,0
ORD_101_04547,PIN_011,Home,0,0.10810810810810811,0.03017241379310345,4.0,0.75,0,3,1,145,40,0.5514,11.93,1,0,0,0
ORD_101_04548,PIN_054,Electronics,0,0.34782608695652173,0.5535911602209945,-1.7876,0.3333,0,0,1,18,39,0.425,97.59,0,0,0,0
ORD_101_04549,PIN_087,Books,0,0.23333333333333334,0.01764705882352941,4.0,0.25,0,0,1,121,43,0.097,151.13,0,0,0,0
ORD_101_04550,PIN_078,Electronics,0,0.2647058823529412,0.5535911602209945,-1.7649,0.3333,1,2,1,224,31,0.5474,137.54,0,0,0,0
ORD_101_04551,PIN_039,Electronics,0,0.2647058823529412,0.5535911602209945,-1.4349,0.3333,0,3,1,251,22,0.3112,84.61,0,0,0,0
ORD_101_04552,PIN_077,Electronics,0,0.358974358974359,0.5535911602209945,-1.8147,0.3333,0,4,2,78,35,0.1133,124.11,1,0,0,1
ORD_101_04553,PIN_082,Electronics,0,0.25,0.5535911602209945,-0.6893,0.6667,0,3,1,746,36,0.2346,151.95,0,0,0,0
ORD_101_04554,PIN_071,Home,0,0.43243243243243246,0.03017241379310345,-0.9087,0.25,0,4,1,200,13,0.3375,138.99,0,0,0,0
ORD_101_04555,PIN_001,Electronics,0,0.1282051282051282,0.5535911602209945,-1.2877,0.3333,0,5,1,411,20,0.1966,21.54,0,0,0,0
ORD_101_04556,PIN_002,Home,1,0.15,0.03017241379310345,-0.229,0.25,1,1,1,356,51,0.0326,13.74,0,0,0,0
ORD_101_04557,PIN_004,Beauty,4,0.21212121212121213,0.02,-0.978,0.1667,1,5,1,154,40,0.2738,22.0,1,0,0,1
ORD_101_04558,PIN_031,Apparel,0,0.1875,0.19776119402985073,1.2846,0.6,1,2,1,133,63,0.6453,43.66,1,0,0,0
ORD_101_04559,PIN_082,Electronics,0,0.25,0.5535911602209945,-1.7401,0.3333,0,4,1,281,28,0.3683,148.57,0,0,0,0
ORD_101_04560,PIN_012,Electronics,0,0.2571428571428571,0.5535911602209945,-1.7445,0.6667,0,1,1,577,57,0.0921,29.25,0,0,0,0
ORD_101_04561,PIN_069,Apparel,0,0.25806451612903225,0.19776119402985073,2.2117,0.2,1,5,1,129,53,0.4759,115.83,1,0,0,1
ORD_101_04562,PIN_024,Apparel,1,0.26666666666666666,0.19776119402985073,-0.4141,0.2,0,2,1,434,50,0.5003,65.81,1,0,0,1
ORD_101_04563,PIN_058,Home,0,0.28125,0.03017241379310345,-0.695,0.25,0,1,1,344,65,0.1211,113.32,0,0,0,0
ORD_101_04564,PIN_086,Apparel,1,0.3783783783783784,0.19776119402985073,1.9122,0.2,0,1,1,507,55,0.3505,161.62,1,0,0,0
ORD_101_04565,PIN_021,Books,2,0.15151515151515152,0.01764705882352941,3.658,0.25,0,1,1,245,72,0.4453,52.87,0,0,0,0
ORD_101_04566,PIN_001,Electronics,1,0.1282051282051282,0.5535911602209945,-1.8117,0.3333,0,2,1,119,39,0.1211,16.11,1,0,0,1
ORD_101_04567,PIN_011,Electronics,0,0.10810810810810811,0.5535911602209945,-1.6424,0.3333,0,2,1,421,52,0.0188,37.49,1,0,0,0
ORD_101_04568,PIN_084,Apparel,0,0.28,0.19776119402985073,4.0,0.2,0,1,1,3,44,0.3326,158.25,0,0,0,0
ORD_101_04569,PIN_087,Beauty,0,0.23333333333333334,0.02,2.4598,0.6667,0,2,1,126,15,0.3021,154.23,1,0,0,0
ORD_101_04570,PIN_083,Beauty,0,0.3404255319148936,0.02,0.6255,0.1667,0,2,1,1,39,0.1676,169.61,0,0,0,0
ORD_101_04571,PIN_002,Apparel,0,0.15,0.19776119402985073,-0.1846,0.2,0,2,2,414,31,0.3668,6.33,1,0,0,0
ORD_101_04572,PIN_046,Beauty,0,0.23529411764705882,0.02,0.0418,0.1667,0,1,1,31,48,0.0846,84.82,0,0,0,0
ORD_101_04573,PIN_054,Books,0,0.34782608695652173,0.01764705882352941,4.0,0.25,0,2,1,871,43,0.514,93.65,1,0,0,0
ORD_101_04574,PIN_006,Books,2,0.23529411764705882,0.01764705882352941,-0.0093,0.25,0,1,1,12,10,0.1059,23.18,1,0,0,0
ORD_101_04575,PIN_047,Electronics,0,0.2727272727272727,0.5535911602209945,-1.2478,0.3333,1,1,2,332,56,0.3729,88.9,1,0,0,1
ORD_101_04576,PIN_036,Electronics,0,0.3,0.5535911602209945,-1.5251,0.3333,0,4,1,9,24,0.1127,73.23,0,0,0,0
ORD_101_04577,PIN_038,Electronics,0,0.14634146341463414,0.5535911602209945,-1.7801,0.3333,0,5,1,313,55,0.2488,79.18,1,0,0,0
ORD_101_04578,PIN_049,Electronics,0,0.23333333333333334,0.5535911602209945,-1.8115,0.3333,0,0,1,378,61,0.1981,96.48,0,0,0,0
ORD_101_04579,PIN_089,Home,0,0.3888888888888889,0.03017241379310345,3.4114,0.5,1,5,1,267,46,0.0604,155.57,0,0,0,0
ORD_101_04580,PIN_052,Apparel,0,0.2571428571428571,0.19776119402985073,-1.0824,0.2,0,1,2,58,28,0.2521,87.66,0,0,0,0
ORD_101_04581,PIN_003,Electronics,0,0.275,0.5535911602209945,-1.2782,0.3333,0,2,1,291,42,0.5773,15.28,1,0,0,1
ORD_101_04582,PIN_063,Electronics,0,0.175,0.5535911602209945,-1.8986,0.6667,0,3,1,1005,21,0.6001,113.86,0,0,0,0
ORD_101_04583,PIN_080,Home,1,0.32,0.03017241379310345,3.8787,0.25,0,3,1,422,63,0.5303,156.57,0,0,0,0
ORD_101_04584,PIN_022,Electronics,0,0.15384615384615385,0.5535911602209945,-1.7249,0.3333,0,6,2,603,65,0.1628,49.83,1,0,0,0
ORD_101_04585,PIN_038,Books,0,0.14634146341463414,0.01764705882352941,3.7041,0.25,1,1,1,148,55,0.2387,87.93,0,0,0,0
ORD_101_04586,PIN_072,Electronics,0,0.3548387096774194,0.5535911602209945,-1.5957,0.3333,1,4,2,237,31,0.7453,126.39,0,0,0,0
ORD_101_04587,PIN_003,Electronics,0,0.275,0.5535911602209945,-1.8303,0.3333,0,3,2,425,31,0.4707,13.46,1,0,0,1
ORD_101_04588,PIN_017,Electronics,1,0.24242424242424243,0.5535911602209945,-1.2656,1.3333,0,4,1,79,59,0.6449,38.47,1,0,0,1
ORD_101_04589,PIN_010,Electronics,0,0.24444444444444444,0.5535911602209945,-1.0438,0.3333,0,4,1,29,39,0.5383,43.38,1,0,0,1
ORD_101_04590,PIN_079,Apparel,0,0.2571428571428571,0.19776119402985073,2.4636,0.4,1,1,1,132,40,0.2078,146.53,1,0,0,0
ORD_101_04591,PIN_089,Electronics,0,0.3888888888888889,0.5535911602209945,-1.6026,0.3333,1,1,2,19,41,0.3895,154.39,1,0,0,1
ORD_101_04592,PIN_040,Beauty,0,0.21428571428571427,0.02,1.4794,0.1667,1,3,1,376,36,0.0648,76.43,1,0,0,0
ORD_101_04593,PIN_053,Beauty,0,0.22857142857142856,0.02,1.1442,0.1667,0,5,1,396,16,0.1907,98.51,1,0,0,0
ORD_101_04594,PIN_061,Books,0,0.45454545454545453,0.01764705882352941,4.0,0.25,0,1,1,423,41,0.4572,119.42,0,0,0,0
ORD_101_04595,PIN_052,Apparel,0,0.2571428571428571,0.19776119402985073,4.0,0.2,0,2,1,740,40,0.2942,97.25,1,0,0,0
ORD_101_04596,PIN_008,Books,0,0.14285714285714285,0.01764705882352941,-0.7961,0.25,0,5,1,453,30,0.2993,27.39,1,0,0,0
ORD_101_04597,PIN_017,Home,0,0.24242424242424243,0.03017241379310345,-1.3485,0.5,0,3,1,892,40,0.1369,32.93,1,0,0,0
ORD_101_04598,PIN_053,Home,0,0.22857142857142856,0.03017241379310345,2.3135,0.25,0,3,1,1576,58,0.2257,90.27,1,0,0,0
ORD_101_04599,PIN_023,Electronics,0,0.1875,0.5535911602209945,-1.8245,0.3333,0,3,1,401,23,0.3013,50.05,1,0,0,0
ORD_101_04600,PIN_056,Apparel,0,0.25,0.19776119402985073,-0.8269,0.4,0,1,1,440,35,0.3326,100.17,1,0,0,0
ORD_101_04601,PIN_080,Home,0,0.32,0.03017241379310345,-1.6627,0.25,0,2,1,74,53,0.1438,145.0,0,0,0,0
ORD_101_04602,PIN_084,Home,0,0.28,0.03017241379310345,-0.655,0.5,0,5,1,10,49,0.2439,145.55,0,0,0,0
ORD_101_04603,PIN_063,Books,2,0.175,0.01764705882352941,-0.9208,0.25,0,2,1,369,20,0.2802,127.67,1,0,0,0
ORD_101_04604,PIN_016,Books,0,0.20930232558139536,0.01764705882352941,-0.0235,0.25,1,1,1,267,41,0.0568,42.67,0,0,0,0
ORD_101_04605,PIN_065,Apparel,0,0.2619047619047619,0.19776119402985073,-0.2286,0.2,0,4,1,317,37,0.0747,116.35,1,0,0,0
ORD_101_04606,PIN_047,Apparel,1,0.2727272727272727,0.19776119402985073,2.4565,0.2,0,3,1,77,58,0.1977,77.74,1,0,0,0
ORD_101_04607,PIN_017,Electronics,0,0.24242424242424243,0.5535911602209945,-1.8741,0.3333,0,3,1,199,23,0.0924,47.72,1,0,0,0
ORD_101_04608,PIN_059,Books,0,0.21739130434782608,0.01764705882352941,4.0,0.25,0,2,1,586,53,0.2899,113.33,0,0,0,0
ORD_101_04609,PIN_045,Apparel,0,0.2777777777777778,0.19776119402985073,-0.3902,0.2,1,3,1,254,49,0.4248,90.11,1,0,0,0
ORD_101_04610,PIN_062,Apparel,1,0.4,0.19776119402985073,3.5755,0.2,0,1,1,188,73,0.1398,112.94,1,0,0,0
ORD_101_04611,PIN_066,Books,6,0.34210526315789475,0.01764705882352941,4.0,0.5,0,3,1,167,45,0.4261,120.74,0,0,0,0
ORD_101_04612,PIN_010,Electronics,0,0.24444444444444444,0.5535911602209945,-0.9884,2.6667,0,4,1,7,38,0.2673,13.58,1,0,0,1
ORD_101_04613,PIN_082,Apparel,0,0.25,0.19776119402985073,0.1831,0.2,0,4,1,111,69,0.428,151.51,0,0,0,0
ORD_101_04614,PIN_001,Apparel,0,0.1282051282051282,0.19776119402985073,0.27,0.2,0,4,1,702,24,0.2352,10.42,1,0,0,0
ORD_101_04615,PIN_012,Apparel,0,0.2571428571428571,0.19776119402985073,-0.5182,0.2,1,1,1,366,21,0.3208,18.39,1,0,0,0
ORD_101_04616,PIN_011,Home,0,0.10810810810810811,0.03017241379310345,2.8838,0.25,1,1,1,497,19,0.1413,35.2,1,0,0,0
ORD_101_04617,PIN_022,Books,0,0.15384615384615385,0.01764705882352941,0.1823,0.25,0,1,1,258,36,0.198,39.44,1,0,0,0
ORD_101_04618,PIN_037,Electronics,0,0.21875,0.5535911602209945,-1.1414,0.3333,0,4,2,308,43,0.2958,79.77,1,0,0,1
ORD_101_04619,PIN_015,Home,1,0.1724137931034483,0.03017241379310345,1.1513,0.25,0,3,1,412,44,0.1656,27.37,1,0,0,0
ORD_101_04620,PIN_065,Beauty,0,0.2619047619047619,0.02,-0.9285,0.3333,0,3,1,352,56,0.3465,118.46,1,0,0,0
ORD_101_04621,PIN_014,Electronics,0,0.20689655172413793,0.5535911602209945,-1.5276,0.3333,0,2,1,899,60,0.2876,36.19,0,0,0,0
ORD_101_04622,PIN_054,Electronics,0,0.34782608695652173,0.5535911602209945,-0.958,0.3333,1,3,1,145,59,0.293,96.1,1,0,0,1
ORD_101_04623,PIN_076,Home,0,0.4117647058823529,0.03017241379310345,4.0,0.5,0,4,1,247,76,0.3987,154.47,1,0,0,0
ORD_101_04624,PIN_001,Electronics,0,0.1282051282051282,0.5535911602209945,-1.9288,0.3333,1,2,2,627,19,0.4636,35.2,1,0,0,1
ORD_101_04625,PIN_047,Electronics,0,0.2727272727272727,0.5535911602209945,-0.7216,0.3333,0,0,1,138,33,0.2084,90.83,1,0,0,0
ORD_101_04626,PIN_048,Electronics,0,0.21621621621621623,0.5535911602209945,-1.6236,0.3333,0,3,1,419,82,0.3738,95.78,1,0,0,0
ORD_101_04627,PIN_080,Apparel,0,0.32,0.19776119402985073,4.0,0.2,0,4,1,16,42,0.5083,131.85,0,0,0,0
ORD_101_04628,PIN_074,Beauty,0,0.23076923076923078,0.02,4.0,0.6667,0,6,1,162,35,0.2546,124.54,1,0,0,0
ORD_101_04629,PIN_030,Books,0,0.09090909090909091,0.01764705882352941,3.1297,0.25,0,4,1,148,24,0.3892,69.2,1,0,0,0
ORD_101_04630,PIN_040,Home,0,0.21428571428571427,0.03017241379310345,-1.6399,0.5,0,3,1,57,64,0.2628,79.02,1,0,0,0
ORD_101_04631,PIN_038,Apparel,0,0.14634146341463414,0.19776119402985073,2.7834,0.2,1,1,1,68,41,0.2922,95.69,0,0,0,0
ORD_101_04632,PIN_057,Apparel,0,0.25,0.19776119402985073,-1.0382,0.4,0,1,1,300,37,0.3036,102.36,0,0,0,0
ORD_101_04633,PIN_090,Home,1,0.42424242424242425,0.03017241379310345,-0.2303,0.5,0,1,1,355,61,0.5268,152.48,1,0,0,0
ORD_101_04634,PIN_064,Electronics,0,0.13157894736842105,0.5535911602209945,-1.8138,1.6667,0,2,2,507,47,0.3511,131.41,1,0,0,1
ORD_101_04635,PIN_002,Electronics,0,0.15,0.5535911602209945,0.5879,0.3333,0,2,2,338,79,0.4573,10.83,1,0,0,1
ORD_101_04636,PIN_032,Apparel,0,0.11538461538461539,0.19776119402985073,-1.4397,0.2,0,2,1,227,54,0.1515,69.34,1,0,0,0
ORD_101_04637,PIN_026,Home,0,0.1891891891891892,0.03017241379310345,0.1479,0.5,0,2,1,134,47,0.7462,56.12,1,0,0,0
ORD_101_04638,PIN_029,Home,0,0.16666666666666666,0.03017241379310345,-1.357,0.25,0,3,1,482,34,0.4184,57.59,0,0,0,0
ORD_101_04639,PIN_068,Beauty,0,0.225,0.02,2.8999,0.1667,0,4,1,19,56,0.1925,109.33,1,0,0,0
ORD_101_04640,PIN_036,Home,0,0.3,0.03017241379310345,1.2322,0.5,0,4,1,260,15,0.1709,73.55,0,0,0,0
ORD_101_04641,PIN_083,Apparel,0,0.3404255319148936,0.19776119402985073,0.4163,0.2,0,1,1,46,63,0.5403,133.05,1,0,0,0
ORD_101_04642,PIN_066,Beauty,0,0.34210526315789475,0.02,4.0,0.1667,0,0,1,355,38,0.1223,118.0,1,0,0,0
ORD_101_04643,PIN_027,Books,0,0.1875,0.01764705882352941,4.0,0.25,0,2,1,190,40,0.3361,57.26,0,0,0,0
ORD_101_04644,PIN_076,Electronics,0,0.4117647058823529,0.5535911602209945,-1.7271,0.6667,0,3,1,143,48,0.4656,146.58,1,0,0,1
ORD_101_04645,PIN_079,Apparel,0,0.2571428571428571,0.19776119402985073,-0.6916,0.2,0,3,1,1041,36,0.2744,147.87,1,0,0,0
ORD_101_04646,PIN_049,Apparel,0,0.23333333333333334,0.19776119402985073,-0.1495,0.2,1,3,1,458,28,0.0628,77.18,0,0,0,0
ORD_101_04647,PIN_021,Apparel,0,0.15151515151515152,0.19776119402985073,4.0,0.2,1,1,1,301,50,0.401,28.26,1,0,0,0
ORD_101_04648,PIN_067,Books,1,0.19444444444444445,0.01764705882352941,0.0099,1.5,0,5,1,130,35,0.2128,130.69,1,0,0,0
ORD_101_04649,PIN_048,Electronics,0,0.21621621621621623,0.5535911602209945,-0.7672,0.3333,0,3,1,160,42,0.2007,96.43,1,0,0,0
ORD_101_04650,PIN_034,Apparel,0,0.22580645161290322,0.19776119402985073,0.2602,0.2,0,2,1,921,37,0.3504,63.45,0,0,0,0
ORD_101_04651,PIN_021,Home,0,0.15151515151515152,0.03017241379310345,1.5241,0.75,0,2,1,116,51,0.243,59.52,1,0,0,0
ORD_101_04652,PIN_070,Beauty,0,0.2682926829268293,0.02,1.5552,0.1667,0,1,1,11,71,0.3859,126.63,0,0,0,0
ORD_101_04653,PIN_067,Home,1,0.19444444444444445,0.03017241379310345,-0.3897,0.25,0,4,1,1,59,0.2055,120.21,1,0,0,0
ORD_101_04654,PIN_043,Electronics,2,0.34615384615384615,0.5535911602209945,-1.6122,0.3333,0,2,1,248,44,0.3263,91.7,1,0,0,1
ORD_101_04655,PIN_052,Home,0,0.2571428571428571,0.03017241379310345,-1.8289,0.25,0,1,1,583,33,0.3191,102.21,1,0,0,0
ORD_101_04656,PIN_021,Electronics,0,0.15151515151515152,0.5535911602209945,-1.3055,0.3333,1,5,1,825,37,0.2097,51.51,0,0,0,0
ORD_101_04657,PIN_015,Beauty,1,0.1724137931034483,0.02,0.2685,0.1667,1,5,1,223,40,0.3317,40.93,0,0,0,0
ORD_101_04658,PIN_089,Apparel,0,0.3888888888888889,0.19776119402985073,-0.0139,0.2,1,2,1,41,54,0.0438,143.35,1,0,0,0
ORD_101_04659,PIN_086,Electronics,0,0.3783783783783784,0.5535911602209945,-1.7094,1.0,0,0,1,616,67,0.0871,155.74,1,0,0,0
ORD_101_04660,PIN_035,Electronics,0,0.05714285714285714,0.5535911602209945,-1.0816,0.6667,0,3,1,52,49,0.1778,65.37,1,0,0,0
ORD_101_04661,PIN_007,Beauty,1,0.125,0.02,0.5651,0.1667,0,1,1,235,63,0.3651,27.74,0,0,0,0
ORD_101_04662,PIN_068,Books,0,0.225,0.01764705882352941,4.0,0.25,0,2,1,1015,35,0.4914,126.21,1,0,0,0
ORD_101_04663,PIN_089,Home,1,0.3888888888888889,0.03017241379310345,-1.716,0.25,0,1,1,177,48,0.6083,157.36,1,0,0,0
ORD_101_04664,PIN_068,Books,0,0.225,0.01764705882352941,-0.7021,0.75,1,2,1,352,26,0.3431,127.46,0,0,0,0
ORD_101_04665,PIN_018,Apparel,0,0.18421052631578946,0.19776119402985073,-1.392,0.2,1,1,1,30,43,0.1576,56.8,0,0,0,0
ORD_101_04666,PIN_049,Electronics,0,0.23333333333333334,0.5535911602209945,-0.8942,0.3333,0,3,1,694,39,0.5406,88.64,0,0,0,0
ORD_101_04667,PIN_071,Apparel,0,0.43243243243243246,0.19776119402985073,0.4803,0.2,0,1,1,185,49,0.1478,137.93,0,0,0,0
ORD_101_04668,PIN_057,Apparel,0,0.25,0.19776119402985073,0.5932,0.2,0,4,1,36,36,0.0817,99.02,1,0,0,0
ORD_101_04669,PIN_016,Apparel,0,0.20930232558139536,0.19776119402985073,-1.3807,0.2,0,2,1,30,61,0.6201,38.54,0,0,0,0
ORD_101_04670,PIN_076,Beauty,0,0.4117647058823529,0.02,-0.1331,0.1667,0,1,1,394,48,0.3138,130.15,0,0,0,0
ORD_101_04671,PIN_077,Apparel,0,0.358974358974359,0.19776119402985073,4.0,0.2,0,3,1,1166,54,0.5303,141.47,0,0,0,0
ORD_101_04672,PIN_013,Apparel,0,0.16666666666666666,0.19776119402985073,4.0,0.2,1,3,1,994,72,0.4379,32.14,1,0,0,0
ORD_101_04673,PIN_002,Books,0,0.15,0.01764705882352941,4.0,0.25,0,3,2,962,47,0.3117,20.95,1,0,0,0
ORD_101_04674,PIN_038,Electronics,0,0.14634146341463414,0.5535911602209945,-1.6763,3.3333,0,1,1,965,28,0.6029,78.25,0,0,0,0
ORD_101_04675,PIN_049,Electronics,0,0.23333333333333334,0.5535911602209945,-1.6971,3.3333,0,2,1,988,31,0.2251,99.86,0,0,0,0
ORD_101_04676,PIN_018,Home,0,0.18421052631578946,0.03017241379310345,0.9348,0.25,1,2,2,100,34,0.1429,38.77,1,0,0,0
ORD_101_04677,PIN_081,Electronics,0,0.375,0.5535911602209945,-1.1764,0.3333,0,2,1,103,54,0.1916,144.17,0,0,0,0
ORD_101_04678,PIN_084,Apparel,1,0.28,0.19776119402985073,0.1827,0.2,0,2,1,90,53,0.1481,141.82,1,0,0,0
ORD_101_04679,PIN_006,Electronics,0,0.23529411764705882,0.5535911602209945,-1.7845,0.6667,1,1,1,547,44,0.224,18.24,1,0,0,0
ORD_101_04680,PIN_069,Apparel,0,0.25806451612903225,0.19776119402985073,-0.0377,0.8,0,3,1,6,56,0.4635,131.5,1,0,0,1
ORD_101_04681,PIN_063,Beauty,0,0.175,0.02,4.0,0.3333,0,2,1,171,36,0.1311,119.89,0,0,0,0
ORD_101_04682,PIN_033,Apparel,1,0.15151515151515152,0.19776119402985073,0.7025,0.2,1,2,1,212,31,0.2296,55.55,1,0,0,0
ORD_101_04683,PIN_056,Electronics,0,0.25,0.5535911602209945,-0.1189,0.3333,1,3,1,478,59,0.5318,111.66,0,0,0,0
ORD_101_04684,PIN_074,Home,0,0.23076923076923078,0.03017241379310345,0.6675,1.75,0,4,1,17,21,0.3718,140.66,1,0,0,0
ORD_101_04685,PIN_084,Apparel,1,0.28,0.19776119402985073,-1.2802,0.2,0,1,1,235,10,0.2397,154.73,1,0,0,1
ORD_101_04686,PIN_023,Electronics,0,0.1875,0.5535911602209945,-1.8692,0.3333,0,6,1,20,50,0.3727,45.1,0,0,0,0
ORD_101_04687,PIN_066,Apparel,1,0.34210526315789475,0.19776119402985073,0.0998,0.4,0,3,1,246,39,0.1593,111.61,0,0,0,0
ORD_101_04688,PIN_048,Electronics,0,0.21621621621621623,0.5535911602209945,-1.8327,0.3333,0,1,1,41,19,0.3982,82.41,1,0,0,1
ORD_101_04689,PIN_057,Apparel,0,0.25,0.19776119402985073,2.6,0.2,0,3,1,406,62,0.283,94.8,0,0,0,0
ORD_101_04690,PIN_025,Home,0,0.21052631578947367,0.03017241379310345,-1.5916,0.25,0,4,1,566,54,0.0299,39.51,1,0,0,0
ORD_101_04691,PIN_084,Electronics,0,0.28,0.5535911602209945,-0.4946,1.0,0,1,1,15,40,0.2381,150.13,1,0,0,1
ORD_101_04692,PIN_028,Home,0,0.0625,0.03017241379310345,0.3183,0.25,0,0,1,293,35,0.2034,55.12,1,0,0,0
ORD_101_04693,PIN_058,Books,0,0.28125,0.01764705882352941,3.8982,0.25,0,5,1,285,30,0.3986,118.13,0,0,0,0
ORD_101_04694,PIN_080,Beauty,0,0.32,0.02,0.0663,0.1667,0,1,1,423,41,0.0217,150.59,1,0,0,0
ORD_101_04695,PIN_042,Electronics,0,0.25,0.5535911602209945,1.6761,0.3333,1,3,1,526,40,0.2746,81.51,0,0,0,0
ORD_101_04696,PIN_006,Books,0,0.23529411764705882,0.01764705882352941,4.0,0.25,0,3,1,19,52,0.384,22.81,1,0,0,0
ORD_101_04697,PIN_031,Electronics,2,0.1875,0.5535911602209945,-1.9083,0.3333,0,2,1,79,47,0.5302,56.86,1,0,0,1
ORD_101_04698,PIN_027,Beauty,1,0.1875,0.02,-0.0936,0.1667,0,3,1,21,18,0.3618,40.09,1,0,0,0
ORD_101_04699,PIN_050,Beauty,0,0.375,0.02,-0.6566,0.1667,0,1,1,121,38,0.4795,94.94,0,0,0,0
ORD_101_04700,PIN_067,Beauty,0,0.19444444444444445,0.02,3.5399,0.1667,0,5,1,286,55,0.1425,111.15,1,0,0,0
ORD_101_04701,PIN_027,Apparel,0,0.1875,0.19776119402985073,-0.9628,0.2,0,6,1,137,39,0.3084,72.51,0,0,0,0
ORD_101_04702,PIN_030,Books,0,0.09090909090909091,0.01764705882352941,-0.9115,0.25,1,3,1,0,56,0.4012,70.82,0,0,0,0
ORD_101_04703,PIN_059,Beauty,0,0.21739130434782608,0.02,-1.3838,0.1667,0,3,1,122,53,0.5273,103.26,1,0,0,0
ORD_101_04704,PIN_010,Home,0,0.24444444444444444,0.03017241379310345,-1.6248,0.25,1,4,1,59,50,0.3722,23.08,1,0,0,0
ORD_101_04705,PIN_053,Apparel,3,0.22857142857142856,0.19776119402985073,1.7004,0.2,0,5,1,120,49,0.4222,92.35,0,0,0,0
ORD_101_04706,PIN_019,Home,1,0.13513513513513514,0.03017241379310345,-0.1213,0.25,1,5,1,78,27,0.3891,41.88,1,0,0,0
ORD_101_04707,PIN_042,Books,0,0.25,0.01764705882352941,-0.1298,0.25,0,3,1,549,47,0.1916,95.84,1,0,0,0
ORD_101_04708,PIN_015,Beauty,0,0.1724137931034483,0.02,4.0,0.1667,0,0,1,96,64,0.62,28.46,1,0,0,0
ORD_101_04709,PIN_041,Electronics,0,0.21875,0.5535911602209945,-1.6712,0.3333,0,3,1,561,48,0.0999,78.64,0,0,0,0
ORD_101_04710,PIN_019,Books,0,0.13513513513513514,0.01764705882352941,1.5166,0.25,0,0,1,23,59,0.0727,35.93,1,0,0,0
ORD_101_04711,PIN_074,Beauty,0,0.23076923076923078,0.02,4.0,0.3333,0,2,1,76,25,0.1259,138.9,1,0,0,0
ORD_101_04712,PIN_046,Books,0,0.23529411764705882,0.01764705882352941,2.6805,0.5,0,4,1,218,22,0.1817,101.08,1,0,0,0
ORD_101_04713,PIN_020,Apparel,0,0.2413793103448276,0.19776119402985073,4.0,0.2,0,1,1,233,46,0.0866,57.81,1,0,0,0
ORD_101_04714,PIN_070,Electronics,1,0.2682926829268293,0.5535911602209945,-1.0298,0.3333,1,3,1,46,50,0.4732,123.68,1,0,0,1
ORD_101_04715,PIN_076,Apparel,0,0.4117647058823529,0.19776119402985073,4.0,0.6,1,1,1,151,46,0.1895,128.76,1,0,0,0
ORD_101_04716,PIN_007,Books,0,0.125,0.01764705882352941,4.0,0.25,0,2,1,89,58,0.4113,25.68,1,0,0,0
ORD_101_04717,PIN_088,Electronics,0,0.29411764705882354,0.5535911602209945,-1.2037,0.3333,0,3,1,145,40,0.248,172.1,1,0,0,1
ORD_101_04718,PIN_033,Apparel,0,0.15151515151515152,0.19776119402985073,-1.0,0.4,0,2,1,747,38,0.2428,71.86,1,0,0,0
ORD_101_04719,PIN_082,Beauty,0,0.25,0.02,4.0,0.1667,0,1,1,529,60,0.5264,151.75,0,0,0,0
ORD_101_04720,PIN_063,Apparel,1,0.175,0.19776119402985073,-0.6683,2.0,0,2,1,72,24,0.0838,121.02,0,0,0,0
ORD_101_04721,PIN_060,Books,0,0.25806451612903225,0.01764705882352941,1.4428,0.25,0,1,1,52,43,0.1334,113.07,1,0,0,0
ORD_101_04722,PIN_060,Books,0,0.25806451612903225,0.01764705882352941,4.0,0.25,0,3,1,818,46,0.125,116.05,0,0,0,0
ORD_101_04723,PIN_045,Apparel,0,0.2777777777777778,0.19776119402985073,-1.5362,0.2,1,1,1,15,48,0.4312,69.33,0,0,0,0
ORD_101_04724,PIN_034,Apparel,0,0.22580645161290322,0.19776119402985073,0.3478,0.2,0,2,1,162,10,0.6606,71.42,0,0,0,0
ORD_101_04725,PIN_008,Apparel,0,0.14285714285714285,0.19776119402985073,0.7531,0.2,0,5,1,240,32,0.4618,26.57,1,0,0,0
ORD_101_04726,PIN_033,Beauty,0,0.15151515151515152,0.02,1.0612,0.1667,0,3,1,383,40,0.6434,84.69,0,0,0,0
ORD_101_04727,PIN_048,Apparel,0,0.21621621621621623,0.19776119402985073,-0.898,0.2,0,4,1,99,50,0.4615,91.49,0,0,0,0
ORD_101_04728,PIN_054,Apparel,0,0.34782608695652173,0.19776119402985073,2.4373,0.2,0,5,1,29,36,0.4236,93.55,1,0,0,1
ORD_101_04729,PIN_080,Apparel,0,0.32,0.19776119402985073,0.4137,0.2,1,2,1,629,44,0.3425,146.07,1,0,0,0
ORD_101_04730,PIN_027,Apparel,0,0.1875,0.19776119402985073,0.3844,1.0,0,3,1,66,56,0.56,54.43,1,0,0,0
ORD_101_04731,PIN_004,Home,0,0.21212121212121213,0.03017241379310345,0.2966,0.25,0,0,1,143,44,0.0926,11.54,1,0,0,0
ORD_101_04732,PIN_019,Apparel,0,0.13513513513513514,0.19776119402985073,-1.3415,0.4,0,3,1,29,38,0.2128,49.99,0,0,0,0
ORD_101_04733,PIN_048,Apparel,0,0.21621621621621623,0.19776119402985073,-0.1059,0.2,0,4,1,165,58,0.115,97.54,1,0,0,0
ORD_101_04734,PIN_045,Apparel,0,0.2777777777777778,0.19776119402985073,3.4379,0.2,0,2,1,378,10,0.2682,78.05,1,0,0,0
ORD_101_04735,PIN_024,Apparel,0,0.26666666666666666,0.19776119402985073,-1.5151,0.2,0,3,1,7,63,0.4652,34.05,0,0,0,0
ORD_101_04736,PIN_066,Home,0,0.34210526315789475,0.03017241379310345,-1.0711,0.25,0,3,1,67,65,0.3752,128.1,1,0,0,0
ORD_101_04737,PIN_068,Apparel,0,0.225,0.19776119402985073,3.892,0.2,0,6,1,58,61,0.5267,114.27,0,0,0,0
ORD_101_04738,PIN_068,Apparel,0,0.225,0.19776119402985073,0.4561,0.2,0,5,1,187,59,0.2528,132.11,1,0,0,0
ORD_101_04739,PIN_043,Apparel,0,0.34615384615384615,0.19776119402985073,-1.4387,0.2,1,3,1,102,40,0.3956,84.3,1,0,0,0
ORD_101_04740,PIN_060,Apparel,1,0.25806451612903225,0.19776119402985073,-1.1383,0.2,0,1,1,682,24,0.4016,124.73,0,0,0,0
ORD_101_04741,PIN_054,Books,0,0.34782608695652173,0.01764705882352941,2.974,0.25,1,1,1,64,62,0.2793,114.79,1,0,0,0
ORD_101_04742,PIN_010,Apparel,0,0.24444444444444444,0.19776119402985073,0.8171,2.0,0,2,1,298,46,0.2442,45.27,1,0,0,0
ORD_101_04743,PIN_072,Electronics,0,0.3548387096774194,0.5535911602209945,-1.1803,0.3333,0,3,1,110,56,0.4789,130.34,1,0,0,1
ORD_101_04744,PIN_034,Electronics,0,0.22580645161290322,0.5535911602209945,-1.6345,0.3333,0,2,1,118,38,0.435,72.55,1,0,0,1
ORD_101_04745,PIN_023,Electronics,0,0.1875,0.5535911602209945,-1.3024,0.3333,0,2,1,407,21,0.144,68.7,1,0,0,0
ORD_101_04746,PIN_035,Books,0,0.05714285714285714,0.01764705882352941,4.0,0.5,0,2,1,250,46,0.4287,66.41,0,0,0,0
ORD_101_04747,PIN_069,Home,0,0.25806451612903225,0.03017241379310345,-1.6503,0.25,0,2,1,58,24,0.324,135.59,0,0,0,0
ORD_101_04748,PIN_074,Electronics,0,0.23076923076923078,0.5535911602209945,-1.8605,0.3333,0,4,1,160,47,0.4255,143.43,1,0,0,1
ORD_101_04749,PIN_077,Electronics,0,0.358974358974359,0.5535911602209945,-1.1744,1.0,1,7,1,584,41,0.4492,143.88,0,0,0,0
ORD_101_04750,PIN_046,Apparel,0,0.23529411764705882,0.19776119402985073,0.2239,0.6,0,2,1,174,51,0.268,84.86,1,0,0,0
ORD_101_04751,PIN_001,Home,0,0.1282051282051282,0.03017241379310345,-0.5202,0.25,1,1,1,18,37,0.5985,15.28,1,0,0,0
ORD_101_04752,PIN_019,Apparel,1,0.13513513513513514,0.19776119402985073,4.0,0.6,1,4,1,638,65,0.6153,27.18,1,0,0,1
ORD_101_04753,PIN_068,Home,1,0.225,0.03017241379310345,0.2835,0.25,0,4,1,39,60,0.4111,131.45,1,0,0,0
ORD_101_04754,PIN_057,Electronics,0,0.25,0.5535911602209945,-1.7984,0.3333,0,2,1,583,65,0.406,106.67,1,0,0,0
ORD_101_04755,PIN_035,Home,0,0.05714285714285714,0.03017241379310345,-0.4786,0.25,0,1,1,468,33,0.4629,60.88,0,0,0,0
ORD_101_04756,PIN_065,Apparel,0,0.2619047619047619,0.19776119402985073,0.2501,0.2,0,3,1,135,56,0.1365,108.46,1,0,0,0
ORD_101_04757,PIN_066,Apparel,0,0.34210526315789475,0.19776119402985073,-1.3585,0.2,0,2,1,1,68,0.1197,132.34,1,0,0,0
ORD_101_04758,PIN_039,Electronics,1,0.2647058823529412,0.5535911602209945,-1.0576,0.6667,0,3,1,142,52,0.116,80.82,1,0,0,1
ORD_101_04759,PIN_048,Electronics,0,0.21621621621621623,0.5535911602209945,-1.5311,0.3333,0,5,1,668,21,0.2671,98.6,0,0,0,0
ORD_101_04760,PIN_056,Home,0,0.25,0.03017241379310345,-0.9961,2.5,1,3,1,30,39,0.3221,107.28,0,0,0,0
ORD_101_04761,PIN_078,Books,0,0.2647058823529412,0.01764705882352941,4.0,0.5,0,0,1,302,58,0.6946,126.0,1,0,0,0
ORD_101_04762,PIN_025,Electronics,0,0.21052631578947367,0.5535911602209945,-1.4233,0.3333,1,2,1,706,20,0.5461,62.6,1,0,0,1
ORD_101_04763,PIN_043,Home,0,0.34615384615384615,0.03017241379310345,-1.7091,0.25,1,1,1,207,53,0.1131,73.82,0,0,0,0
ORD_101_04764,PIN_012,Apparel,0,0.2571428571428571,0.19776119402985073,-1.3502,2.0,0,3,1,87,31,0.4422,13.65,0,0,0,0
ORD_101_04765,PIN_002,Beauty,0,0.15,0.02,3.7986,0.3333,1,3,1,881,67,0.0733,11.5,0,0,0,0
ORD_101_04766,PIN_006,Home,0,0.23529411764705882,0.03017241379310345,-0.4636,0.25,0,2,1,941,63,0.2104,12.84,0,0,0,0
ORD_101_04767,PIN_082,Apparel,0,0.25,0.19776119402985073,0.2745,0.2,0,6,1,493,55,0.341,157.21,1,0,0,0
ORD_101_04768,PIN_015,Books,0,0.1724137931034483,0.01764705882352941,4.0,0.5,0,2,1,432,76,0.158,18.58,1,0,0,0
ORD_101_04769,PIN_036,Apparel,0,0.3,0.19776119402985073,-1.3365,1.2,1,1,1,604,51,0.2856,56.08,0,0,0,0
ORD_101_04770,PIN_003,Electronics,0,0.275,0.5535911602209945,-1.6675,0.3333,0,6,1,272,51,0.069,8.39,1,0,0,0
ORD_101_04771,PIN_024,Apparel,0,0.26666666666666666,0.19776119402985073,4.0,0.8,0,4,1,136,50,0.4054,51.8,1,0,0,0
ORD_101_04772,PIN_013,Books,0,0.16666666666666666,0.01764705882352941,4.0,0.25,1,0,1,461,39,0.1543,27.48,1,0,0,0
ORD_101_04773,PIN_048,Apparel,0,0.21621621621621623,0.19776119402985073,1.2571,0.4,0,1,1,2,55,0.201,93.24,1,0,0,0
ORD_101_04774,PIN_045,Beauty,0,0.2777777777777778,0.02,4.0,0.3333,0,3,1,75,37,0.103,86.93,1,0,0,0
ORD_101_04775,PIN_029,Electronics,1,0.16666666666666666,0.5535911602209945,-1.8833,0.3333,0,5,1,318,27,0.408,63.2,1,0,0,1
ORD_101_04776,PIN_001,Beauty,0,0.1282051282051282,0.02,-0.8407,0.1667,0,3,2,680,45,0.1222,12.65,1,0,0,0
ORD_101_04777,PIN_021,Electronics,0,0.15151515151515152,0.5535911602209945,-0.7192,0.3333,0,6,1,47,62,0.1876,45.05,1,0,0,0
ORD_101_04778,PIN_055,Apparel,0,0.19047619047619047,0.19776119402985073,-0.674,0.2,0,2,1,30,40,0.2869,113.41,1,0,0,0
ORD_101_04779,PIN_013,Apparel,0,0.16666666666666666,0.19776119402985073,4.0,0.2,0,0,1,42,64,0.054,37.81,1,0,0,0
ORD_101_04780,PIN_011,Electronics,0,0.10810810810810811,0.5535911602209945,-1.4047,0.3333,0,1,1,109,16,0.1915,45.13,1,0,0,0
ORD_101_04781,PIN_024,Home,0,0.26666666666666666,0.03017241379310345,-1.69,0.25,0,2,1,1221,42,0.5304,43.04,0,0,0,0
ORD_101_04782,PIN_014,Apparel,0,0.20689655172413793,0.19776119402985073,1.3777,0.2,0,1,1,1452,75,0.1304,30.34,1,0,0,0
ORD_101_04783,PIN_045,Electronics,0,0.2777777777777778,0.5535911602209945,-1.6404,0.3333,0,4,1,108,41,0.2391,86.69,1,0,0,1
ORD_101_04784,PIN_029,Home,0,0.16666666666666666,0.03017241379310345,-1.3109,0.5,1,2,1,222,46,0.1337,58.58,1,0,0,0
ORD_101_04785,PIN_036,Apparel,0,0.3,0.19776119402985073,-0.0173,0.2,0,1,1,42,52,0.4184,71.2,0,0,0,0
ORD_101_04786,PIN_086,Apparel,0,0.3783783783783784,0.19776119402985073,-1.1053,0.8,1,0,1,357,38,0.3447,154.91,1,0,0,0
ORD_101_04787,PIN_006,Books,0,0.23529411764705882,0.01764705882352941,4.0,0.25,0,4,1,299,54,0.1411,27.75,1,0,0,0
ORD_101_04788,PIN_037,Apparel,0,0.21875,0.19776119402985073,3.8656,0.2,0,3,1,314,44,0.1162,86.0,0,0,0,0
ORD_101_04789,PIN_058,Apparel,1,0.28125,0.19776119402985073,1.9797,0.2,0,1,1,213,78,0.2064,130.49,1,0,0,0
ORD_101_04790,PIN_018,Electronics,0,0.18421052631578946,0.5535911602209945,-1.447,0.6667,0,2,1,810,17,0.0043,43.72,1,0,0,0
ORD_101_04791,PIN_062,Electronics,0,0.4,0.5535911602209945,-0.8974,0.3333,0,5,1,117,46,0.6375,123.34,1,0,0,1
ORD_101_04792,PIN_049,Apparel,0,0.23333333333333334,0.19776119402985073,1.0417,0.2,0,0,1,10,63,0.3572,84.21,1,0,0,0
ORD_101_04793,PIN_071,Apparel,0,0.43243243243243246,0.19776119402985073,-1.0882,1.0,0,5,1,941,38,0.3815,132.21,0,0,0,0
ORD_101_04794,PIN_029,Beauty,0,0.16666666666666666,0.02,2.211,0.3333,0,6,1,14,46,0.3825,64.51,0,0,0,0
ORD_101_04795,PIN_043,Electronics,0,0.34615384615384615,0.5535911602209945,-1.6008,0.3333,0,5,1,79,45,0.2297,82.16,0,0,0,0
ORD_101_04796,PIN_086,Books,1,0.3783783783783784,0.01764705882352941,4.0,0.5,0,3,2,42,40,0.1752,162.81,1,0,0,0
ORD_101_04797,PIN_068,Books,0,0.225,0.01764705882352941,4.0,0.25,0,4,2,42,31,0.2651,131.95,0,0,0,0
ORD_101_04798,PIN_025,Apparel,0,0.21052631578947367,0.19776119402985073,-0.0611,0.2,0,2,1,337,33,0.2838,62.77,1,0,0,0
ORD_101_04799,PIN_062,Apparel,0,0.4,0.19776119402985073,-0.8406,0.2,1,2,1,407,53,0.3542,102.28,0,0,0,0
ORD_101_04800,PIN_088,Electronics,0,0.29411764705882354,0.5535911602209945,-1.6234,0.3333,0,1,1,592,57,0.353,153.26,1,0,0,0
ORD_101_04801,PIN_014,Apparel,0,0.20689655172413793,0.19776119402985073,3.011,0.4,1,3,1,18,68,0.1308,37.8,1,0,0,0
ORD_101_04802,PIN_001,Apparel,0,0.1282051282051282,0.19776119402985073,-0.8911,0.4,0,0,1,229,51,0.1639,20.57,1,0,0,0
ORD_101_04803,PIN_002,Books,0,0.15,0.01764705882352941,4.0,0.25,1,2,1,98,27,0.3172,18.94,0,0,0,0
ORD_101_04804,PIN_064,Home,0,0.13157894736842105,0.03017241379310345,1.5612,0.25,0,2,1,33,47,0.0939,117.56,1,0,0,0
ORD_101_04805,PIN_068,Apparel,0,0.225,0.19776119402985073,-1.051,0.4,0,3,1,80,18,0.257,123.58,1,0,0,0
ORD_101_04806,PIN_078,Electronics,0,0.2647058823529412,0.5535911602209945,-0.5406,0.3333,0,4,1,378,60,0.282,130.72,0,0,0,0
ORD_101_04807,PIN_006,Apparel,1,0.23529411764705882,0.19776119402985073,0.9226,0.2,0,1,1,94,71,0.1148,18.23,1,0,0,0
ORD_101_04808,PIN_083,Electronics,0,0.3404255319148936,0.5535911602209945,-1.7874,0.6667,0,4,1,76,60,0.1456,164.63,1,0,0,1
ORD_101_04809,PIN_012,Apparel,0,0.2571428571428571,0.19776119402985073,0.1606,0.2,0,2,1,289,10,0.2483,40.2,1,0,0,0
ORD_101_04810,PIN_059,Electronics,0,0.21739130434782608,0.5535911602209945,0.056,0.3333,1,2,1,67,20,0.2192,103.7,0,0,0,0
ORD_101_04811,PIN_025,Apparel,0,0.21052631578947367,0.19776119402985073,-1.4745,0.2,0,2,1,92,39,0.1338,55.14,1,0,0,0
ORD_101_04812,PIN_079,Apparel,0,0.2571428571428571,0.19776119402985073,0.5968,0.2,0,1,1,286,47,0.2964,139.56,1,0,0,0
ORD_101_04813,PIN_074,Beauty,1,0.23076923076923078,0.02,0.9471,0.3333,1,4,1,419,20,0.4933,130.2,1,0,0,0
ORD_101_04814,PIN_038,Home,0,0.14634146341463414,0.03017241379310345,-1.799,0.25,0,0,1,785,64,0.1542,63.46,1,0,0,0
ORD_101_04815,PIN_022,Electronics,0,0.15384615384615385,0.5535911602209945,-0.5174,1.0,0,3,1,489,46,0.1743,48.78,1,0,0,0
ORD_101_04816,PIN_074,Home,0,0.23076923076923078,0.03017241379310345,-1.6068,1.25,0,3,1,705,25,0.2854,131.39,1,0,0,0
ORD_101_04817,PIN_057,Apparel,0,0.25,0.19776119402985073,4.0,0.6,0,0,1,28,51,0.3435,99.18,0,0,0,0
ORD_101_04818,PIN_076,Apparel,0,0.4117647058823529,0.19776119402985073,-0.314,0.2,1,1,1,298,50,0.518,143.7,0,0,0,0
ORD_101_04819,PIN_034,Apparel,0,0.22580645161290322,0.19776119402985073,-0.2607,2.0,0,1,1,167,39,0.4914,68.49,1,0,0,0
ORD_101_04820,PIN_047,Apparel,0,0.2727272727272727,0.19776119402985073,-0.1856,0.2,1,2,1,59,52,0.3649,98.96,1,0,0,0
ORD_101_04821,PIN_057,Electronics,0,0.25,0.5535911602209945,-1.883,0.3333,0,2,1,274,52,0.0935,116.61,1,0,0,0
ORD_101_04822,PIN_050,Apparel,0,0.375,0.19776119402985073,0.3317,0.2,1,1,1,431,26,0.2024,96.13,1,0,0,0
ORD_101_04823,PIN_050,Electronics,1,0.375,0.5535911602209945,-0.5854,0.3333,0,2,1,67,39,0.5941,93.62,1,0,0,1
ORD_101_04824,PIN_044,Beauty,0,0.21428571428571427,0.02,-1.3947,0.1667,0,3,1,78,40,0.3836,88.64,0,0,0,0
ORD_101_04825,PIN_056,Apparel,1,0.25,0.19776119402985073,1.1057,0.2,0,3,1,525,23,0.3639,111.78,1,0,0,1
ORD_101_04826,PIN_053,Apparel,0,0.22857142857142856,0.19776119402985073,4.0,0.2,0,5,1,224,31,0.3611,112.18,1,0,0,0
ORD_101_04827,PIN_035,Apparel,0,0.05714285714285714,0.19776119402985073,-0.7268,0.4,1,2,1,645,44,0.5662,64.24,1,0,0,0
ORD_101_04828,PIN_045,Home,0,0.2777777777777778,0.03017241379310345,-1.6589,0.25,0,2,1,129,35,0.4273,83.13,0,0,0,0
ORD_101_04829,PIN_052,Apparel,0,0.2571428571428571,0.19776119402985073,4.0,0.6,0,4,1,149,57,0.2103,98.48,0,0,0,0
ORD_101_04830,PIN_033,Beauty,0,0.15151515151515152,0.02,-0.6439,0.1667,1,3,1,8,74,0.2073,69.35,1,0,0,0
ORD_101_04831,PIN_004,Apparel,1,0.21212121212121213,0.19776119402985073,2.6293,2.0,1,5,1,180,39,0.2413,24.85,1,0,0,1
ORD_101_04832,PIN_063,Apparel,0,0.175,0.19776119402985073,-0.353,0.6,1,1,1,377,39,0.0571,116.75,1,0,0,0
ORD_101_04833,PIN_083,Home,0,0.3404255319148936,0.03017241379310345,-1.7971,0.25,0,2,1,153,29,0.2104,143.22,1,0,0,0
ORD_101_04834,PIN_027,Electronics,0,0.1875,0.5535911602209945,-1.8859,0.3333,1,4,1,106,73,0.3691,61.17,0,0,0,0
ORD_101_04835,PIN_065,Beauty,0,0.2619047619047619,0.02,-1.2212,0.1667,0,3,1,47,50,0.2032,109.65,1,0,0,0
ORD_101_04836,PIN_055,Home,0,0.19047619047619047,0.03017241379310345,-0.7433,0.25,0,3,1,31,36,0.1233,113.39,1,0,0,0
ORD_101_04837,PIN_051,Beauty,0,0.375,0.02,1.4218,0.1667,0,0,1,327,34,0.296,114.27,0,0,0,0
ORD_101_04838,PIN_078,Apparel,0,0.2647058823529412,0.19776119402985073,-0.7356,0.2,1,2,1,312,33,0.1846,144.04,1,0,0,0
ORD_101_04839,PIN_041,Electronics,1,0.21875,0.5535911602209945,-1.0703,0.3333,0,1,1,853,50,0.2217,90.02,0,0,0,0
ORD_101_04840,PIN_082,Apparel,0,0.25,0.19776119402985073,1.3829,0.2,0,2,1,109,43,0.3496,145.52,0,0,0,0
ORD_101_04841,PIN_077,Books,0,0.358974358974359,0.01764705882352941,2.7507,0.25,0,4,2,533,50,0.5965,151.21,0,0,0,0
ORD_101_04842,PIN_052,Electronics,0,0.2571428571428571,0.5535911602209945,-1.2069,0.3333,0,1,1,747,38,0.196,99.2,1,0,0,0
ORD_101_04843,PIN_006,Apparel,0,0.23529411764705882,0.19776119402985073,3.7362,0.4,1,4,1,230,16,0.2326,1.0,1,0,0,0
ORD_101_04844,PIN_050,Books,0,0.375,0.01764705882352941,4.0,0.25,0,3,1,141,33,0.2824,97.45,1,0,0,0
ORD_101_04845,PIN_007,Apparel,0,0.125,0.19776119402985073,1.8187,0.2,0,6,1,56,28,0.1449,1.0,1,0,0,0
ORD_101_04846,PIN_089,Apparel,0,0.3888888888888889,0.19776119402985073,-1.6413,0.2,0,2,1,258,23,0.0692,163.57,1,0,0,0
ORD_101_04847,PIN_024,Apparel,0,0.26666666666666666,0.19776119402985073,-0.7051,0.2,1,0,1,122,24,0.1801,62.39,1,0,0,0
ORD_101_04848,PIN_036,Electronics,0,0.3,0.5535911602209945,-0.6845,0.3333,0,2,1,174,51,0.1844,67.07,1,0,0,0
ORD_101_04849,PIN_006,Apparel,1,0.23529411764705882,0.19776119402985073,-0.3293,1.0,0,4,1,40,43,0.2412,15.32,1,0,0,1
ORD_101_04850,PIN_073,Electronics,0,0.25,0.5535911602209945,-1.6268,0.6667,0,4,1,188,47,0.4292,136.3,1,0,0,1
ORD_101_04851,PIN_014,Electronics,1,0.20689655172413793,0.5535911602209945,-1.9204,0.3333,0,2,2,171,29,0.1652,44.06,1,0,0,1
ORD_101_04852,PIN_001,Home,0,0.1282051282051282,0.03017241379310345,-0.9516,1.0,1,4,1,280,27,0.1995,9.41,0,0,0,0
ORD_101_04853,PIN_034,Apparel,2,0.22580645161290322,0.19776119402985073,1.7518,0.6,1,2,1,179,53,0.3185,73.07,0,0,0,0
ORD_101_04854,PIN_057,Apparel,0,0.25,0.19776119402985073,0.2015,0.2,0,3,1,149,58,0.3498,104.26,0,0,0,0
ORD_101_04855,PIN_023,Apparel,0,0.1875,0.19776119402985073,-0.7058,0.2,0,2,1,171,10,0.3972,57.58,0,0,0,0
ORD_101_04856,PIN_002,Home,0,0.15,0.03017241379310345,-0.4945,0.25,0,2,1,27,43,0.1636,8.08,1,0,0,0
ORD_101_04857,PIN_018,Apparel,0,0.18421052631578946,0.19776119402985073,-1.5978,0.2,0,2,1,144,50,0.2291,36.88,1,0,0,0
ORD_101_04858,PIN_075,Apparel,0,0.26666666666666666,0.19776119402985073,-1.6414,0.2,0,5,2,130,58,0.1889,134.7,1,0,0,1
ORD_101_04859,PIN_062,Apparel,0,0.4,0.19776119402985073,4.0,0.6,0,2,1,26,60,0.179,120.15,1,0,0,0
ORD_101_04860,PIN_085,Home,0,0.25,0.03017241379310345,0.3212,0.25,0,2,1,990,45,0.2003,149.54,0,0,0,0
ORD_101_04861,PIN_050,Electronics,0,0.375,0.5535911602209945,-1.3339,0.6667,0,3,1,212,43,0.2555,106.03,0,0,0,0
ORD_101_04862,PIN_025,Apparel,0,0.21052631578947367,0.19776119402985073,-0.04,2.0,0,3,2,332,60,0.1467,54.01,0,0,0,0
ORD_101_04863,PIN_023,Apparel,0,0.1875,0.19776119402985073,-0.1117,0.2,0,1,1,238,57,0.3523,40.77,0,0,0,0
ORD_101_04864,PIN_023,Home,0,0.1875,0.03017241379310345,0.9898,0.5,0,4,1,510,31,0.2814,44.17,1,0,0,0
ORD_101_04865,PIN_063,Books,0,0.175,0.01764705882352941,4.0,0.25,0,2,1,505,42,0.2384,111.18,1,0,0,0
ORD_101_04866,PIN_089,Apparel,0,0.3888888888888889,0.19776119402985073,-0.8417,0.2,0,4,1,136,38,0.678,167.05,1,0,0,1
ORD_101_04867,PIN_079,Home,0,0.2571428571428571,0.03017241379310345,-1.5461,0.5,1,2,1,14,81,0.1766,147.15,1,0,0,0
ORD_101_04868,PIN_058,Home,0,0.28125,0.03017241379310345,2.4139,1.0,1,3,2,163,37,0.0551,119.11,1,0,0,0
ORD_101_04869,PIN_033,Electronics,0,0.15151515151515152,0.5535911602209945,-0.5897,0.6667,0,3,1,59,19,0.1779,75.43,1,0,0,1
ORD_101_04870,PIN_051,Electronics,0,0.375,0.5535911602209945,-1.2095,0.6667,0,4,1,328,26,0.0188,96.32,1,0,0,0
ORD_101_04871,PIN_023,Beauty,0,0.1875,0.02,-1.431,0.8333,0,1,1,364,50,0.2037,45.63,1,0,0,0
ORD_101_04872,PIN_043,Apparel,0,0.34615384615384615,0.19776119402985073,3.0639,0.2,0,2,1,53,48,0.2747,81.39,1,0,0,0
ORD_101_04873,PIN_061,Apparel,0,0.45454545454545453,0.19776119402985073,4.0,0.2,0,2,1,811,57,0.0153,106.81,0,0,0,0
ORD_101_04874,PIN_022,Electronics,0,0.15384615384615385,0.5535911602209945,0.1935,0.3333,0,3,1,5,35,0.1617,52.9,1,0,0,0
ORD_101_04875,PIN_084,Electronics,0,0.28,0.5535911602209945,-0.5616,0.3333,0,2,2,734,20,0.1615,143.37,1,0,0,1
ORD_101_04876,PIN_047,Electronics,0,0.2727272727272727,0.5535911602209945,-1.9152,0.3333,0,1,1,363,14,0.0604,95.69,1,0,0,0
ORD_101_04877,PIN_022,Apparel,0,0.15384615384615385,0.19776119402985073,-1.6494,0.2,0,1,1,826,42,0.5646,59.05,1,0,0,0
ORD_101_04878,PIN_067,Books,0,0.19444444444444445,0.01764705882352941,4.0,0.25,0,2,2,102,59,0.1997,131.83,1,0,0,0
ORD_101_04879,PIN_010,Apparel,0,0.24444444444444444,0.19776119402985073,0.2969,0.2,0,1,1,54,35,0.1053,31.07,0,0,0,0
ORD_101_04880,PIN_073,Apparel,0,0.25,0.19776119402985073,-0.8293,0.2,0,4,1,143,63,0.5308,142.33,1,0,0,1
ORD_101_04881,PIN_064,Apparel,0,0.13157894736842105,0.19776119402985073,-1.5439,0.2,0,1,1,204,24,0.0765,113.25,0,0,0,0
ORD_101_04882,PIN_060,Home,0,0.25806451612903225,0.03017241379310345,1.6904,0.25,0,3,1,68,32,0.1554,120.6,1,0,0,0
ORD_101_04883,PIN_052,Electronics,0,0.2571428571428571,0.5535911602209945,-1.6542,0.3333,1,3,1,502,59,0.4844,100.29,0,0,0,0
ORD_101_04884,PIN_050,Apparel,1,0.375,0.19776119402985073,-1.1048,0.2,0,5,1,476,58,0.3393,88.95,1,0,0,1
ORD_101_04885,PIN_057,Apparel,1,0.25,0.19776119402985073,3.3077,0.2,1,4,1,110,48,0.2851,104.34,1,0,0,1
ORD_101_04886,PIN_057,Apparel,0,0.25,0.19776119402985073,1.429,0.2,0,4,1,536,39,0.1512,108.26,0,0,0,0
ORD_101_04887,PIN_071,Books,0,0.43243243243243246,0.01764705882352941,-1.0867,0.25,0,2,1,776,40,0.4862,138.39,0,0,0,0
ORD_101_04888,PIN_059,Home,0,0.21739130434782608,0.03017241379310345,-1.2475,0.5,0,4,1,504,43,0.4456,100.87,0,0,0,0
ORD_101_04889,PIN_026,Home,0,0.1891891891891892,0.03017241379310345,0.1546,0.25,0,1,1,56,21,0.4039,51.72,0,0,0,0
ORD_101_04890,PIN_009,Electronics,0,0.23684210526315788,0.5535911602209945,-1.7332,0.3333,0,4,1,640,42,0.4468,25.21,0,0,0,0
ORD_101_04891,PIN_083,Home,0,0.3404255319148936,0.03017241379310345,-0.8644,0.5,0,2,1,214,17,0.1572,153.9,0,0,0,0
ORD_101_04892,PIN_026,Electronics,0,0.1891891891891892,0.5535911602209945,-1.2703,0.3333,0,3,1,49,58,0.389,59.09,0,0,0,0
ORD_101_04893,PIN_027,Electronics,0,0.1875,0.5535911602209945,0.2175,0.3333,1,1,1,25,56,0.018,43.27,1,0,0,0
ORD_101_04894,PIN_053,Books,0,0.22857142857142856,0.01764705882352941,4.0,0.25,0,2,1,69,45,0.3906,98.05,1,0,0,0
ORD_101_04895,PIN_004,Home,0,0.21212121212121213,0.03017241379310345,-0.4842,0.25,0,2,1,69,61,0.355,15.68,1,0,0,0
ORD_101_04896,PIN_018,Apparel,1,0.18421052631578946,0.19776119402985073,0.6384,0.4,0,1,1,142,53,0.368,44.66,0,0,0,0
ORD_101_04897,PIN_051,Electronics,0,0.375,0.5535911602209945,-0.8554,0.3333,0,3,1,72,55,0.2803,110.58,1,0,0,1
ORD_101_04898,PIN_044,Electronics,1,0.21428571428571427,0.5535911602209945,0.4676,0.3333,0,2,1,755,49,0.5697,72.04,0,0,0,0
ORD_101_04899,PIN_003,Beauty,1,0.275,0.02,0.6022,0.1667,0,1,1,6,31,0.3116,23.22,1,0,0,0
ORD_101_04900,PIN_066,Electronics,1,0.34210526315789475,0.5535911602209945,-0.3197,0.3333,0,2,2,125,65,0.245,116.41,1,0,0,1
ORD_101_04901,PIN_041,Home,0,0.21875,0.03017241379310345,0.3347,0.75,0,1,1,80,28,0.5225,79.89,0,0,0,0
ORD_101_04902,PIN_004,Electronics,2,0.21212121212121213,0.5535911602209945,-1.7159,0.3333,0,4,1,103,50,0.4467,16.53,0,0,0,0
ORD_101_04903,PIN_065,Apparel,0,0.2619047619047619,0.19776119402985073,1.9607,0.2,0,3,1,638,47,0.3375,127.86,1,0,0,0
ORD_101_04904,PIN_037,Apparel,0,0.21875,0.19776119402985073,4.0,0.2,0,4,1,25,23,0.7539,80.91,1,0,0,1
ORD_101_04905,PIN_036,Beauty,0,0.3,0.02,1.0703,0.5,0,3,2,134,45,0.511,71.38,0,0,0,0
ORD_101_04906,PIN_089,Electronics,0,0.3888888888888889,0.5535911602209945,-1.8841,0.3333,1,2,1,74,27,0.4292,165.28,1,0,0,1
ORD_101_04907,PIN_050,Beauty,0,0.375,0.02,4.0,0.1667,0,1,1,54,52,0.2652,102.1,1,0,0,0
ORD_101_04908,PIN_008,Home,0,0.14285714285714285,0.03017241379310345,-1.5639,0.25,0,0,1,131,36,0.2942,19.82,1,0,0,0
ORD_101_04909,PIN_029,Books,0,0.16666666666666666,0.01764705882352941,0.1261,0.25,1,2,1,370,30,0.3961,61.49,1,0,0,0
ORD_101_04910,PIN_074,Books,0,0.23076923076923078,0.01764705882352941,4.0,0.25,0,1,1,594,54,0.3123,134.94,1,0,0,0
ORD_101_04911,PIN_021,Apparel,0,0.15151515151515152,0.19776119402985073,1.1032,0.2,0,6,1,66,43,0.5453,57.05,0,0,0,0
ORD_101_04912,PIN_028,Books,0,0.0625,0.01764705882352941,4.0,0.25,0,5,1,312,46,0.3023,60.36,1,0,0,0
ORD_101_04913,PIN_027,Apparel,1,0.1875,0.19776119402985073,4.0,0.2,0,4,1,82,43,0.2845,59.44,1,0,0,1
ORD_101_04914,PIN_010,Home,0,0.24444444444444444,0.03017241379310345,0.5723,0.25,1,2,1,139,46,0.1632,23.56,0,0,0,0
ORD_101_04915,PIN_085,Electronics,0,0.25,0.5535911602209945,-1.5376,0.3333,0,4,1,348,39,0.191,142.41,1,0,0,1
ORD_101_04916,PIN_071,Apparel,2,0.43243243243243246,0.19776119402985073,-0.6912,0.2,1,2,2,479,45,0.2168,128.35,1,0,0,1
ORD_101_04917,PIN_022,Apparel,0,0.15384615384615385,0.19776119402985073,-0.5677,0.2,1,2,1,225,43,0.1896,49.86,0,0,0,0
ORD_101_04918,PIN_011,Apparel,0,0.10810810810810811,0.19776119402985073,2.3476,2.0,1,1,1,126,38,0.2897,24.83,1,0,0,0
ORD_101_04919,PIN_076,Apparel,2,0.4117647058823529,0.19776119402985073,2.7488,0.2,1,1,1,241,40,0.2012,135.92,1,0,0,1
ORD_101_04920,PIN_003,Electronics,1,0.275,0.5535911602209945,-1.8818,0.3333,0,2,1,159,44,0.2353,11.41,1,0,0,1
ORD_101_04921,PIN_016,Beauty,0,0.20930232558139536,0.02,3.6218,0.3333,0,2,1,817,56,0.4265,24.63,0,0,0,0
ORD_101_04922,PIN_029,Electronics,0,0.16666666666666666,0.5535911602209945,-1.1104,0.3333,0,2,1,172,34,0.1843,37.8,0,0,0,0
ORD_101_04923,PIN_008,Apparel,2,0.14285714285714285,0.19776119402985073,2.409,2.0,0,6,1,270,35,0.1695,21.59,1,0,0,1
ORD_101_04924,PIN_055,Electronics,0,0.19047619047619047,0.5535911602209945,-1.6018,0.3333,0,2,1,45,44,0.3521,111.99,1,0,0,1
ORD_101_04925,PIN_062,Apparel,0,0.4,0.19776119402985073,1.4879,0.2,0,2,1,1331,33,0.3078,110.97,0,0,0,0
ORD_101_04926,PIN_074,Home,0,0.23076923076923078,0.03017241379310345,-1.2227,0.25,0,1,1,36,38,0.0661,150.91,1,0,0,0
ORD_101_04927,PIN_038,Home,0,0.14634146341463414,0.03017241379310345,-0.9562,0.25,0,4,1,18,27,0.4196,75.34,0,0,0,0
ORD_101_04928,PIN_062,Electronics,0,0.4,0.5535911602209945,-1.6776,0.3333,0,3,1,73,47,0.2797,117.14,0,0,0,0
ORD_101_04929,PIN_041,Books,0,0.21875,0.01764705882352941,4.0,0.25,0,4,1,89,61,0.3604,82.27,1,0,0,0
ORD_101_04930,PIN_034,Apparel,0,0.22580645161290322,0.19776119402985073,0.1589,0.2,1,4,1,14,74,0.2707,64.84,0,0,0,0
ORD_101_04931,PIN_072,Apparel,0,0.3548387096774194,0.19776119402985073,1.106,0.2,0,0,1,35,55,0.1831,125.49,0,0,0,0
ORD_101_04932,PIN_070,Books,0,0.2682926829268293,0.01764705882352941,3.5122,0.25,0,5,1,245,31,0.6392,123.71,1,0,0,0
ORD_101_04933,PIN_067,Electronics,0,0.19444444444444445,0.5535911602209945,-1.8226,0.6667,1,2,1,87,50,0.2831,121.7,0,0,0,0
ORD_101_04934,PIN_052,Electronics,1,0.2571428571428571,0.5535911602209945,1.7632,0.3333,0,5,1,398,67,0.2441,98.69,1,0,0,1
ORD_101_04935,PIN_023,Books,0,0.1875,0.01764705882352941,0.5761,0.25,0,4,1,245,63,0.2614,55.04,1,0,0,0
ORD_101_04936,PIN_052,Electronics,0,0.2571428571428571,0.5535911602209945,-0.7933,0.3333,0,1,1,550,54,0.1709,116.21,0,0,0,0
ORD_101_04937,PIN_032,Books,0,0.11538461538461539,0.01764705882352941,0.8703,0.25,0,3,1,88,28,0.3933,78.58,1,0,0,0
ORD_101_04938,PIN_016,Electronics,1,0.20930232558139536,0.5535911602209945,-1.4304,0.3333,0,2,1,94,44,0.2722,43.51,1,0,0,1
ORD_101_04939,PIN_054,Beauty,1,0.34782608695652173,0.02,4.0,0.1667,0,3,1,605,66,0.0936,104.4,1,0,0,0
ORD_101_04940,PIN_072,Home,0,0.3548387096774194,0.03017241379310345,-1.3091,0.25,1,4,1,27,65,0.1443,128.25,1,0,0,0
ORD_101_04941,PIN_077,Home,0,0.358974358974359,0.03017241379310345,-1.0616,0.25,1,1,1,14,65,0.2293,133.36,1,0,0,0
ORD_101_04942,PIN_049,Apparel,1,0.23333333333333334,0.19776119402985073,-0.4352,0.2,0,2,1,219,26,0.1228,95.31,0,0,0,0
ORD_101_04943,PIN_020,Apparel,0,0.2413793103448276,0.19776119402985073,4.0,0.2,0,2,2,411,44,0.1272,45.0,0,0,0,0
ORD_101_04944,PIN_074,Electronics,0,0.23076923076923078,0.5535911602209945,-1.8602,0.3333,0,3,1,79,44,0.1861,126.24,0,0,0,0
ORD_101_04945,PIN_009,Apparel,0,0.23684210526315788,0.19776119402985073,0.2827,0.4,0,6,1,459,49,0.4069,23.49,0,0,0,0
ORD_101_04946,PIN_055,Beauty,0,0.19047619047619047,0.02,4.0,0.1667,0,2,1,149,25,0.2045,101.33,0,0,0,0
ORD_101_04947,PIN_041,Books,0,0.21875,0.01764705882352941,4.0,0.25,0,2,1,80,39,0.0622,85.72,1,0,0,0
ORD_101_04948,PIN_045,Books,0,0.2777777777777778,0.01764705882352941,4.0,0.5,0,2,1,334,54,0.1153,96.83,0,0,0,0
ORD_101_04949,PIN_031,Electronics,0,0.1875,0.5535911602209945,-1.5016,0.3333,1,5,1,417,25,0.58,63.18,1,0,0,1
ORD_101_04950,PIN_051,Apparel,0,0.375,0.19776119402985073,3.0442,1.0,0,0,1,26,19,0.2109,80.53,1,0,0,0
ORD_101_04951,PIN_067,Electronics,1,0.19444444444444445,0.5535911602209945,-0.949,0.3333,1,4,1,126,90,0.1478,126.28,0,0,0,0
ORD_101_04952,PIN_006,Apparel,0,0.23529411764705882,0.19776119402985073,-0.962,0.2,0,3,1,26,44,0.3314,14.31,0,0,0,0
ORD_101_04953,PIN_022,Home,0,0.15384615384615385,0.03017241379310345,-1.3083,0.25,0,4,1,22,58,0.2665,49.86,0,0,0,0
ORD_101_04954,PIN_082,Apparel,0,0.25,0.19776119402985073,1.4696,0.4,0,5,2,91,51,0.4756,145.35,0,0,0,0
ORD_101_04955,PIN_005,Home,0,0.06666666666666667,0.03017241379310345,1.8157,0.5,0,4,1,307,31,0.1904,22.5,1,0,0,0
ORD_101_04956,PIN_019,Beauty,0,0.13513513513513514,0.02,0.0779,0.1667,0,3,1,632,10,0.1467,40.86,0,0,0,0
ORD_101_04957,PIN_024,Apparel,0,0.26666666666666666,0.19776119402985073,4.0,0.8,1,1,2,456,39,0.2059,43.61,1,0,0,0
ORD_101_04958,PIN_058,Books,0,0.28125,0.01764705882352941,3.7173,0.5,0,1,1,1510,11,0.5828,105.89,1,0,0,0
ORD_101_04959,PIN_064,Home,1,0.13157894736842105,0.03017241379310345,-1.6148,0.5,1,7,1,335,56,0.0711,118.62,1,0,0,0
ORD_101_04960,PIN_074,Electronics,0,0.23076923076923078,0.5535911602209945,-1.5738,0.3333,0,1,1,470,55,0.2661,145.67,0,0,0,0
ORD_101_04961,PIN_028,Electronics,1,0.0625,0.5535911602209945,-0.3374,0.6667,0,1,1,470,27,0.1505,42.23,0,0,0,0
ORD_101_04962,PIN_055,Apparel,1,0.19047619047619047,0.19776119402985073,1.2129,0.2,0,0,1,386,52,0.1518,90.0,0,0,0,0
ORD_101_04963,PIN_080,Home,0,0.32,0.03017241379310345,-0.7878,0.25,0,1,2,469,70,0.2549,133.53,0,0,0,0
ORD_101_04964,PIN_021,Home,0,0.15151515151515152,0.03017241379310345,0.4346,1.0,0,2,1,368,65,0.2905,47.69,0,0,0,0
ORD_101_04965,PIN_083,Beauty,0,0.3404255319148936,0.02,4.0,0.1667,0,2,2,498,43,0.0765,147.5,0,0,0,0
ORD_101_04966,PIN_082,Electronics,0,0.25,0.5535911602209945,-1.1986,0.3333,0,1,1,222,36,0.2328,149.81,1,0,0,0
ORD_101_04967,PIN_080,Apparel,0,0.32,0.19776119402985073,3.3134,0.2,1,1,1,230,45,0.8274,146.74,0,0,0,0
ORD_101_04968,PIN_088,Apparel,0,0.29411764705882354,0.19776119402985073,3.601,0.2,0,3,1,153,37,0.5693,146.5,0,0,0,0
ORD_101_04969,PIN_051,Electronics,0,0.375,0.5535911602209945,-0.8673,0.3333,0,4,1,40,17,0.264,89.66,1,0,0,1
ORD_101_04970,PIN_010,Beauty,0,0.24444444444444444,0.02,1.1688,0.3333,0,1,1,597,36,0.1478,30.89,1,0,0,0
ORD_101_04971,PIN_062,Apparel,0,0.4,0.19776119402985073,-0.4962,0.2,0,1,1,483,35,0.154,130.26,0,0,0,0
ORD_101_04972,PIN_037,Home,0,0.21875,0.03017241379310345,-0.139,0.25,1,2,1,689,29,0.2253,56.47,0,0,0,0
ORD_101_04973,PIN_057,Electronics,0,0.25,0.5535911602209945,-0.6925,0.6667,1,4,1,113,52,0.1031,104.58,0,0,0,0
ORD_101_04974,PIN_050,Apparel,0,0.375,0.19776119402985073,-1.2297,0.2,1,1,3,72,62,0.6258,102.39,0,0,0,0
ORD_101_04975,PIN_063,Electronics,0,0.175,0.5535911602209945,-1.7604,3.3333,0,1,1,688,47,0.1127,112.88,0,0,0,0
ORD_101_04976,PIN_053,Electronics,0,0.22857142857142856,0.5535911602209945,-1.1874,0.3333,1,6,3,157,39,0.1952,98.43,1,0,0,1
ORD_101_04977,PIN_042,Beauty,1,0.25,0.02,-0.4625,0.1667,1,0,1,59,18,0.0147,97.67,1,0,0,0
ORD_101_04978,PIN_004,Apparel,1,0.21212121212121213,0.19776119402985073,-1.5013,0.2,0,4,1,49,51,0.3309,15.66,1,0,0,1
ORD_101_04979,PIN_036,Electronics,0,0.3,0.5535911602209945,-1.7047,0.3333,0,6,1,348,46,0.3161,69.49,0,0,0,0
ORD_101_04980,PIN_004,Apparel,0,0.21212121212121213,0.19776119402985073,0.6948,0.2,0,0,1,950,69,0.1228,8.6,0,0,0,0
ORD_101_04981,PIN_016,Beauty,1,0.20930232558139536,0.02,-0.4087,0.3333,0,2,1,676,64,0.5146,32.63,1,0,0,0
ORD_101_04982,PIN_062,Books,1,0.4,0.01764705882352941,4.0,0.5,0,0,1,296,58,0.1775,117.6,0,0,0,0
ORD_101_04983,PIN_045,Apparel,0,0.2777777777777778,0.19776119402985073,-1.5207,0.2,0,2,1,17,37,0.2313,88.61,1,0,0,0
ORD_101_04984,PIN_026,Electronics,1,0.1891891891891892,0.5535911602209945,-1.5227,0.3333,0,0,2,1012,14,0.216,47.23,1,0,0,0
ORD_101_04985,PIN_086,Apparel,0,0.3783783783783784,0.19776119402985073,-0.4035,0.4,0,4,1,49,12,0.2944,163.7,0,0,0,0
ORD_101_04986,PIN_071,Apparel,0,0.43243243243243246,0.19776119402985073,3.1357,0.2,1,1,1,34,73,0.1168,116.41,0,0,0,0
ORD_101_04987,PIN_061,Apparel,0,0.45454545454545453,0.19776119402985073,-0.9512,0.2,0,1,1,219,41,0.3436,110.73,1,0,0,0
ORD_101_04988,PIN_074,Beauty,0,0.23076923076923078,0.02,-1.1898,0.3333,0,3,1,559,56,0.2406,141.24,0,0,0,0
ORD_101_04989,PIN_029,Home,0,0.16666666666666666,0.03017241379310345,-1.2054,0.25,1,0,1,89,32,0.354,60.19,1,0,0,0
ORD_101_04990,PIN_022,Electronics,0,0.15384615384615385,0.5535911602209945,-0.4155,0.3333,0,2,1,251,44,0.4253,42.65,1,0,0,1
ORD_101_04991,PIN_044,Electronics,1,0.21428571428571427,0.5535911602209945,-1.9285,0.3333,0,3,2,33,43,0.6767,78.7,1,0,0,1
ORD_101_04992,PIN_011,Apparel,0,0.10810810810810811,0.19776119402985073,3.4697,0.6,0,4,1,193,19,0.3862,36.09,1,0,0,0
ORD_101_04993,PIN_034,Apparel,0,0.22580645161290322,0.19776119402985073,4.0,0.2,0,2,1,401,34,0.4384,65.89,0,0,0,0
ORD_101_04994,PIN_062,Books,0,0.4,0.01764705882352941,1.8817,0.25,0,0,1,192,50,0.0526,113.33,0,0,0,0
ORD_101_04995,PIN_085,Beauty,2,0.25,0.02,-0.715,0.1667,0,5,1,83,56,0.3556,162.93,1,0,0,1
ORD_101_04996,PIN_017,Electronics,0,0.24242424242424243,0.5535911602209945,-0.8974,0.3333,0,3,2,1071,35,0.0725,31.79,0,0,0,0
ORD_101_04997,PIN_039,Electronics,0,0.2647058823529412,0.5535911602209945,-1.0221,0.6667,0,1,1,176,61,0.1699,77.99,0,0,0,0
ORD_101_04998,PIN_006,Beauty,0,0.23529411764705882,0.02,1.3214,0.1667,1,3,1,169,34,0.4907,20.74,0,0,0,0
ORD_101_04999,PIN_041,Apparel,1,0.21875,0.19776119402985073,4.0,0.4,0,4,1,43,67,0.1371,78.03,0,0,0,0
